"stringId_A","stringId_B","preferredName_A","preferredName_B","ncbiTaxonId","score","nscore","fscore","pscore","ascore","escore","dscore","tscore"
"9606.ENSP00000169298","9606.ENSP00000281923","ST6GAL1","MGAT5",9606,0.737,0,0,0,0.061,0,0,0.731
"9606.ENSP00000175091","9606.ENSP00000230449","LAPTM4A","EXOC2",9606,0.428,0,0,0,0,0,0,0.428
"9606.ENSP00000204726","9606.ENSP00000312664","GOLGA3","CASP2",9606,0.495,0,0,0,0.063,0.052,0,0.477
"9606.ENSP00000204726","9606.ENSP00000234160","GOLGA3","GORASP2",9606,0.612,0,0,0,0.065,0,0,0.602
"9606.ENSP00000216297","9606.ENSP00000374212","SUPT16H","EP400",9606,0.402,0,0,0,0.118,0.188,0,0.232
"9606.ENSP00000216297","9606.ENSP00000262518","SUPT16H","SRCAP",9606,0.402,0,0,0,0.081,0.188,0,0.263
"9606.ENSP00000216297","9606.ENSP00000460348","SUPT16H","PRPF8",9606,0.414,0,0,0,0.199,0.208,0,0.15
"9606.ENSP00000216297","9606.ENSP00000358563","SUPT16H","DKC1",9606,0.417,0,0,0,0.137,0.209,0,0.215
"9606.ENSP00000216297","9606.ENSP00000449396","SUPT16H","SMARCC2",9606,0.423,0,0,0,0.137,0.128,0,0.294
"9606.ENSP00000216297","9606.ENSP00000302640","SUPT16H","UBTF",9606,0.431,0,0,0,0.156,0.136,0,0.282
"9606.ENSP00000216297","9606.ENSP00000378702","SUPT16H","BRD2",9606,0.436,0,0,0,0.058,0.311,0,0.201
"9606.ENSP00000216297","9606.ENSP00000405965","SUPT16H","SUMO2",9606,0.436,0,0,0,0.082,0.329,0,0.158
"9606.ENSP00000216297","9606.ENSP00000323421","SUPT16H","SMC1A",9606,0.437,0,0,0,0.325,0.094,0,0.153
"9606.ENSP00000216297","9606.ENSP00000404121","SUPT16H","ILF3",9606,0.438,0,0,0,0.338,0.187,0,0
"9606.ENSP00000216297","9606.ENSP00000371321","SUPT16H","RFC1",9606,0.458,0,0,0,0.34,0.095,0,0.166
"9606.ENSP00000216297","9606.ENSP00000359531","SUPT16H","GTF2B",9606,0.463,0,0,0,0.11,0.088,0,0.392
"9606.ENSP00000216297","9606.ENSP00000480987","SUPT16H","MCM3",9606,0.47,0,0,0,0.338,0,0,0.233
"9606.ENSP00000216297","9606.ENSP00000358140","SUPT16H","EIF3A",9606,0.471,0,0,0,0.19,0,0,0.374
"9606.ENSP00000216297","9606.ENSP00000371638","SUPT16H","SMARCA2",9606,0.488,0,0,0,0.054,0.144,0,0.418
"9606.ENSP00000216297","9606.ENSP00000380659","SUPT16H","EIF4ENIF1",9606,0.499,0,0,0,0.058,0.414,0,0.166
"9606.ENSP00000216297","9606.ENSP00000342434","SUPT16H","BAZ1B",9606,0.538,0,0,0,0.192,0.099,0,0.416
"9606.ENSP00000216297","9606.ENSP00000301764","SUPT16H","DDB1",9606,0.567,0,0,0,0.074,0.421,0,0.258
"9606.ENSP00000216297","9606.ENSP00000262519","SUPT16H","SETD1A",9606,0.609,0,0,0,0.11,0.116,0,0.542
"9606.ENSP00000216297","9606.ENSP00000365588","SUPT16H","MDC1",9606,0.612,0,0,0,0.107,0,0.5,0.202
"9606.ENSP00000216297","9606.ENSP00000318195","SUPT16H","NCL",9606,0.636,0,0,0,0.278,0,0,0.516
"9606.ENSP00000216297","9606.ENSP00000356520","SUPT16H","DHX9",9606,0.641,0,0,0,0.434,0.186,0,0.282
"9606.ENSP00000216297","9606.ENSP00000363642","SUPT16H","BMS1",9606,0.667,0,0,0,0.489,0,0,0.376
"9606.ENSP00000216297","9606.ENSP00000355759","SUPT16H","PARP1",9606,0.694,0,0,0,0.215,0.456,0,0.342
"9606.ENSP00000216297","9606.ENSP00000254480","SUPT16H","SMARCC1",9606,0.777,0,0,0,0.347,0.128,0,0.64
"9606.ENSP00000216297","9606.ENSP00000368358","SUPT16H","POLA1",9606,0.811,0,0,0,0.176,0.416,0,0.639
"9606.ENSP00000216297","9606.ENSP00000461879","SUPT16H","POLR2A",9606,0.994,0,0,0,0.142,0.945,0.5,0.806
"9606.ENSP00000218348","9606.ENSP00000301764","USP11","DDB1",9606,0.415,0,0,0,0.088,0.292,0,0.167
"9606.ENSP00000218348","9606.ENSP00000360609","USP11","HSP90AB1",9606,0.42,0,0,0,0.101,0.306,0,0.144
"9606.ENSP00000218348","9606.ENSP00000483236","USP11","DCAF7",9606,0.421,0,0,0,0.075,0,0.4,0
"9606.ENSP00000218348","9606.ENSP00000449386","USP11","SART3",9606,0.423,0,0,0,0.084,0,0,0.396
"9606.ENSP00000218348","9606.ENSP00000350267","USP11","BRPF3",9606,0.425,0,0,0,0.047,0.421,0,0
"9606.ENSP00000218348","9606.ENSP00000405965","USP11","SUMO2",9606,0.427,0,0,0,0.049,0.292,0,0.218
"9606.ENSP00000218348","9606.ENSP00000340648","USP11","HUWE1",9606,0.432,0,0,0,0.202,0,0,0.318
"9606.ENSP00000218348","9606.ENSP00000263857","USP11","POLR1A",9606,0.537,0,0,0,0.142,0.443,0,0.108
"9606.ENSP00000218348","9606.ENSP00000355759","USP11","PARP1",9606,0.62,0,0,0,0.061,0.51,0,0.242
"9606.ENSP00000218348","9606.ENSP00000426503","USP11","RNF4",9606,0.626,0,0,0,0.074,0.292,0,0.475
"9606.ENSP00000218348","9606.ENSP00000343535","USP11","USP7",9606,0.966,0,0,0,0.079,0.821,0,0.815
"9606.ENSP00000230449","9606.ENSP00000267113","EXOC2","ESYT1",9606,0.405,0,0,0,0.163,0.201,0,0.182
"9606.ENSP00000230449","9606.ENSP00000420213","EXOC2","FLNB",9606,0.571,0,0,0,0.07,0,0,0.557
"9606.ENSP00000233468","9606.ENSP00000376077","SF3B6","SUMO1",9606,0.413,0,0,0,0.395,0,0,0.07
"9606.ENSP00000233468","9606.ENSP00000404121","SF3B6","ILF3",9606,0.439,0,0,0,0.324,0.205,0,0
"9606.ENSP00000233468","9606.ENSP00000268482","SF3B6","DHX38",9606,0.566,0,0,0,0.065,0,0.4,0.29
"9606.ENSP00000233468","9606.ENSP00000261167","SF3B6","WBP11",9606,0.808,0,0,0,0.082,0.8,0,0
"9606.ENSP00000233468","9606.ENSP00000301740","SF3B6","SRRM2",9606,0.841,0,0,0,0.082,0.8,0,0.208
"9606.ENSP00000233468","9606.ENSP00000317123","SF3B6","SNRNP200",9606,0.874,0,0,0,0.169,0.8,0,0.305
"9606.ENSP00000233468","9606.ENSP00000326261","SF3B6","SRRM1",9606,0.897,0,0,0,0.127,0.8,0,0.457
"9606.ENSP00000233468","9606.ENSP00000464050","SF3B6","DDX42",9606,0.94,0,0,0,0.067,0.414,0.9,0
"9606.ENSP00000233468","9606.ENSP00000460348","SF3B6","PRPF8",9606,0.953,0,0,0,0.163,0.93,0,0.259
"9606.ENSP00000233468","9606.ENSP00000305790","SF3B6","SF3B3",9606,0.999,0,0,0,0.142,0.998,0.9,0.99
"9606.ENSP00000234160","9606.ENSP00000378721","GORASP2","SEC31A",9606,0.446,0,0,0,0.274,0,0,0.268
"9606.ENSP00000250454","9606.ENSP00000317123","EAPP","SNRNP200",9606,0.867,0,0,0,0.042,0.836,0,0.223
"9606.ENSP00000250454","9606.ENSP00000460348","EAPP","PRPF8",9606,0.926,0,0,0,0,0.836,0,0.569
"9606.ENSP00000254480","9606.ENSP00000355759","SMARCC1","PARP1",9606,0.402,0,0,0,0.231,0.125,0,0.183
"9606.ENSP00000254480","9606.ENSP00000262518","SMARCC1","SRCAP",9606,0.46,0,0,0,0.144,0.125,0,0.336
"9606.ENSP00000254480","9606.ENSP00000405965","SMARCC1","SUMO2",9606,0.465,0,0,0,0.057,0.093,0,0.425
"9606.ENSP00000254480","9606.ENSP00000374212","SMARCC1","EP400",9606,0.557,0,0,0,0.188,0.125,0,0.425
"9606.ENSP00000254480","9606.ENSP00000461879","SMARCC1","POLR2A",9606,0.608,0,0,0,0.216,0,0,0.521
"9606.ENSP00000254480","9606.ENSP00000365588","SMARCC1","MDC1",9606,0.727,0,0,0,0.092,0.69,0,0.106
"9606.ENSP00000254480","9606.ENSP00000378402","SMARCC1","SIN3A",9606,0.772,0,0,0,0.169,0.628,0,0.322
"9606.ENSP00000254480","9606.ENSP00000378702","SMARCC1","BRD2",9606,0.829,0,0,0,0.089,0.612,0,0.555
"9606.ENSP00000254480","9606.ENSP00000342434","SMARCC1","BAZ1B",9606,0.883,0,0,0,0.124,0.564,0,0.717
"9606.ENSP00000254480","9606.ENSP00000449396","SMARCC1","SMARCC2",9606,0.999,0,0,0.059,0.075,0.919,0.9,0.983
"9606.ENSP00000254480","9606.ENSP00000371638","SMARCC1","SMARCA2",9606,0.999,0,0,0,0.081,0.963,0.9,0.996
"9606.ENSP00000254508","9606.ENSP00000268482","NUP210","DHX38",9606,0.407,0,0,0,0.052,0,0.4,0
"9606.ENSP00000254508","9606.ENSP00000285873","NUP210","GEMIN5",9606,0.409,0,0,0,0.056,0,0.4,0
"9606.ENSP00000254508","9606.ENSP00000405965","NUP210","SUMO2",9606,0.414,0,0,0,0.044,0,0.4,0.062
"9606.ENSP00000254508","9606.ENSP00000321706","NUP210","GEMIN4",9606,0.415,0,0,0,0.066,0,0.4,0
"9606.ENSP00000254508","9606.ENSP00000297185","NUP210","HSPA9",9606,0.429,0,0,0,0.076,0,0.4,0.053
"9606.ENSP00000254508","9606.ENSP00000376077","NUP210","SUMO1",9606,0.465,0,0,0,0.049,0,0.4,0.138
"9606.ENSP00000254508","9606.ENSP00000326261","NUP210","SRRM1",9606,0.504,0,0,0,0.049,0,0.5,0
"9606.ENSP00000254508","9606.ENSP00000261396","NUP210","NUP133",9606,0.979,0,0,0,0.11,0.813,0.5,0.779
"9606.ENSP00000254508","9606.ENSP00000361658","NUP210","NUP188",9606,0.992,0,0,0,0.122,0.8,0.8,0.819
"9606.ENSP00000254719","9606.ENSP00000356520","RPA1","DHX9",9606,0.427,0,0,0,0.091,0.076,0,0.373
"9606.ENSP00000254719","9606.ENSP00000426503","RPA1","RNF4",9606,0.513,0,0,0,0.081,0.292,0,0.312
"9606.ENSP00000254719","9606.ENSP00000376077","RPA1","SUMO1",9606,0.618,0,0,0,0.072,0.067,0.5,0.221
"9606.ENSP00000254719","9606.ENSP00000300738","RPA1","RRM1",9606,0.708,0,0,0,0.541,0,0,0.39
"9606.ENSP00000254719","9606.ENSP00000261772","RPA1","AARS1",9606,0.724,0,0,0,0.059,0.065,0,0.712
"9606.ENSP00000254719","9606.ENSP00000301764","RPA1","DDB1",9606,0.739,0,0,0,0.082,0.076,0.5,0.459
"9606.ENSP00000254719","9606.ENSP00000405965","RPA1","SUMO2",9606,0.801,0,0,0,0.061,0.071,0.5,0.597
"9606.ENSP00000254719","9606.ENSP00000365588","RPA1","MDC1",9606,0.812,0,0,0,0.073,0.473,0,0.646
"9606.ENSP00000254719","9606.ENSP00000355759","RPA1","PARP1",9606,0.825,0,0,0,0.27,0.323,0.5,0.377
"9606.ENSP00000254719","9606.ENSP00000371321","RPA1","RFC1",9606,0.874,0,0,0,0.263,0.427,0.5,0.474
"9606.ENSP00000254719","9606.ENSP00000480987","RPA1","MCM3",9606,0.938,0,0,0,0.439,0.334,0.72,0.477
"9606.ENSP00000254719","9606.ENSP00000368358","RPA1","POLA1",9606,0.979,0,0,0,0.219,0.573,0.9,0.449
"9606.ENSP00000255882","9606.ENSP00000263847","PI4KA","OSBP",9606,0.715,0,0,0,0.063,0,0,0.708
"9606.ENSP00000256398","9606.ENSP00000358812","ELP3","PDCD11",9606,0.403,0.1,0,0,0.364,0,0,0
"9606.ENSP00000256398","9606.ENSP00000497609","ELP3","INO80",9606,0.41,0,0,0,0.074,0,0,0.389
"9606.ENSP00000256398","9606.ENSP00000339145","ELP3","RRP1B",9606,0.43,0,0,0,0.396,0.095,0,0
"9606.ENSP00000256398","9606.ENSP00000449386","ELP3","SART3",9606,0.483,0,0,0,0.483,0,0,0
"9606.ENSP00000256398","9606.ENSP00000297990","ELP3","NOL6",9606,0.508,0,0,0,0.508,0,0,0
"9606.ENSP00000256398","9606.ENSP00000257829","ELP3","NAT10",9606,0.55,0,0,0,0.392,0,0,0.29
"9606.ENSP00000256398","9606.ENSP00000259021","ELP3","KAT7",9606,0.609,0,0,0,0.049,0.091,0,0.584
"9606.ENSP00000256474","9606.ENSP00000360609","VHL","HSP90AB1",9606,0.4,0,0,0,0,0,0,0.4
"9606.ENSP00000256474","9606.ENSP00000314709","VHL","ZHX2",9606,0.454,0,0,0,0.067,0.306,0,0.224
"9606.ENSP00000256474","9606.ENSP00000307272","VHL","RPTOR",9606,0.486,0,0,0,0.139,0.33,0,0.181
"9606.ENSP00000256474","9606.ENSP00000376077","VHL","SUMO1",9606,0.642,0,0,0,0,0.304,0.4,0.211
"9606.ENSP00000256474","9606.ENSP00000289371","VHL","EIF5B",9606,0.801,0,0,0,0,0,0,0.801
"9606.ENSP00000256474","9606.ENSP00000461879","VHL","POLR2A",9606,0.844,0,0,0,0.065,0.693,0,0.5
"9606.ENSP00000256474","9606.ENSP00000371638","VHL","SMARCA2",9606,0.91,0,0,0,0.105,0.9,0,0.085
"9606.ENSP00000257829","9606.ENSP00000289371","NAT10","EIF5B",9606,0.405,0,0,0,0.388,0,0,0.067
"9606.ENSP00000257829","9606.ENSP00000268482","NAT10","DHX38",9606,0.417,0,0,0,0.273,0.178,0,0.102
"9606.ENSP00000257829","9606.ENSP00000302640","NAT10","UBTF",9606,0.421,0,0,0,0.261,0,0,0.248
"9606.ENSP00000257829","9606.ENSP00000355890","NAT10","EPRS1",9606,0.427,0,0,0,0.343,0,0,0.164
"9606.ENSP00000257829","9606.ENSP00000305790","NAT10","SF3B3",9606,0.45,0,0,0,0.387,0,0,0.139
"9606.ENSP00000257829","9606.ENSP00000355759","NAT10","PARP1",9606,0.486,0,0,0,0.166,0.328,0,0.156
"9606.ENSP00000257829","9606.ENSP00000425979","NAT10","DROSHA",9606,0.488,0,0,0,0.457,0,0,0.097
"9606.ENSP00000257829","9606.ENSP00000356520","NAT10","DHX9",9606,0.5,0,0,0,0.33,0.178,0,0.165
"9606.ENSP00000257829","9606.ENSP00000265351","NAT10","XPO5",9606,0.537,0,0,0,0.499,0,0,0.115
"9606.ENSP00000257829","9606.ENSP00000449386","NAT10","SART3",9606,0.546,0,0,0,0.442,0,0,0.22
"9606.ENSP00000257829","9606.ENSP00000263073","NAT10","SMG6",9606,0.593,0,0,0,0.078,0,0.54,0.117
"9606.ENSP00000257829","9606.ENSP00000366135","NAT10","EXOSC10",9606,0.608,0,0,0,0.561,0.091,0,0.098
"9606.ENSP00000257829","9606.ENSP00000300648","NAT10","GCN1",9606,0.69,0,0,0,0.66,0.126,0,0
"9606.ENSP00000257829","9606.ENSP00000339145","NAT10","RRP1B",9606,0.768,0,0,0,0.648,0.292,0,0.145
"9606.ENSP00000257829","9606.ENSP00000498803","NAT10","KRI1",9606,0.796,0,0,0,0.624,0.096,0,0.449
"9606.ENSP00000257829","9606.ENSP00000385410","NAT10","NOLC1",9606,0.804,0,0,0,0.784,0,0,0.131
"9606.ENSP00000257829","9606.ENSP00000481495","NAT10","DDX24",9606,0.862,0,0,0,0.834,0.098,0,0.15
"9606.ENSP00000257829","9606.ENSP00000483495","NAT10","DDX27",9606,0.874,0,0,0,0.848,0.099,0,0.158
"9606.ENSP00000257829","9606.ENSP00000370968","NAT10","MYBBP1A",9606,0.914,0,0,0,0.904,0,0,0.144
"9606.ENSP00000257829","9606.ENSP00000263857","NAT10","POLR1A",9606,0.964,0,0,0,0.957,0,0,0.198
"9606.ENSP00000257829","9606.ENSP00000358563","NAT10","DKC1",9606,0.992,0,0,0,0.864,0.399,0.72,0.713
"9606.ENSP00000257829","9606.ENSP00000355541","NAT10","HEATR1",9606,0.999,0,0,0,0.917,0.981,0,0.672
"9606.ENSP00000257829","9606.ENSP00000405068","NAT10","NOP14",9606,0.999,0,0,0,0.882,0.966,0,0.782
"9606.ENSP00000257829","9606.ENSP00000297990","NAT10","NOL6",9606,0.999,0,0,0,0.926,0.991,0,0.416
"9606.ENSP00000257829","9606.ENSP00000358812","NAT10","PDCD11",9606,0.999,0,0,0,0.972,0.941,0,0.551
"9606.ENSP00000257829","9606.ENSP00000363642","NAT10","BMS1",9606,0.999,0,0,0,0.952,0.991,0,0.762
"9606.ENSP00000259021","9606.ENSP00000262519","KAT7","SETD1A",9606,0.455,0,0.009,0,0.118,0.099,0,0.369
"9606.ENSP00000259021","9606.ENSP00000340271","KAT7","TAF3",9606,0.474,0,0,0,0.056,0,0,0.465
"9606.ENSP00000259021","9606.ENSP00000480987","KAT7","MCM3",9606,0.579,0,0,0,0.076,0.071,0,0.549
"9606.ENSP00000259021","9606.ENSP00000352925","KAT7","TRRAP",9606,0.696,0,0,0,0.072,0.511,0,0.385
"9606.ENSP00000259021","9606.ENSP00000378702","KAT7","BRD2",9606,0.753,0,0,0,0.06,0.354,0,0.625
"9606.ENSP00000259021","9606.ENSP00000282605","KAT7","JADE2",9606,0.973,0,0,0,0.044,0.839,0.5,0.696
"9606.ENSP00000259021","9606.ENSP00000350267","KAT7","BRPF3",9606,0.998,0,0,0,0.058,0.883,0.9,0.916
"9606.ENSP00000261167","9606.ENSP00000355541","WBP11","HEATR1",9606,0.407,0,0,0,0.127,0,0,0.349
"9606.ENSP00000261167","9606.ENSP00000305790","WBP11","SF3B3",9606,0.805,0,0,0,0.068,0.8,0,0
"9606.ENSP00000261167","9606.ENSP00000356520","WBP11","DHX9",9606,0.819,0,0,0,0.128,0,0.8,0.046
"9606.ENSP00000261167","9606.ENSP00000301740","WBP11","SRRM2",9606,0.836,0,0,0,0.108,0,0.8,0.159
"9606.ENSP00000261167","9606.ENSP00000317123","WBP11","SNRNP200",9606,0.84,0,0,0,0.101,0.8,0,0.186
"9606.ENSP00000261167","9606.ENSP00000460348","WBP11","PRPF8",9606,0.864,0,0,0,0.177,0.82,0,0.158
"9606.ENSP00000261167","9606.ENSP00000326261","WBP11","SRRM1",9606,0.977,0,0,0,0.277,0.8,0.8,0.323
"9606.ENSP00000261254","9606.ENSP00000352516","CCND2","DNMT1",9606,0.433,0,0,0,0.101,0.045,0,0.393
"9606.ENSP00000261396","9606.ENSP00000265351","NUP133","XPO5",9606,0.415,0,0,0,0.268,0.098,0,0.186
"9606.ENSP00000261396","9606.ENSP00000355541","NUP133","HEATR1",9606,0.421,0,0,0,0.333,0,0,0.167
"9606.ENSP00000261396","9606.ENSP00000325017","NUP133","NCAPD2",9606,0.438,0,0,0,0.336,0,0,0.188
"9606.ENSP00000261396","9606.ENSP00000297185","NUP133","HSPA9",9606,0.482,0,0,0,0.125,0.094,0.4,0
"9606.ENSP00000261396","9606.ENSP00000321706","NUP133","GEMIN4",9606,0.489,0,0,0,0.13,0,0.4,0.099
"9606.ENSP00000261396","9606.ENSP00000268482","NUP133","DHX38",9606,0.489,0,0,0,0.127,0,0.4,0.102
"9606.ENSP00000261396","9606.ENSP00000405965","NUP133","SUMO2",9606,0.498,0,0,0,0.093,0.083,0.4,0.114
"9606.ENSP00000261396","9606.ENSP00000355759","NUP133","PARP1",9606,0.513,0,0,0,0.285,0,0,0.347
"9606.ENSP00000261396","9606.ENSP00000480987","NUP133","MCM3",9606,0.543,0,0,0,0.243,0,0,0.421
"9606.ENSP00000261396","9606.ENSP00000285873","NUP133","GEMIN5",9606,0.578,0,0,0,0.327,0,0.4,0
"9606.ENSP00000261396","9606.ENSP00000376077","NUP133","SUMO1",9606,0.626,0,0,0,0.179,0.076,0.4,0.276
"9606.ENSP00000261396","9606.ENSP00000290231","NUP133","NCOA5",9606,0.668,0,0,0,0.126,0.516,0,0.279
"9606.ENSP00000261396","9606.ENSP00000326261","NUP133","SRRM1",9606,0.676,0,0,0,0.075,0,0.5,0.357
"9606.ENSP00000261396","9606.ENSP00000426503","NUP133","RNF4",9606,0.717,0,0,0,0.063,0,0,0.71
"9606.ENSP00000261396","9606.ENSP00000361658","NUP133","NUP188",9606,0.976,0,0,0,0.203,0.8,0.5,0.742
"9606.ENSP00000261772","9606.ENSP00000348965","AARS1","DYNC1H1",9606,0.413,0,0,0,0.062,0,0,0.4
"9606.ENSP00000261772","9606.ENSP00000263857","AARS1","POLR1A",9606,0.462,0.057,0,0,0.31,0,0,0.24
"9606.ENSP00000261772","9606.ENSP00000480150","AARS1","HYOU1",9606,0.709,0.041,0,0,0.107,0.069,0,0.678
"9606.ENSP00000261772","9606.ENSP00000289371","AARS1","EIF5B",9606,0.715,0,0,0,0.204,0,0,0.656
"9606.ENSP00000261772","9606.ENSP00000498867","AARS1","LARS2",9606,0.929,0.102,0,0,0.396,0,0,0.879
"9606.ENSP00000261772","9606.ENSP00000377954","AARS1","LARS1",9606,0.968,0.102,0,0,0.44,0.562,0,0.873
"9606.ENSP00000261772","9606.ENSP00000355890","AARS1","EPRS1",9606,0.976,0.106,0,0,0.746,0,0,0.902
"9606.ENSP00000261772","9606.ENSP00000364794","AARS1","IARS1",9606,0.98,0.095,0,0,0.508,0.69,0,0.874
"9606.ENSP00000262518","9606.ENSP00000262519","SRCAP","SETD1A",9606,0.468,0,0,0,0.218,0.112,0,0.295
"9606.ENSP00000262518","9606.ENSP00000449396","SRCAP","SMARCC2",9606,0.47,0,0,0,0.159,0.125,0,0.337
"9606.ENSP00000262518","9606.ENSP00000342434","SRCAP","BAZ1B",9606,0.487,0,0,0,0.197,0.181,0,0.283
"9606.ENSP00000262518","9606.ENSP00000301740","SRCAP","SRRM2",9606,0.505,0,0,0,0.422,0.096,0,0.128
"9606.ENSP00000262518","9606.ENSP00000378702","SRCAP","BRD2",9606,0.515,0,0,0,0.118,0.314,0,0.263
"9606.ENSP00000262518","9606.ENSP00000371638","SRCAP","SMARCA2",9606,0.683,0,0,0.144,0.076,0.113,0,0.601
"9606.ENSP00000262518","9606.ENSP00000497609","SRCAP","INO80",9606,0.716,0,0,0.113,0.137,0.062,0.54,0.274
"9606.ENSP00000262518","9606.ENSP00000374212","SRCAP","EP400",9606,0.903,0,0,0,0.4,0,0.54,0.677
"9606.ENSP00000262518","9606.ENSP00000352925","SRCAP","TRRAP",9606,0.93,0,0,0,0.444,0.294,0.54,0.661
"9606.ENSP00000262519","9606.ENSP00000371638","SETD1A","SMARCA2",9606,0.431,0,0,0,0.054,0.068,0,0.406
"9606.ENSP00000262519","9606.ENSP00000352516","SETD1A","DNMT1",9606,0.497,0,0,0,0.06,0.053,0,0.481
"9606.ENSP00000262519","9606.ENSP00000340271","SETD1A","TAF3",9606,0.512,0,0,0,0.082,0,0,0.49
"9606.ENSP00000262519","9606.ENSP00000374212","SETD1A","EP400",9606,0.59,0,0,0,0.37,0.112,0,0.327
"9606.ENSP00000262519","9606.ENSP00000379915","SETD1A","ATN1",9606,0.615,0,0,0,0.145,0.33,0,0.382
"9606.ENSP00000262519","9606.ENSP00000378402","SETD1A","SIN3A",9606,0.705,0,0,0,0.097,0.069,0.5,0.381
"9606.ENSP00000262519","9606.ENSP00000282605","SETD1A","JADE2",9606,0.73,0,0,0,0.078,0,0,0.719
"9606.ENSP00000262519","9606.ENSP00000350676","SETD1A","PHF8",9606,0.855,0,0,0,0.124,0.354,0,0.765
"9606.ENSP00000262519","9606.ENSP00000461879","SETD1A","POLR2A",9606,0.868,0,0,0,0.162,0.479,0,0.723
"9606.ENSP00000262519","9606.ENSP00000309555","SETD1A","HCFC1",9606,0.999,0,0,0,0.214,0.797,0.9,0.989
"9606.ENSP00000263073","9606.ENSP00000268482","SMG6","DHX38",9606,0.443,0,0,0,0.437,0,0,0.052
"9606.ENSP00000263073","9606.ENSP00000281513","SMG6","NBAS",9606,0.566,0,0,0,0.138,0,0,0.517
"9606.ENSP00000263073","9606.ENSP00000358563","SMG6","DKC1",9606,0.824,0,0,0,0.054,0.138,0.54,0.588
"9606.ENSP00000263847","9606.ENSP00000267113","OSBP","ESYT1",9606,0.719,0,0,0,0.094,0.218,0,0.635
"9606.ENSP00000263857","9606.ENSP00000374212","POLR1A","EP400",9606,0.412,0,0,0,0.218,0.277,0,0.045
"9606.ENSP00000263857","9606.ENSP00000461879","POLR1A","POLR2A",9606,0.418,0,0,0,0.117,0.223,0,0.219
"9606.ENSP00000263857","9606.ENSP00000359531","POLR1A","GTF2B",9606,0.419,0,0,0,0.049,0,0,0.414
"9606.ENSP00000263857","9606.ENSP00000481495","POLR1A","DDX24",9606,0.462,0,0,0,0.385,0.09,0,0.115
"9606.ENSP00000263857","9606.ENSP00000498867","POLR1A","LARS2",9606,0.484,0,0,0,0.312,0,0,0.281
"9606.ENSP00000263857","9606.ENSP00000364794","POLR1A","IARS1",9606,0.495,0.096,0,0,0.285,0,0,0.281
"9606.ENSP00000263857","9606.ENSP00000265351","POLR1A","XPO5",9606,0.502,0,0,0,0.502,0,0,0
"9606.ENSP00000263857","9606.ENSP00000497609","POLR1A","INO80",9606,0.506,0,0,0,0.201,0.405,0,0.045
"9606.ENSP00000263857","9606.ENSP00000377954","POLR1A","LARS1",9606,0.537,0,0,0,0.382,0,0,0.281
"9606.ENSP00000263857","9606.ENSP00000366135","POLR1A","EXOSC10",9606,0.557,0.043,0,0,0.534,0,0,0.086
"9606.ENSP00000263857","9606.ENSP00000300648","POLR1A","GCN1",9606,0.584,0,0,0,0.584,0,0,0
"9606.ENSP00000263857","9606.ENSP00000342434","POLR1A","BAZ1B",9606,0.589,0,0,0,0.103,0,0.5,0.159
"9606.ENSP00000263857","9606.ENSP00000339145","POLR1A","RRP1B",9606,0.689,0,0,0,0.615,0,0,0.224
"9606.ENSP00000263857","9606.ENSP00000483495","POLR1A","DDX27",9606,0.708,0,0,0,0.663,0.099,0,0.115
"9606.ENSP00000263857","9606.ENSP00000318195","POLR1A","NCL",9606,0.776,0,0,0,0.128,0.053,0,0.751
"9606.ENSP00000263857","9606.ENSP00000355890","POLR1A","EPRS1",9606,0.788,0.041,0,0,0.686,0,0,0.352
"9606.ENSP00000263857","9606.ENSP00000367028","POLR1A","TCOF1",9606,0.809,0,0,0,0.179,0.292,0,0.698
"9606.ENSP00000263857","9606.ENSP00000289371","POLR1A","EIF5B",9606,0.813,0.057,0,0,0.675,0.252,0,0.281
"9606.ENSP00000263857","9606.ENSP00000405068","POLR1A","NOP14",9606,0.845,0,0,0,0.837,0,0,0.086
"9606.ENSP00000263857","9606.ENSP00000358563","POLR1A","DKC1",9606,0.89,0,0,0,0.602,0.25,0,0.661
"9606.ENSP00000263857","9606.ENSP00000355541","POLR1A","HEATR1",9606,0.938,0,0,0,0.883,0.284,0,0.318
"9606.ENSP00000263857","9606.ENSP00000297990","POLR1A","NOL6",9606,0.938,0,0,0,0.924,0,0,0.219
"9606.ENSP00000263857","9606.ENSP00000363642","POLR1A","BMS1",9606,0.938,0,0,0,0.931,0,0,0.134
"9606.ENSP00000263857","9606.ENSP00000302640","POLR1A","UBTF",9606,0.957,0,0,0,0.085,0.54,0.5,0.819
"9606.ENSP00000263857","9606.ENSP00000370968","POLR1A","MYBBP1A",9606,0.964,0,0,0,0.878,0.292,0.5,0.283
"9606.ENSP00000263857","9606.ENSP00000385410","POLR1A","NOLC1",9606,0.972,0,0,0,0.62,0.51,0,0.862
"9606.ENSP00000263857","9606.ENSP00000358812","POLR1A","PDCD11",9606,0.985,0,0,0,0.943,0.624,0,0.349
"9606.ENSP00000264705","9606.ENSP00000304592","CAD","FASN",9606,0.452,0,0,0,0.11,0.292,0,0.201
"9606.ENSP00000264705","9606.ENSP00000358812","CAD","PDCD11",9606,0.458,0.057,0,0,0.261,0.095,0,0.243
"9606.ENSP00000264705","9606.ENSP00000364794","CAD","IARS1",9606,0.523,0.079,0,0,0.283,0.184,0,0.219
"9606.ENSP00000264705","9606.ENSP00000355890","CAD","EPRS1",9606,0.548,0.1,0,0,0.208,0.229,0,0.273
"9606.ENSP00000264705","9606.ENSP00000360268","CAD","ALDH18A1",9606,0.796,0.102,0,0,0.106,0,0.585,0.46
"9606.ENSP00000264933","9606.ENSP00000378721","PDCD6","SEC31A",9606,0.999,0,0,0,0.049,0.981,0.9,0.819
"9606.ENSP00000265351","9606.ENSP00000290231","XPO5","NCOA5",9606,0.414,0,0,0,0.117,0.298,0,0.131
"9606.ENSP00000265351","9606.ENSP00000306123","XPO5","RPAP1",9606,0.468,0,0,0,0.465,0,0,0.048
"9606.ENSP00000265351","9606.ENSP00000340648","XPO5","HUWE1",9606,0.481,0,0,0,0.125,0,0,0.431
"9606.ENSP00000265351","9606.ENSP00000297990","XPO5","NOL6",9606,0.551,0,0,0,0.551,0,0,0
"9606.ENSP00000265351","9606.ENSP00000300648","XPO5","GCN1",9606,0.649,0,0,0,0.622,0,0,0.109
"9606.ENSP00000265351","9606.ENSP00000321706","XPO5","GEMIN4",9606,0.662,0,0,0,0.232,0,0,0.578
"9606.ENSP00000265351","9606.ENSP00000370968","XPO5","MYBBP1A",9606,0.794,0,0,0,0.275,0,0.72,0.07
"9606.ENSP00000265351","9606.ENSP00000361658","XPO5","NUP188",9606,0.817,0,0,0,0.792,0,0,0.155
"9606.ENSP00000265351","9606.ENSP00000356520","XPO5","DHX9",9606,0.931,0,0,0,0.162,0.045,0.9,0.248
"9606.ENSP00000265351","9606.ENSP00000425979","XPO5","DROSHA",9606,0.946,0,0,0,0.157,0,0,0.938
"9606.ENSP00000265351","9606.ENSP00000404121","XPO5","ILF3",9606,0.952,0,0,0,0.107,0.625,0,0.869
"9606.ENSP00000267116","9606.ENSP00000398798","ANKRD52","ZNF142",9606,0.504,0,0,0,0.477,0.091,0,0
"9606.ENSP00000267116","9606.ENSP00000316527","ANKRD52","ZNF609",9606,0.63,0,0,0,0.171,0,0,0.572
"9606.ENSP00000267116","9606.ENSP00000378275","ANKRD52","PAIP2",9606,0.67,0,0,0,0,0,0,0.67
"9606.ENSP00000268482","9606.ENSP00000366135","DHX38","EXOSC10",9606,0.406,0,0,0,0.209,0.153,0,0.184
"9606.ENSP00000268482","9606.ENSP00000363642","DHX38","BMS1",9606,0.437,0,0,0,0.231,0.239,0,0.115
"9606.ENSP00000268482","9606.ENSP00000405068","DHX38","NOP14",9606,0.455,0,0.033,0,0.266,0.27,0,0.065
"9606.ENSP00000268482","9606.ENSP00000358812","DHX38","PDCD11",9606,0.475,0.061,0,0,0.218,0.257,0,0.15
"9606.ENSP00000268482","9606.ENSP00000483495","DHX38","DDX27",9606,0.505,0,0,0,0.099,0.122,0,0.425
"9606.ENSP00000268482","9606.ENSP00000361658","DHX38","NUP188",9606,0.512,0,0,0,0.22,0,0.4,0
"9606.ENSP00000268482","9606.ENSP00000297990","DHX38","NOL6",9606,0.528,0,0,0,0.367,0.27,0,0.062
"9606.ENSP00000268482","9606.ENSP00000449386","DHX38","SART3",9606,0.631,0,0,0,0.367,0,0,0.441
"9606.ENSP00000268482","9606.ENSP00000464050","DHX38","DDX42",9606,0.721,0,0,0,0.206,0.122,0.4,0.412
"9606.ENSP00000268482","9606.ENSP00000278070","DHX38","PPRC1",9606,0.726,0,0,0,0.196,0.637,0,0.137
"9606.ENSP00000268482","9606.ENSP00000305790","DHX38","SF3B3",9606,0.8,0,0,0,0.067,0.234,0.4,0.59
"9606.ENSP00000268482","9606.ENSP00000326261","DHX38","SRRM1",9606,0.841,0,0,0,0.067,0,0.8,0.22
"9606.ENSP00000268482","9606.ENSP00000301740","DHX38","SRRM2",9606,0.995,0,0,0,0.073,0.958,0.8,0.491
"9606.ENSP00000268482","9606.ENSP00000460348","DHX38","PRPF8",9606,0.998,0,0,0,0.156,0.994,0,0.626
"9606.ENSP00000268482","9606.ENSP00000317123","DHX38","SNRNP200",9606,0.999,0,0,0,0.083,0.995,0,0.906
"9606.ENSP00000278070","9606.ENSP00000358563","PPRC1","DKC1",9606,0.41,0,0,0,0.366,0,0,0.108
"9606.ENSP00000278070","9606.ENSP00000370968","PPRC1","MYBBP1A",9606,0.412,0,0,0,0.361,0.092,0,0.068
"9606.ENSP00000278070","9606.ENSP00000358812","PPRC1","PDCD11",9606,0.421,0,0,0,0.421,0,0,0
"9606.ENSP00000278070","9606.ENSP00000297990","PPRC1","NOL6",9606,0.431,0,0,0,0.4,0,0,0.091
"9606.ENSP00000278070","9606.ENSP00000301740","PPRC1","SRRM2",9606,0.47,0,0,0,0.106,0.415,0,0.069
"9606.ENSP00000278070","9606.ENSP00000385410","PPRC1","NOLC1",9606,0.485,0,0.25,0,0.285,0,0,0.117
"9606.ENSP00000278070","9606.ENSP00000305790","PPRC1","SF3B3",9606,0.525,0,0,0,0.191,0.406,0,0.091
"9606.ENSP00000278070","9606.ENSP00000317123","PPRC1","SNRNP200",9606,0.804,0,0,0,0.062,0.783,0,0.116
"9606.ENSP00000278070","9606.ENSP00000460348","PPRC1","PRPF8",9606,0.831,0,0,0,0.118,0.784,0,0.187
"9606.ENSP00000278070","9606.ENSP00000309555","PPRC1","HCFC1",9606,0.899,0,0,0,0.149,0,0.8,0.456
"9606.ENSP00000281923","9606.ENSP00000285873","MGAT5","GEMIN5",9606,0.416,0,0,0,0.067,0,0,0.4
"9606.ENSP00000282605","9606.ENSP00000481495","JADE2","DDX24",9606,0.401,0,0,0,0.075,0,0,0.379
"9606.ENSP00000282605","9606.ENSP00000349205","JADE2","PIK3R4",9606,0.45,0,0,0,0.06,0.439,0,0
"9606.ENSP00000282605","9606.ENSP00000350267","JADE2","BRPF3",9606,0.546,0,0,0,0.06,0.225,0,0.428
"9606.ENSP00000285873","9606.ENSP00000361658","GEMIN5","NUP188",9606,0.424,0,0,0,0.08,0,0.4,0
"9606.ENSP00000285873","9606.ENSP00000449386","GEMIN5","SART3",9606,0.438,0,0,0,0.206,0,0,0.322
"9606.ENSP00000285873","9606.ENSP00000289371","GEMIN5","EIF5B",9606,0.453,0,0,0,0.124,0,0,0.401
"9606.ENSP00000285873","9606.ENSP00000358563","GEMIN5","DKC1",9606,0.467,0,0,0,0.074,0,0,0.449
"9606.ENSP00000285873","9606.ENSP00000355541","GEMIN5","HEATR1",9606,0.473,0,0,0,0.473,0,0,0
"9606.ENSP00000285873","9606.ENSP00000318195","GEMIN5","NCL",9606,0.481,0,0,0,0.067,0,0,0.466
"9606.ENSP00000285873","9606.ENSP00000385410","GEMIN5","NOLC1",9606,0.577,0,0,0,0.222,0,0,0.479
"9606.ENSP00000285873","9606.ENSP00000339145","GEMIN5","RRP1B",9606,0.649,0,0,0,0.486,0.292,0,0.114
"9606.ENSP00000285873","9606.ENSP00000321706","GEMIN5","GEMIN4",9606,0.999,0,0,0,0.21,0.696,0.9,0.993
"9606.ENSP00000286835","9606.ENSP00000339145","SCAF4","RRP1B",9606,0.402,0,0,0,0.085,0,0,0.374
"9606.ENSP00000286835","9606.ENSP00000366135","SCAF4","EXOSC10",9606,0.596,0,0,0,0.136,0.451,0,0.216
"9606.ENSP00000286835","9606.ENSP00000358064","SCAF4","RPRD2",9606,0.654,0,0,0,0.169,0.248,0,0.49
"9606.ENSP00000286835","9606.ENSP00000461879","SCAF4","POLR2A",9606,0.918,0,0,0,0.303,0.822,0,0.394
"9606.ENSP00000289371","9606.ENSP00000360609","EIF5B","HSP90AB1",9606,0.408,0.057,0,0,0.117,0.051,0,0.339
"9606.ENSP00000289371","9606.ENSP00000483495","EIF5B","DDX27",9606,0.424,0,0,0,0.314,0.128,0,0.115
"9606.ENSP00000289371","9606.ENSP00000461879","EIF5B","POLR2A",9606,0.426,0,0,0,0.111,0,0,0.38
"9606.ENSP00000289371","9606.ENSP00000352516","EIF5B","DNMT1",9606,0.452,0,0,0,0.113,0.266,0,0.226
"9606.ENSP00000289371","9606.ENSP00000318195","EIF5B","NCL",9606,0.504,0,0,0,0.227,0.225,0,0.239
"9606.ENSP00000289371","9606.ENSP00000425979","EIF5B","DROSHA",9606,0.512,0.1,0,0,0.198,0.14,0,0.306
"9606.ENSP00000289371","9606.ENSP00000498867","EIF5B","LARS2",9606,0.646,0.11,0,0,0.164,0.141,0,0.512
"9606.ENSP00000289371","9606.ENSP00000364794","EIF5B","IARS1",9606,0.664,0.102,0,0,0.344,0,0,0.476
"9606.ENSP00000289371","9606.ENSP00000377954","EIF5B","LARS1",9606,0.687,0.11,0,0,0.237,0.141,0,0.527
"9606.ENSP00000289371","9606.ENSP00000358812","EIF5B","PDCD11",9606,0.746,0.12,0,0,0.551,0.103,0,0.368
"9606.ENSP00000289371","9606.ENSP00000358140","EIF5B","EIF3A",9606,0.851,0,0,0,0.57,0.419,0,0.454
"9606.ENSP00000289371","9606.ENSP00000358563","EIF5B","DKC1",9606,0.906,0.102,0,0,0.642,0.578,0,0.388
"9606.ENSP00000289371","9606.ENSP00000355890","EIF5B","EPRS1",9606,0.93,0.268,0,0,0.716,0.416,0,0.494
"9606.ENSP00000290231","9606.ENSP00000339145","NCOA5","RRP1B",9606,0.409,0,0,0,0.2,0.292,0,0
"9606.ENSP00000297185","9606.ENSP00000361658","HSPA9","NUP188",9606,0.411,0,0,0,0.06,0,0.4,0
"9606.ENSP00000297185","9606.ENSP00000405965","HSPA9","SUMO2",9606,0.412,0,0,0,0.074,0.334,0,0.123
"9606.ENSP00000297185","9606.ENSP00000360268","HSPA9","ALDH18A1",9606,0.415,0.057,0,0,0.068,0,0,0.388
"9606.ENSP00000297185","9606.ENSP00000300648","HSPA9","GCN1",9606,0.513,0,0,0,0.11,0.249,0,0.331
"9606.ENSP00000297185","9606.ENSP00000385410","HSPA9","NOLC1",9606,0.524,0,0,0,0.264,0.047,0,0.376
"9606.ENSP00000297185","9606.ENSP00000480150","HSPA9","HYOU1",9606,0.526,0,0,0.124,0.083,0,0,0.457
"9606.ENSP00000297185","9606.ENSP00000364794","HSPA9","IARS1",9606,0.541,0,0,0,0.28,0.046,0,0.384
"9606.ENSP00000297185","9606.ENSP00000298510","HSPA9","PRDX3",9606,0.57,0,0,0,0.155,0.22,0,0.399
"9606.ENSP00000297185","9606.ENSP00000355890","HSPA9","EPRS1",9606,0.573,0.107,0,0,0.376,0.091,0,0.257
"9606.ENSP00000297185","9606.ENSP00000318195","HSPA9","NCL",9606,0.686,0,0,0,0.402,0.071,0,0.48
"9606.ENSP00000297185","9606.ENSP00000358081","HSPA9","BAG3",9606,0.706,0,0,0,0.089,0.219,0.4,0.392
"9606.ENSP00000297185","9606.ENSP00000360609","HSPA9","HSP90AB1",9606,0.955,0,0.001,0,0.462,0.272,0,0.896
"9606.ENSP00000297990","9606.ENSP00000356520","NOL6","DHX9",9606,0.453,0,0,0,0.214,0.27,0,0.123
"9606.ENSP00000297990","9606.ENSP00000318195","NOL6","NCL",9606,0.454,0,0,0,0.128,0,0.4,0
"9606.ENSP00000297990","9606.ENSP00000361658","NOL6","NUP188",9606,0.494,0,0,0,0.494,0,0,0
"9606.ENSP00000297990","9606.ENSP00000483495","NOL6","DDX27",9606,0.545,0,0,0,0.478,0.145,0,0.063
"9606.ENSP00000297990","9606.ENSP00000321706","NOL6","GEMIN4",9606,0.557,0,0,0,0.467,0,0,0.202
"9606.ENSP00000297990","9606.ENSP00000339145","NOL6","RRP1B",9606,0.602,0,0,0,0.461,0.292,0,0
"9606.ENSP00000297990","9606.ENSP00000358563","NOL6","DKC1",9606,0.668,0,0,0,0.37,0.25,0,0.353
"9606.ENSP00000297990","9606.ENSP00000300648","NOL6","GCN1",9606,0.751,0,0,0,0.751,0,0,0
"9606.ENSP00000297990","9606.ENSP00000481495","NOL6","DDX24",9606,0.771,0,0,0,0.587,0.457,0,0.063
"9606.ENSP00000297990","9606.ENSP00000498803","NOL6","KRI1",9606,0.813,0,0,0,0.396,0,0.54,0.383
"9606.ENSP00000297990","9606.ENSP00000385410","NOL6","NOLC1",9606,0.815,0,0,0,0.7,0,0,0.408
"9606.ENSP00000297990","9606.ENSP00000370968","NOL6","MYBBP1A",9606,0.97,0,0,0,0.963,0,0,0.225
"9606.ENSP00000297990","9606.ENSP00000366135","NOL6","EXOSC10",9606,0.972,0,0,0,0.438,0.913,0.4,0.162
"9606.ENSP00000297990","9606.ENSP00000355541","NOL6","HEATR1",9606,0.999,0,0,0,0.878,0.991,0.54,0.662
"9606.ENSP00000297990","9606.ENSP00000405068","NOL6","NOP14",9606,0.999,0,0,0,0.87,0.966,0.54,0.581
"9606.ENSP00000297990","9606.ENSP00000358812","NOL6","PDCD11",9606,0.999,0,0,0,0.939,0.953,0.54,0.795
"9606.ENSP00000297990","9606.ENSP00000363642","NOL6","BMS1",9606,0.999,0,0,0,0.83,0.991,0.54,0.546
"9606.ENSP00000298510","9606.ENSP00000360609","PRDX3","HSP90AB1",9606,0.404,0,0,0,0.117,0.086,0,0.321
"9606.ENSP00000300249","9606.ENSP00000432768","MAPRE2","CKAP5",9606,0.85,0,0,0,0.079,0.761,0,0.376
"9606.ENSP00000300648","9606.ENSP00000498867","GCN1","LARS2",9606,0.404,0,0,0,0.385,0.07,0,0
"9606.ENSP00000300648","9606.ENSP00000340648","GCN1","HUWE1",9606,0.43,0,0,0,0.376,0.125,0,0
"9606.ENSP00000300648","9606.ENSP00000483495","GCN1","DDX27",9606,0.436,0,0,0,0.354,0.091,0,0.116
"9606.ENSP00000300648","9606.ENSP00000393183","GCN1","DCAF1",9606,0.453,0,0,0,0.453,0,0,0
"9606.ENSP00000300648","9606.ENSP00000352925","GCN1","TRRAP",9606,0.46,0,0,0,0.359,0.073,0,0.164
"9606.ENSP00000300648","9606.ENSP00000460348","GCN1","PRPF8",9606,0.461,0,0,0,0.373,0,0,0.176
"9606.ENSP00000300648","9606.ENSP00000358140","GCN1","EIF3A",9606,0.471,0,0,0,0.334,0,0,0.238
"9606.ENSP00000300648","9606.ENSP00000339145","GCN1","RRP1B",9606,0.503,0,0,0,0.289,0.33,0,0
"9606.ENSP00000300648","9606.ENSP00000370968","GCN1","MYBBP1A",9606,0.596,0,0,0,0.537,0,0,0.162
"9606.ENSP00000300648","9606.ENSP00000355541","GCN1","HEATR1",9606,0.609,0,0,0,0.477,0.284,0,0
"9606.ENSP00000300648","9606.ENSP00000317123","GCN1","SNRNP200",9606,0.62,0,0,0,0.445,0.096,0,0.303
"9606.ENSP00000300648","9606.ENSP00000355890","GCN1","EPRS1",9606,0.622,0,0,0,0.267,0.16,0,0.435
"9606.ENSP00000300648","9606.ENSP00000361658","GCN1","NUP188",9606,0.628,0,0,0,0.346,0,0,0.454
"9606.ENSP00000300648","9606.ENSP00000363642","GCN1","BMS1",9606,0.629,0,0,0,0.569,0,0,0.173
"9606.ENSP00000300648","9606.ENSP00000358812","GCN1","PDCD11",9606,0.693,0,0,0,0.644,0,0,0.172
"9606.ENSP00000300659","9606.ENSP00000389377","NFATC3","NFATC1",9606,0.921,0,0,0,0.117,0,0.9,0.179
"9606.ENSP00000300738","9606.ENSP00000405965","RRM1","SUMO2",9606,0.41,0,0,0,0.103,0.314,0,0.118
"9606.ENSP00000300738","9606.ENSP00000358563","RRM1","DKC1",9606,0.41,0,0,0,0.269,0,0,0.227
"9606.ENSP00000300738","9606.ENSP00000309555","RRM1","HCFC1",9606,0.427,0,0,0,0.129,0.292,0,0.145
"9606.ENSP00000300738","9606.ENSP00000358812","RRM1","PDCD11",9606,0.428,0.116,0,0,0.168,0,0,0.284
"9606.ENSP00000300738","9606.ENSP00000318195","RRM1","NCL",9606,0.453,0,0,0,0.2,0,0,0.344
"9606.ENSP00000300738","9606.ENSP00000432768","RRM1","CKAP5",9606,0.487,0,0,0,0.35,0,0,0.243
"9606.ENSP00000300738","9606.ENSP00000371321","RRM1","RFC1",9606,0.509,0,0,0,0.337,0,0,0.29
"9606.ENSP00000300738","9606.ENSP00000355759","RRM1","PARP1",9606,0.544,0,0,0,0.254,0.195,0,0.302
"9606.ENSP00000300738","9606.ENSP00000325017","RRM1","NCAPD2",9606,0.567,0,0,0,0.441,0,0,0.256
"9606.ENSP00000300738","9606.ENSP00000355890","RRM1","EPRS1",9606,0.646,0.213,0,0,0.255,0,0,0.444
"9606.ENSP00000300738","9606.ENSP00000368358","RRM1","POLA1",9606,0.836,0,0,0,0.62,0.093,0,0.562
"9606.ENSP00000300738","9606.ENSP00000480987","RRM1","MCM3",9606,0.913,0,0,0,0.89,0,0,0.246
"9606.ENSP00000301740","9606.ENSP00000374212","SRRM2","EP400",9606,0.403,0,0,0,0.307,0.096,0,0.123
"9606.ENSP00000301740","9606.ENSP00000340648","SRRM2","HUWE1",9606,0.41,0,0,0,0.367,0,0,0.106
"9606.ENSP00000301740","9606.ENSP00000461879","SRRM2","POLR2A",9606,0.433,0,0,0,0.303,0,0,0.22
"9606.ENSP00000301740","9606.ENSP00000404121","SRRM2","ILF3",9606,0.712,0,0,0,0.259,0.205,0,0.551
"9606.ENSP00000301740","9606.ENSP00000356520","SRRM2","DHX9",9606,0.914,0,0,0,0.09,0.321,0.8,0.387
"9606.ENSP00000301740","9606.ENSP00000305790","SRRM2","SF3B3",9606,0.994,0,0,0,0.06,0.914,0.9,0.448
"9606.ENSP00000301740","9606.ENSP00000317123","SRRM2","SNRNP200",9606,0.998,0,0,0,0.202,0.973,0.9,0.564
"9606.ENSP00000301740","9606.ENSP00000460348","SRRM2","PRPF8",9606,0.999,0,0,0,0.132,0.987,0.9,0.501
"9606.ENSP00000301740","9606.ENSP00000326261","SRRM2","SRRM1",9606,0.999,0,0,0,0.384,0.935,0.9,0.989
"9606.ENSP00000301764","9606.ENSP00000376765","DDB1","PIAS3",9606,0.431,0,0,0,0.042,0,0.4,0.09
"9606.ENSP00000301764","9606.ENSP00000460348","DDB1","PRPF8",9606,0.434,0,0,0,0.297,0.209,0,0.064
"9606.ENSP00000301764","9606.ENSP00000347184","DDB1","HTT",9606,0.438,0,0,0,0.074,0.36,0,0.128
"9606.ENSP00000301764","9606.ENSP00000377298","DDB1","NUMA1",9606,0.488,0,0,0,0.179,0.329,0,0.145
"9606.ENSP00000301764","9606.ENSP00000371321","DDB1","RFC1",9606,0.526,0,0,0,0.049,0,0.5,0.085
"9606.ENSP00000301764","9606.ENSP00000497609","DDB1","INO80",9606,0.59,0,0,0,0.055,0.292,0.4,0.1
"9606.ENSP00000301764","9606.ENSP00000352516","DDB1","DNMT1",9606,0.638,0,0,0,0.067,0.51,0,0.273
"9606.ENSP00000301764","9606.ENSP00000405965","DDB1","SUMO2",9606,0.652,0,0,0,0.082,0,0.5,0.304
"9606.ENSP00000301764","9606.ENSP00000376077","DDB1","SUMO1",9606,0.677,0,0,0,0.139,0,0.5,0.311
"9606.ENSP00000301764","9606.ENSP00000355759","DDB1","PARP1",9606,0.686,0,0,0,0.107,0,0.5,0.352
"9606.ENSP00000301764","9606.ENSP00000340648","DDB1","HUWE1",9606,0.724,0,0,0,0.109,0.51,0,0.418
"9606.ENSP00000301764","9606.ENSP00000307272","DDB1","RPTOR",9606,0.727,0,0,0,0.049,0.625,0,0.298
"9606.ENSP00000301764","9606.ENSP00000343535","DDB1","USP7",9606,0.739,0,0,0,0.088,0,0,0.726
"9606.ENSP00000301764","9606.ENSP00000317123","DDB1","SNRNP200",9606,0.826,0,0,0,0.816,0.091,0,0
"9606.ENSP00000301764","9606.ENSP00000305790","DDB1","SF3B3",9606,0.881,0,0,0,0.784,0.073,0,0.456
"9606.ENSP00000301764","9606.ENSP00000461879","DDB1","POLR2A",9606,0.929,0,0,0,0.049,0.835,0.5,0.202
"9606.ENSP00000301764","9606.ENSP00000483236","DDB1","DCAF7",9606,0.995,0,0,0,0.049,0.627,0.9,0.887
"9606.ENSP00000301764","9606.ENSP00000393183","DDB1","DCAF1",9606,0.999,0,0,0,0.054,0.992,0.9,0.999
"9606.ENSP00000302640","9606.ENSP00000357644","UBTF","GATAD2B",9606,0.447,0,0,0,0.097,0,0.4,0.062
"9606.ENSP00000302640","9606.ENSP00000342434","UBTF","BAZ1B",9606,0.472,0,0,0,0.254,0.115,0,0.264
"9606.ENSP00000302640","9606.ENSP00000461879","UBTF","POLR2A",9606,0.532,0,0,0,0.075,0.095,0,0.486
"9606.ENSP00000302640","9606.ENSP00000347184","UBTF","HTT",9606,0.537,0,0,0,0.129,0.045,0,0.488
"9606.ENSP00000302640","9606.ENSP00000366135","UBTF","EXOSC10",9606,0.651,0,0,0,0.067,0.065,0,0.633
"9606.ENSP00000302640","9606.ENSP00000385410","UBTF","NOLC1",9606,0.68,0,0,0,0.063,0.051,0,0.67
"9606.ENSP00000302640","9606.ENSP00000370968","UBTF","MYBBP1A",9606,0.768,0,0,0,0.147,0.423,0,0.567
"9606.ENSP00000302640","9606.ENSP00000318195","UBTF","NCL",9606,0.8,0,0,0,0.085,0.058,0,0.787
"9606.ENSP00000302640","9606.ENSP00000367028","UBTF","TCOF1",9606,0.899,0,0,0,0.195,0.071,0,0.876
"9606.ENSP00000304592","9606.ENSP00000307272","FASN","RPTOR",9606,0.4,0,0,0,0.082,0,0,0.373
"9606.ENSP00000304592","9606.ENSP00000354039","FASN","UBAP2",9606,0.417,0.044,0,0,0.062,0.145,0.217,0.178
"9606.ENSP00000304592","9606.ENSP00000389445","FASN","UBAP2L",9606,0.422,0.044,0,0,0.071,0.145,0.217,0.178
"9606.ENSP00000304592","9606.ENSP00000355759","FASN","PARP1",9606,0.517,0,0,0,0.063,0.318,0,0.305
"9606.ENSP00000304592","9606.ENSP00000360609","FASN","HSP90AB1",9606,0.61,0,0,0,0.058,0.132,0,0.561
"9606.ENSP00000304592","9606.ENSP00000358140","FASN","EIF3A",9606,0.615,0,0,0,0.056,0,0,0.609
"9606.ENSP00000305790","9606.ENSP00000323421","SF3B3","SMC1A",9606,0.608,0,0,0,0.133,0.42,0,0.283
"9606.ENSP00000305790","9606.ENSP00000340271","SF3B3","TAF3",9606,0.65,0,0,0,0.044,0,0,0.649
"9606.ENSP00000305790","9606.ENSP00000356520","SF3B3","DHX9",9606,0.73,0,0,0,0.437,0.234,0,0.425
"9606.ENSP00000305790","9606.ENSP00000326261","SF3B3","SRRM1",9606,0.851,0,0,0,0.067,0.809,0,0.226
"9606.ENSP00000305790","9606.ENSP00000352925","SF3B3","TRRAP",9606,0.947,0,0,0,0.075,0.852,0.54,0.256
"9606.ENSP00000305790","9606.ENSP00000464050","SF3B3","DDX42",9606,0.995,0,0,0,0.116,0.94,0.9,0.215
"9606.ENSP00000305790","9606.ENSP00000460348","SF3B3","PRPF8",9606,0.999,0,0,0,0.645,0.989,0.9,0.491
"9606.ENSP00000305790","9606.ENSP00000317123","SF3B3","SNRNP200",9606,0.999,0,0,0,0.786,0.996,0.9,0.825
"9606.ENSP00000306123","9606.ENSP00000361658","RPAP1","NUP188",9606,0.467,0,0,0,0.467,0,0,0
"9606.ENSP00000307272","9606.ENSP00000347184","RPTOR","HTT",9606,0.464,0,0,0,0.22,0,0,0.341
"9606.ENSP00000307272","9606.ENSP00000358140","RPTOR","EIF3A",9606,0.494,0,0,0,0.055,0.201,0,0.384
"9606.ENSP00000307272","9606.ENSP00000358081","RPTOR","BAG3",9606,0.504,0,0,0,0.067,0.421,0,0.155
"9606.ENSP00000307272","9606.ENSP00000363162","RPTOR","ATP6V1G1",9606,0.513,0,0,0,0.067,0,0.5,0
"9606.ENSP00000307272","9606.ENSP00000352925","RPTOR","TRRAP",9606,0.617,0,0,0,0.452,0,0,0.329
"9606.ENSP00000307272","9606.ENSP00000498867","RPTOR","LARS2",9606,0.63,0,0,0,0.078,0,0,0.616
"9606.ENSP00000307272","9606.ENSP00000360609","RPTOR","HSP90AB1",9606,0.698,0,0,0,0.065,0.075,0,0.678
"9606.ENSP00000307272","9606.ENSP00000349205","RPTOR","PIK3R4",9606,0.71,0,0,0,0.12,0,0,0.684
"9606.ENSP00000307272","9606.ENSP00000498382","RPTOR","DEPDC5",9606,0.725,0,0,0,0.138,0.094,0.4,0.484
"9606.ENSP00000307272","9606.ENSP00000377954","RPTOR","LARS1",9606,0.746,0,0,0,0.067,0.292,0,0.647
"9606.ENSP00000307272","9606.ENSP00000389445","RPTOR","UBAP2L",9606,0.996,0,0,0,0.049,0.994,0,0.479
"9606.ENSP00000307858","9606.ENSP00000352516","ZBTB4","DNMT1",9606,0.427,0,0,0,0.055,0.064,0,0.403
"9606.ENSP00000307858","9606.ENSP00000378402","ZBTB4","SIN3A",9606,0.694,0,0,0,0.126,0.328,0,0.52
"9606.ENSP00000309555","9606.ENSP00000461879","HCFC1","POLR2A",9606,0.41,0,0,0,0.347,0,0,0.132
"9606.ENSP00000309555","9606.ENSP00000322845","HCFC1","ZMYM3",9606,0.418,0,0,0,0.2,0,0,0.303
"9606.ENSP00000309555","9606.ENSP00000378917","HCFC1","ATXN2L",9606,0.471,0,0,0,0.471,0,0,0
"9606.ENSP00000309555","9606.ENSP00000317123","HCFC1","SNRNP200",9606,0.605,0,0,0,0.605,0,0,0
"9606.ENSP00000309555","9606.ENSP00000460348","HCFC1","PRPF8",9606,0.621,0,0,0,0.621,0,0,0
"9606.ENSP00000309555","9606.ENSP00000352925","HCFC1","TRRAP",9606,0.807,0,0,0,0.219,0,0.72,0.189
"9606.ENSP00000309555","9606.ENSP00000374212","HCFC1","EP400",9606,0.828,0,0,0,0.368,0.089,0.72,0.06
"9606.ENSP00000309555","9606.ENSP00000378402","HCFC1","SIN3A",9606,0.866,0,0,0,0.181,0.644,0,0.576
"9606.ENSP00000309555","9606.ENSP00000350676","HCFC1","PHF8",9606,0.97,0,0,0,0.154,0.292,0,0.955
"9606.ENSP00000310933","9606.ENSP00000347184","MADD","HTT",9606,0.546,0,0,0,0.426,0,0,0.241
"9606.ENSP00000312664","9606.ENSP00000479719","CASP2","CYFIP2",9606,0.56,0,0,0,0.042,0,0,0.56
"9606.ENSP00000312664","9606.ENSP00000355759","CASP2","PARP1",9606,0.597,0,0,0,0.06,0.092,0,0.565
"9606.ENSP00000316527","9606.ENSP00000378275","ZNF609","PAIP2",9606,0.418,0,0,0,0,0,0,0.419
"9606.ENSP00000316527","9606.ENSP00000379915","ZNF609","ATN1",9606,0.435,0,0,0,0.084,0.339,0,0.141
"9606.ENSP00000316527","9606.ENSP00000354039","ZNF609","UBAP2",9606,0.435,0,0,0,0.262,0,0,0.265
"9606.ENSP00000316527","9606.ENSP00000324463","ZNF609","YLPM1",9606,0.58,0,0,0,0.517,0,0,0.166
"9606.ENSP00000316527","9606.ENSP00000374212","ZNF609","EP400",9606,0.655,0,0,0,0.655,0,0,0
"9606.ENSP00000317123","9606.ENSP00000461879","SNRNP200","POLR2A",9606,0.411,0,0,0,0.311,0,0,0.181
"9606.ENSP00000317123","9606.ENSP00000355890","SNRNP200","EPRS1",9606,0.435,0,0,0,0.157,0.071,0,0.336
"9606.ENSP00000317123","9606.ENSP00000464050","SNRNP200","DDX42",9606,0.45,0,0,0,0.144,0.076,0,0.361
"9606.ENSP00000317123","9606.ENSP00000364794","SNRNP200","IARS1",9606,0.476,0,0,0,0.062,0,0,0.464
"9606.ENSP00000317123","9606.ENSP00000405965","SNRNP200","SUMO2",9606,0.636,0,0,0,0.067,0.314,0,0.478
"9606.ENSP00000317123","9606.ENSP00000340648","SNRNP200","HUWE1",9606,0.679,0,0,0,0.548,0.246,0,0.133
"9606.ENSP00000317123","9606.ENSP00000404121","SNRNP200","ILF3",9606,0.699,0,0,0,0.639,0,0,0.199
"9606.ENSP00000317123","9606.ENSP00000356520","SNRNP200","DHX9",9606,0.784,0,0,0,0.442,0.289,0,0.5
"9606.ENSP00000317123","9606.ENSP00000449386","SNRNP200","SART3",9606,0.797,0,0,0,0.291,0.096,0,0.708
"9606.ENSP00000317123","9606.ENSP00000326261","SNRNP200","SRRM1",9606,0.878,0,0,0,0.111,0.807,0,0.348
"9606.ENSP00000317123","9606.ENSP00000460348","SNRNP200","PRPF8",9606,0.999,0,0,0,0.836,0.999,0.9,0.985
"9606.ENSP00000318195","9606.ENSP00000378917","NCL","ATXN2L",9606,0.429,0,0,0,0.071,0.31,0,0.18
"9606.ENSP00000318195","9606.ENSP00000377027","NCL","TGFBRAP1",9606,0.437,0,0,0,0.058,0,0,0.427
"9606.ENSP00000318195","9606.ENSP00000405965","NCL","SUMO2",9606,0.447,0,0,0,0.094,0.292,0,0.207
"9606.ENSP00000318195","9606.ENSP00000365588","NCL","MDC1",9606,0.453,0,0,0,0.073,0.31,0,0.213
"9606.ENSP00000318195","9606.ENSP00000479719","NCL","CYFIP2",9606,0.459,0,0,0,0.042,0,0,0.459
"9606.ENSP00000318195","9606.ENSP00000481495","NCL","DDX24",9606,0.459,0,0,0,0.137,0.355,0,0.105
"9606.ENSP00000318195","9606.ENSP00000405068","NCL","NOP14",9606,0.543,0,0,0,0.185,0,0.4,0.141
"9606.ENSP00000318195","9606.ENSP00000355541","NCL","HEATR1",9606,0.553,0,0,0,0.207,0.053,0.4,0.126
"9606.ENSP00000318195","9606.ENSP00000347184","NCL","HTT",9606,0.574,0,0,0,0.051,0.095,0,0.544
"9606.ENSP00000318195","9606.ENSP00000461879","NCL","POLR2A",9606,0.576,0,0,0,0.104,0.123,0,0.504
"9606.ENSP00000318195","9606.ENSP00000360609","NCL","HSP90AB1",9606,0.589,0,0,0,0.357,0.049,0,0.381
"9606.ENSP00000318195","9606.ENSP00000343535","NCL","USP7",9606,0.599,0,0,0,0.072,0.51,0,0.189
"9606.ENSP00000318195","9606.ENSP00000358812","NCL","PDCD11",9606,0.621,0,0,0,0.196,0.127,0.4,0.206
"9606.ENSP00000318195","9606.ENSP00000366135","NCL","EXOSC10",9606,0.638,0,0,0,0.162,0.097,0,0.56
"9606.ENSP00000318195","9606.ENSP00000339145","NCL","RRP1B",9606,0.672,0,0,0,0.175,0.51,0,0.254
"9606.ENSP00000318195","9606.ENSP00000363642","NCL","BMS1",9606,0.677,0,0,0,0.366,0,0.4,0.22
"9606.ENSP00000318195","9606.ENSP00000404121","NCL","ILF3",9606,0.749,0,0,0,0.442,0.234,0,0.461
"9606.ENSP00000318195","9606.ENSP00000358563","NCL","DKC1",9606,0.778,0,0,0,0.45,0.111,0,0.583
"9606.ENSP00000318195","9606.ENSP00000356520","NCL","DHX9",9606,0.786,0,0,0,0.344,0.314,0,0.563
"9606.ENSP00000318195","9606.ENSP00000355759","NCL","PARP1",9606,0.813,0,0,0,0.201,0.152,0,0.747
"9606.ENSP00000318195","9606.ENSP00000370968","NCL","MYBBP1A",9606,0.826,0,0,0,0.299,0.49,0,0.552
"9606.ENSP00000318195","9606.ENSP00000358140","NCL","EIF3A",9606,0.879,0,0,0,0.815,0.253,0,0.197
"9606.ENSP00000318195","9606.ENSP00000385410","NCL","NOLC1",9606,0.885,0,0,0,0.489,0,0,0.785
"9606.ENSP00000321706","9606.ENSP00000339145","GEMIN4","RRP1B",9606,0.402,0,0,0,0.191,0.292,0,0
"9606.ENSP00000321706","9606.ENSP00000358812","GEMIN4","PDCD11",9606,0.427,0,0,0,0.166,0,0,0.341
"9606.ENSP00000321706","9606.ENSP00000361658","GEMIN4","NUP188",9606,0.452,0,0,0,0.125,0,0.4,0
"9606.ENSP00000321706","9606.ENSP00000498867","GEMIN4","LARS2",9606,0.478,0,0,0,0.478,0,0,0
"9606.ENSP00000321706","9606.ENSP00000385410","GEMIN4","NOLC1",9606,0.483,0,0,0,0.175,0,0,0.398
"9606.ENSP00000321706","9606.ENSP00000460348","GEMIN4","PRPF8",9606,0.523,0,0,0,0.25,0.232,0,0.239
"9606.ENSP00000321706","9606.ENSP00000425979","GEMIN4","DROSHA",9606,0.564,0,0,0,0.114,0,0,0.528
"9606.ENSP00000322845","9606.ENSP00000352516","ZMYM3","DNMT1",9606,0.422,0,0,0,0.067,0,0,0.406
"9606.ENSP00000322845","9606.ENSP00000378830","ZMYM3","QRICH1",9606,0.45,0,0,0,0.117,0.045,0,0.4
"9606.ENSP00000322845","9606.ENSP00000405965","ZMYM3","SUMO2",9606,0.742,0,0,0,0.055,0.538,0,0.456
"9606.ENSP00000323421","9606.ENSP00000460348","SMC1A","PRPF8",9606,0.419,0,0,0,0.167,0.17,0,0.227
"9606.ENSP00000323421","9606.ENSP00000355890","SMC1A","EPRS1",9606,0.427,0.118,0.121,0,0.139,0.066,0,0.222
"9606.ENSP00000323421","9606.ENSP00000374212","SMC1A","EP400",9606,0.43,0.044,0,0,0.076,0.079,0,0.382
"9606.ENSP00000323421","9606.ENSP00000378830","SMC1A","QRICH1",9606,0.44,0.052,0,0,0.224,0.051,0.218,0.132
"9606.ENSP00000323421","9606.ENSP00000377298","SMC1A","NUMA1",9606,0.451,0,0,0,0.102,0.301,0,0.196
"9606.ENSP00000323421","9606.ENSP00000461879","SMC1A","POLR2A",9606,0.463,0,0,0,0.162,0.306,0,0.15
"9606.ENSP00000323421","9606.ENSP00000326261","SMC1A","SRRM1",9606,0.476,0,0,0,0.23,0.309,0,0.095
"9606.ENSP00000323421","9606.ENSP00000405965","SMC1A","SUMO2",9606,0.486,0,0,0,0.076,0.398,0,0.148
"9606.ENSP00000323421","9606.ENSP00000352516","SMC1A","DNMT1",9606,0.496,0,0,0,0.335,0,0,0.274
"9606.ENSP00000323421","9606.ENSP00000432768","SMC1A","CKAP5",9606,0.504,0,0,0,0.222,0.339,0,0.113
"9606.ENSP00000323421","9606.ENSP00000355759","SMC1A","PARP1",9606,0.515,0,0,0,0.373,0.135,0,0.177
"9606.ENSP00000323421","9606.ENSP00000340648","SMC1A","HUWE1",9606,0.552,0,0,0,0.227,0,0,0.444
"9606.ENSP00000323421","9606.ENSP00000376077","SMC1A","SUMO1",9606,0.611,0,0,0,0.09,0.185,0.4,0.228
"9606.ENSP00000323421","9606.ENSP00000480987","SMC1A","MCM3",9606,0.614,0,0,0,0.288,0,0,0.48
"9606.ENSP00000323421","9606.ENSP00000368358","SMC1A","POLA1",9606,0.739,0,0,0,0.53,0.328,0,0.239
"9606.ENSP00000323421","9606.ENSP00000371321","SMC1A","RFC1",9606,0.746,0,0,0,0.261,0.648,0,0.102
"9606.ENSP00000323421","9606.ENSP00000325017","SMC1A","NCAPD2",9606,0.762,0,0,0,0.159,0.536,0,0.439
"9606.ENSP00000323421","9606.ENSP00000365588","SMC1A","MDC1",9606,0.92,0,0,0,0.221,0.488,0,0.815
"9606.ENSP00000324463","9606.ENSP00000355541","YLPM1","HEATR1",9606,0.429,0,0,0,0.049,0,0,0.424
"9606.ENSP00000324463","9606.ENSP00000404121","YLPM1","ILF3",9606,0.466,0,0,0,0.203,0.199,0,0.232
"9606.ENSP00000324463","9606.ENSP00000374212","YLPM1","EP400",9606,0.675,0,0,0,0.641,0,0,0.131
"9606.ENSP00000324463","9606.ENSP00000449396","YLPM1","SMARCC2",9606,0.779,0,0,0,0.533,0.503,0,0.125
"9606.ENSP00000324587","9606.ENSP00000380659","FAM193A","EIF4ENIF1",9606,0.469,0,0,0,0.469,0,0,0
"9606.ENSP00000324587","9606.ENSP00000405068","FAM193A","NOP14",9606,0.482,0,0,0,0.103,0,0,0.447
"9606.ENSP00000325017","9606.ENSP00000352516","NCAPD2","DNMT1",9606,0.401,0,0,0,0.344,0,0,0.125
"9606.ENSP00000325017","9606.ENSP00000405965","NCAPD2","SUMO2",9606,0.406,0,0,0,0.088,0.337,0,0.096
"9606.ENSP00000325017","9606.ENSP00000355759","NCAPD2","PARP1",9606,0.428,0,0,0,0.209,0.292,0,0.06
"9606.ENSP00000325017","9606.ENSP00000426503","NCAPD2","RNF4",9606,0.493,0,0,0,0.049,0.292,0,0.308
"9606.ENSP00000325017","9606.ENSP00000339145","NCAPD2","RRP1B",9606,0.543,0,0,0,0.251,0.292,0,0.208
"9606.ENSP00000325017","9606.ENSP00000480987","NCAPD2","MCM3",9606,0.658,0,0,0,0.536,0,0,0.292
"9606.ENSP00000325017","9606.ENSP00000432768","NCAPD2","CKAP5",9606,0.69,0,0,0,0.472,0.069,0,0.421
"9606.ENSP00000325017","9606.ENSP00000368358","NCAPD2","POLA1",9606,0.9,0,0,0,0.798,0,0,0.524
"9606.ENSP00000326261","9606.ENSP00000377298","SRRM1","NUMA1",9606,0.401,0,0,0,0.072,0.21,0,0.249
"9606.ENSP00000326261","9606.ENSP00000361658","SRRM1","NUP188",9606,0.507,0,0,0,0.056,0,0.5,0
"9606.ENSP00000326261","9606.ENSP00000461879","SRRM1","POLR2A",9606,0.551,0,0,0,0.183,0,0,0.473
"9606.ENSP00000326261","9606.ENSP00000356520","SRRM1","DHX9",9606,0.84,0,0,0,0.149,0,0.8,0.139
"9606.ENSP00000326261","9606.ENSP00000460348","SRRM1","PRPF8",9606,0.948,0,0,0,0.17,0.858,0,0.592
"9606.ENSP00000328729","9606.ENSP00000361642","SELENOF","PPCS",9606,0.418,0,0,0,0.418,0,0,0
"9606.ENSP00000338934","9606.ENSP00000358081","EZR","BAG3",9606,0.44,0,0,0,0.067,0.367,0,0.128
"9606.ENSP00000338934","9606.ENSP00000420213","EZR","FLNB",9606,0.634,0,0,0,0.119,0,0,0.601
"9606.ENSP00000338934","9606.ENSP00000487444","EZR","SPTAN1",9606,0.655,0,0,0,0.121,0.101,0.5,0.232
"9606.ENSP00000338934","9606.ENSP00000349259","EZR","SPTBN1",9606,0.678,0,0,0,0.147,0.071,0.5,0.284
"9606.ENSP00000338934","9606.ENSP00000360609","EZR","HSP90AB1",9606,0.927,0,0,0,0.108,0.045,0,0.922
"9606.ENSP00000338934","9606.ENSP00000498852","EZR","SPN",9606,0.974,0,0,0,0.042,0.292,0,0.966
"9606.ENSP00000339145","9606.ENSP00000378402","RRP1B","SIN3A",9606,0.435,0,0,0,0.081,0,0,0.411
"9606.ENSP00000339145","9606.ENSP00000464050","RRP1B","DDX42",9606,0.455,0,0,0,0.237,0.187,0,0.191
"9606.ENSP00000339145","9606.ENSP00000366135","RRP1B","EXOSC10",9606,0.531,0,0,0,0.365,0.292,0,0
"9606.ENSP00000339145","9606.ENSP00000358563","RRP1B","DKC1",9606,0.535,0,0,0,0.37,0.292,0,0
"9606.ENSP00000339145","9606.ENSP00000449386","RRP1B","SART3",9606,0.559,0,0,0,0.48,0.187,0,0
"9606.ENSP00000339145","9606.ENSP00000342434","RRP1B","BAZ1B",9606,0.57,0,0,0,0.169,0.43,0,0.164
"9606.ENSP00000339145","9606.ENSP00000355759","RRP1B","PARP1",9606,0.579,0,0,0,0.09,0.549,0,0.058
"9606.ENSP00000339145","9606.ENSP00000498803","RRP1B","KRI1",9606,0.583,0,0,0,0.435,0.292,0,0
"9606.ENSP00000339145","9606.ENSP00000370968","RRP1B","MYBBP1A",9606,0.624,0,0,0,0.491,0.292,0,0
"9606.ENSP00000339145","9606.ENSP00000481495","RRP1B","DDX24",9606,0.668,0,0,0,0.421,0.399,0,0.121
"9606.ENSP00000339145","9606.ENSP00000355541","RRP1B","HEATR1",9606,0.681,0,0,0,0.557,0.311,0,0
"9606.ENSP00000339145","9606.ENSP00000404121","RRP1B","ILF3",9606,0.69,0,0,0,0.142,0.619,0,0.127
"9606.ENSP00000339145","9606.ENSP00000483495","RRP1B","DDX27",9606,0.7,0,0,0,0.405,0.399,0,0.228
"9606.ENSP00000339145","9606.ENSP00000385410","RRP1B","NOLC1",9606,0.769,0,0,0,0.574,0.292,0,0.296
"9606.ENSP00000339145","9606.ENSP00000363642","RRP1B","BMS1",9606,0.774,0,0,0,0.66,0.292,0,0.137
"9606.ENSP00000339145","9606.ENSP00000405068","RRP1B","NOP14",9606,0.829,0,0,0,0.653,0.292,0.36,0
"9606.ENSP00000339145","9606.ENSP00000358812","RRP1B","PDCD11",9606,0.872,0,0,0,0.791,0.354,0,0.13
"9606.ENSP00000340271","9606.ENSP00000350676","TAF3","PHF8",9606,0.627,0,0,0,0.065,0,0,0.617
"9606.ENSP00000340271","9606.ENSP00000378702","TAF3","BRD2",9606,0.675,0,0,0,0.085,0.606,0,0.171
"9606.ENSP00000340271","9606.ENSP00000461879","TAF3","POLR2A",9606,0.919,0,0,0,0.074,0.8,0.5,0.236
"9606.ENSP00000340271","9606.ENSP00000359531","TAF3","GTF2B",9606,0.992,0,0,0,0,0.81,0.9,0.64
"9606.ENSP00000340648","9606.ENSP00000378275","HUWE1","PAIP2",9606,0.406,0,0,0,0,0,0,0.406
"9606.ENSP00000340648","9606.ENSP00000405965","HUWE1","SUMO2",9606,0.426,0,0,0,0.047,0.292,0,0.218
"9606.ENSP00000340648","9606.ENSP00000355759","HUWE1","PARP1",9606,0.43,0,0,0,0.049,0.303,0,0.209
"9606.ENSP00000340648","9606.ENSP00000374212","HUWE1","EP400",9606,0.432,0,0,0,0.294,0.091,0,0.186
"9606.ENSP00000340648","9606.ENSP00000347184","HUWE1","HTT",9606,0.433,0,0,0,0.141,0.204,0,0.236
"9606.ENSP00000340648","9606.ENSP00000496699","HUWE1","CHAMP1",9606,0.447,0,0,0,0.049,0,0,0.442
"9606.ENSP00000340648","9606.ENSP00000364847","HUWE1","MAGED1",9606,0.491,0,0,0,0.138,0,0,0.433
"9606.ENSP00000340648","9606.ENSP00000360609","HUWE1","HSP90AB1",9606,0.503,0,0,0,0.093,0.346,0,0.228
"9606.ENSP00000340648","9606.ENSP00000350676","HUWE1","PHF8",9606,0.51,0,0.106,0,0.326,0,0,0.252
"9606.ENSP00000340648","9606.ENSP00000348965","HUWE1","DYNC1H1",9606,0.602,0,0,0,0.482,0.079,0,0.232
"9606.ENSP00000340648","9606.ENSP00000460348","HUWE1","PRPF8",9606,0.643,0,0,0,0.339,0.321,0,0.269
"9606.ENSP00000340648","9606.ENSP00000352925","HUWE1","TRRAP",9606,0.778,0,0,0,0.555,0.094,0,0.494
"9606.ENSP00000340648","9606.ENSP00000343535","HUWE1","USP7",9606,0.859,0,0,0,0.133,0.623,0,0.604
"9606.ENSP00000342434","9606.ENSP00000378702","BAZ1B","BRD2",9606,0.402,0,0,0,0.056,0.292,0,0.177
"9606.ENSP00000342434","9606.ENSP00000352516","BAZ1B","DNMT1",9606,0.459,0,0,0,0.127,0,0,0.406
"9606.ENSP00000342434","9606.ENSP00000363642","BAZ1B","BMS1",9606,0.48,0,0,0,0.217,0,0,0.363
"9606.ENSP00000342434","9606.ENSP00000374212","BAZ1B","EP400",9606,0.554,0,0,0,0.264,0.181,0,0.319
"9606.ENSP00000342434","9606.ENSP00000365588","BAZ1B","MDC1",9606,0.58,0,0,0,0.081,0,0,0.562
"9606.ENSP00000342434","9606.ENSP00000371638","BAZ1B","SMARCA2",9606,0.72,0,0,0,0.087,0.182,0,0.656
"9606.ENSP00000342434","9606.ENSP00000449396","BAZ1B","SMARCC2",9606,0.744,0,0,0,0.107,0.592,0,0.353
"9606.ENSP00000342434","9606.ENSP00000370968","BAZ1B","MYBBP1A",9606,0.946,0,0,0,0.06,0.292,0.8,0.647
"9606.ENSP00000343535","9606.ENSP00000426503","USP7","RNF4",9606,0.438,0,0,0,0.126,0,0,0.383
"9606.ENSP00000343535","9606.ENSP00000352925","USP7","TRRAP",9606,0.478,0,0,0,0.078,0.319,0,0.234
"9606.ENSP00000343535","9606.ENSP00000355014","USP7","PJA1",9606,0.543,0,0,0,0,0.444,0,0.212
"9606.ENSP00000343535","9606.ENSP00000464050","USP7","DDX42",9606,0.547,0,0,0,0.54,0.046,0,0.05
"9606.ENSP00000343535","9606.ENSP00000481495","USP7","DDX24",9606,0.586,0,0,0,0.086,0.512,0,0.146
"9606.ENSP00000343535","9606.ENSP00000376077","USP7","SUMO1",9606,0.692,0,0,0,0.058,0,0,0.686
"9606.ENSP00000343535","9606.ENSP00000350676","USP7","PHF8",9606,0.733,0,0,0,0.074,0.392,0,0.564
"9606.ENSP00000343535","9606.ENSP00000405965","USP7","SUMO2",9606,0.775,0,0,0,0.049,0.625,0,0.422
"9606.ENSP00000343535","9606.ENSP00000367705","USP7","BCOR",9606,0.782,0,0,0,0.056,0.758,0,0.122
"9606.ENSP00000343535","9606.ENSP00000365588","USP7","MDC1",9606,0.828,0,0,0,0.076,0.292,0,0.758
"9606.ENSP00000343535","9606.ENSP00000352516","USP7","DNMT1",9606,0.999,0,0,0,0.106,0.987,0,0.919
"9606.ENSP00000347184","9606.ENSP00000349205","HTT","PIK3R4",9606,0.402,0,0,0,0.06,0,0,0.39
"9606.ENSP00000347184","9606.ENSP00000366395","HTT","SYVN1",9606,0.411,0,0,0,0.069,0.308,0,0.158
"9606.ENSP00000347184","9606.ENSP00000376077","HTT","SUMO1",9606,0.419,0,0,0,0.042,0.095,0,0.384
"9606.ENSP00000347184","9606.ENSP00000378917","HTT","ATXN2L",9606,0.473,0,0,0,0.139,0.133,0,0.35
"9606.ENSP00000347184","9606.ENSP00000352572","HTT","PCNT",9606,0.491,0,0,0,0.08,0.065,0,0.455
"9606.ENSP00000347184","9606.ENSP00000355759","HTT","PARP1",9606,0.5,0,0,0,0.06,0,0,0.49
"9606.ENSP00000347184","9606.ENSP00000358081","HTT","BAG3",9606,0.529,0,0,0,0.042,0.162,0,0.46
"9606.ENSP00000347184","9606.ENSP00000487444","HTT","SPTAN1",9606,0.571,0,0,0,0.134,0.154,0,0.462
"9606.ENSP00000347184","9606.ENSP00000348965","HTT","DYNC1H1",9606,0.637,0,0,0,0.164,0.488,0,0.22
"9606.ENSP00000347184","9606.ENSP00000360609","HTT","HSP90AB1",9606,0.68,0,0,0,0.058,0.335,0,0.53
"9606.ENSP00000347184","9606.ENSP00000352925","HTT","TRRAP",9606,0.695,0,0,0,0.471,0.095,0,0.415
"9606.ENSP00000347184","9606.ENSP00000378402","HTT","SIN3A",9606,0.726,0,0,0,0.107,0.321,0,0.585
"9606.ENSP00000347184","9606.ENSP00000379915","HTT","ATN1",9606,0.815,0,0,0,0.066,0.052,0,0.808
"9606.ENSP00000347184","9606.ENSP00000461879","HTT","POLR2A",9606,0.844,0,0,0,0.045,0.295,0,0.787
"9606.ENSP00000348965","9606.ENSP00000432768","DYNC1H1","CKAP5",9606,0.434,0,0,0,0.183,0.071,0,0.315
"9606.ENSP00000348965","9606.ENSP00000353375","DYNC1H1","MAP4",9606,0.463,0,0,0,0.425,0.076,0,0.072
"9606.ENSP00000348965","9606.ENSP00000460348","DYNC1H1","PRPF8",9606,0.51,0,0,0,0.268,0.209,0,0.222
"9606.ENSP00000348965","9606.ENSP00000487444","DYNC1H1","SPTAN1",9606,0.562,0,0,0,0.475,0,0,0.2
"9606.ENSP00000348965","9606.ENSP00000377298","DYNC1H1","NUMA1",9606,0.597,0,0,0,0.217,0.308,0,0.315
"9606.ENSP00000348965","9606.ENSP00000360609","DYNC1H1","HSP90AB1",9606,0.653,0,0,0,0.076,0,0.4,0.426
"9606.ENSP00000348965","9606.ENSP00000352572","DYNC1H1","PCNT",9606,0.861,0,0,0,0.119,0.058,0.8,0.265
"9606.ENSP00000349205","9606.ENSP00000377027","PIK3R4","TGFBRAP1",9606,0.471,0,0,0,0.099,0,0,0.437
"9606.ENSP00000349205","9606.ENSP00000349629","PIK3R4","LRBA",9606,0.658,0,0,0,0.049,0,0,0.655
"9606.ENSP00000349259","9606.ENSP00000355014","SPTBN1","PJA1",9606,0.464,0,0,0,0,0.292,0,0.274
"9606.ENSP00000349259","9606.ENSP00000426503","SPTBN1","RNF4",9606,0.51,0,0,0,0,0.51,0,0
"9606.ENSP00000349259","9606.ENSP00000487444","SPTBN1","SPTAN1",9606,0.999,0,0,0,0.573,0.882,0.8,0.985
"9606.ENSP00000350267","9606.ENSP00000357644","BRPF3","GATAD2B",9606,0.401,0,0,0,0.044,0,0.4,0
"9606.ENSP00000350267","9606.ENSP00000483236","BRPF3","DCAF7",9606,0.425,0,0,0,0.049,0.421,0,0
"9606.ENSP00000350267","9606.ENSP00000481495","BRPF3","DDX24",9606,0.432,0,0,0,0.06,0.421,0,0
"9606.ENSP00000350267","9606.ENSP00000350676","BRPF3","PHF8",9606,0.473,0,0,0,0.34,0.195,0,0.087
"9606.ENSP00000350267","9606.ENSP00000350333","BRPF3","SAP130",9606,0.517,0,0,0,0.447,0.163,0,0
"9606.ENSP00000350333","9606.ENSP00000352516","SAP130","DNMT1",9606,0.529,0,0,0,0.097,0,0.5,0
"9606.ENSP00000350333","9606.ENSP00000352925","SAP130","TRRAP",9606,0.845,0,0,0,0.149,0,0.8,0.164
"9606.ENSP00000350333","9606.ENSP00000378402","SAP130","SIN3A",9606,0.924,0,0,0,0.314,0.642,0.54,0.413
"9606.ENSP00000350676","9606.ENSP00000378402","PHF8","SIN3A",9606,0.418,0,0,0,0.108,0,0,0.375
"9606.ENSP00000350676","9606.ENSP00000461879","PHF8","POLR2A",9606,0.676,0,0,0,0.067,0.329,0,0.523
"9606.ENSP00000352516","9606.ENSP00000426503","DNMT1","RNF4",9606,0.402,0,0,0,0.083,0.292,0,0.154
"9606.ENSP00000352516","9606.ENSP00000404121","DNMT1","ILF3",9606,0.43,0,0,0,0.324,0,0,0.192
"9606.ENSP00000352516","9606.ENSP00000405965","DNMT1","SUMO2",9606,0.465,0,0,0,0.085,0.3,0,0.231
"9606.ENSP00000352516","9606.ENSP00000378702","DNMT1","BRD2",9606,0.526,0,0,0,0.072,0.292,0,0.337
"9606.ENSP00000352516","9606.ENSP00000360609","DNMT1","HSP90AB1",9606,0.646,0,0,0,0.082,0,0,0.63
"9606.ENSP00000352516","9606.ENSP00000371638","DNMT1","SMARCA2",9606,0.672,0,0,0,0.063,0.066,0,0.656
"9606.ENSP00000352516","9606.ENSP00000425979","DNMT1","DROSHA",9606,0.688,0,0,0,0.108,0,0,0.664
"9606.ENSP00000352516","9606.ENSP00000480987","DNMT1","MCM3",9606,0.7,0,0,0,0.577,0.086,0,0.288
"9606.ENSP00000352516","9606.ENSP00000376077","DNMT1","SUMO1",9606,0.725,0,0,0,0.078,0.053,0.4,0.537
"9606.ENSP00000352516","9606.ENSP00000378402","DNMT1","SIN3A",9606,0.918,0,0,0,0.146,0.053,0.5,0.821
"9606.ENSP00000352516","9606.ENSP00000355759","DNMT1","PARP1",9606,0.952,0,0,0,0.326,0.634,0,0.822
"9606.ENSP00000352572","9606.ENSP00000360609","PCNT","HSP90AB1",9606,0.599,0,0,0,0.066,0.088,0.5,0.17
"9606.ENSP00000352572","9606.ENSP00000377298","PCNT","NUMA1",9606,0.647,0,0,0,0.099,0.079,0,0.609
"9606.ENSP00000352572","9606.ENSP00000432768","PCNT","CKAP5",9606,0.709,0,0,0,0.114,0.341,0,0.541
"9606.ENSP00000352925","9606.ENSP00000355759","TRRAP","PARP1",9606,0.412,0,0,0,0.257,0,0,0.24
"9606.ENSP00000352925","9606.ENSP00000377027","TRRAP","TGFBRAP1",9606,0.465,0,0,0,0.074,0,0,0.446
"9606.ENSP00000352925","9606.ENSP00000460348","TRRAP","PRPF8",9606,0.536,0,0,0,0.492,0,0,0.125
"9606.ENSP00000352925","9606.ENSP00000371638","TRRAP","SMARCA2",9606,0.544,0,0,0,0.13,0.073,0,0.48
"9606.ENSP00000352925","9606.ENSP00000365588","TRRAP","MDC1",9606,0.701,0,0,0,0.233,0,0,0.626
"9606.ENSP00000352925","9606.ENSP00000497609","TRRAP","INO80",9606,0.961,0,0,0,0.137,0.426,0.9,0.322
"9606.ENSP00000352925","9606.ENSP00000374212","TRRAP","EP400",9606,0.999,0,0,0,0.374,0.828,0.9,0.994
"9606.ENSP00000353375","9606.ENSP00000420213","MAP4","FLNB",9606,0.453,0,0,0,0.06,0.206,0,0.326
"9606.ENSP00000354039","9606.ENSP00000389445","UBAP2","UBAP2L",9606,0.598,0,0,0.057,0.126,0.537,0,0.072
"9606.ENSP00000355014","9606.ENSP00000364847","PJA1","MAGED1",9606,0.997,0,0,0,0.291,0.612,0,0.992
"9606.ENSP00000355541","9606.ENSP00000356520","HEATR1","DHX9",9606,0.419,0,0,0,0.312,0.178,0,0.055
"9606.ENSP00000355541","9606.ENSP00000498867","HEATR1","LARS2",9606,0.439,0,0,0,0.232,0,0,0.299
"9606.ENSP00000355541","9606.ENSP00000355890","HEATR1","EPRS1",9606,0.454,0,0,0,0.447,0.054,0,0
"9606.ENSP00000355541","9606.ENSP00000377954","HEATR1","LARS1",9606,0.493,0,0,0,0.276,0,0,0.328
"9606.ENSP00000355541","9606.ENSP00000385410","HEATR1","NOLC1",9606,0.51,0,0,0,0.392,0.069,0,0.204
"9606.ENSP00000355541","9606.ENSP00000358140","HEATR1","EIF3A",9606,0.514,0,0,0,0.349,0.284,0,0
"9606.ENSP00000355541","9606.ENSP00000358563","HEATR1","DKC1",9606,0.756,0,0,0,0.677,0.099,0,0.229
"9606.ENSP00000355541","9606.ENSP00000498803","HEATR1","KRI1",9606,0.758,0,0,0,0.307,0.067,0.54,0.282
"9606.ENSP00000355541","9606.ENSP00000481495","HEATR1","DDX24",9606,0.837,0,0,0,0.822,0.113,0,0.051
"9606.ENSP00000355541","9606.ENSP00000483495","HEATR1","DDX27",9606,0.886,0,0,0,0.835,0.097,0,0.297
"9606.ENSP00000355541","9606.ENSP00000370968","HEATR1","MYBBP1A",9606,0.973,0,0,0,0.841,0.586,0,0.626
"9606.ENSP00000355541","9606.ENSP00000366135","HEATR1","EXOSC10",9606,0.978,0,0,0,0.222,0.945,0.4,0.255
"9606.ENSP00000355541","9606.ENSP00000405068","HEATR1","NOP14",9606,0.995,0,0,0,0.765,0.908,0.54,0.583
"9606.ENSP00000355541","9606.ENSP00000363642","HEATR1","BMS1",9606,0.999,0,0,0,0.853,0.991,0.54,0.646
"9606.ENSP00000355541","9606.ENSP00000358812","HEATR1","PDCD11",9606,0.999,0,0,0,0.947,0.966,0.54,0.814
"9606.ENSP00000355759","9606.ENSP00000389377","PARP1","NFATC1",9606,0.403,0,0,0,0,0.292,0,0.192
"9606.ENSP00000355759","9606.ENSP00000378702","PARP1","BRD2",9606,0.407,0,0,0,0.048,0.086,0,0.374
"9606.ENSP00000355759","9606.ENSP00000371321","PARP1","RFC1",9606,0.438,0,0,0,0.193,0.229,0,0.168
"9606.ENSP00000355759","9606.ENSP00000368358","PARP1","POLA1",9606,0.441,0,0,0,0.187,0.292,0,0.106
"9606.ENSP00000355759","9606.ENSP00000371638","PARP1","SMARCA2",9606,0.468,0,0,0,0.077,0.166,0,0.365
"9606.ENSP00000355759","9606.ENSP00000377298","PARP1","NUMA1",9606,0.471,0,0,0,0.099,0.165,0,0.353
"9606.ENSP00000355759","9606.ENSP00000376765","PARP1","PIAS3",9606,0.49,0,0,0,0.049,0.068,0.4,0.154
"9606.ENSP00000355759","9606.ENSP00000355890","PARP1","EPRS1",9606,0.539,0,0,0,0.14,0,0,0.486
"9606.ENSP00000355759","9606.ENSP00000356520","PARP1","DHX9",9606,0.54,0,0,0,0.138,0,0,0.489
"9606.ENSP00000355759","9606.ENSP00000374212","PARP1","EP400",9606,0.545,0,0,0,0.063,0.431,0,0.214
"9606.ENSP00000355759","9606.ENSP00000365588","PARP1","MDC1",9606,0.586,0,0,0,0.15,0,0,0.532
"9606.ENSP00000355759","9606.ENSP00000358081","PARP1","BAG3",9606,0.611,0,0,0,0.098,0.512,0,0.187
"9606.ENSP00000355759","9606.ENSP00000360609","PARP1","HSP90AB1",9606,0.665,0,0,0,0.15,0,0,0.622
"9606.ENSP00000355759","9606.ENSP00000426503","PARP1","RNF4",9606,0.725,0,0,0,0.06,0.625,0,0.284
"9606.ENSP00000355759","9606.ENSP00000480987","PARP1","MCM3",9606,0.749,0,0,0,0.65,0.19,0,0.186
"9606.ENSP00000355759","9606.ENSP00000376077","PARP1","SUMO1",9606,0.752,0,0,0,0.08,0.292,0.5,0.329
"9606.ENSP00000355759","9606.ENSP00000405965","PARP1","SUMO2",9606,0.819,0,0,0,0.088,0.51,0.5,0.286
"9606.ENSP00000355890","9606.ENSP00000464050","EPRS1","DDX42",9606,0.445,0.065,0,0,0.178,0.299,0,0.092
"9606.ENSP00000355890","9606.ENSP00000358563","EPRS1","DKC1",9606,0.476,0.22,0,0,0.274,0,0,0.149
"9606.ENSP00000355890","9606.ENSP00000460348","EPRS1","PRPF8",9606,0.495,0,0,0,0.065,0.209,0,0.372
"9606.ENSP00000355890","9606.ENSP00000370377","EPRS1","PITRM1",9606,0.508,0.042,0,0,0.153,0,0,0.442
"9606.ENSP00000355890","9606.ENSP00000360609","EPRS1","HSP90AB1",9606,0.588,0.057,0,0,0.13,0,0,0.537
"9606.ENSP00000355890","9606.ENSP00000405965","EPRS1","SUMO2",9606,0.608,0,0,0,0.075,0.352,0,0.399
"9606.ENSP00000355890","9606.ENSP00000360268","EPRS1","ALDH18A1",9606,0.723,0.357,0,0,0.187,0.173,0,0.435
"9606.ENSP00000355890","9606.ENSP00000358140","EPRS1","EIF3A",9606,0.737,0,0,0,0.698,0,0,0.163
"9606.ENSP00000355890","9606.ENSP00000358812","EPRS1","PDCD11",9606,0.75,0.06,0,0,0.622,0.08,0,0.325
"9606.ENSP00000355890","9606.ENSP00000498867","EPRS1","LARS2",9606,0.992,0.117,0,0,0.521,0.407,0,0.973
"9606.ENSP00000355890","9606.ENSP00000364794","EPRS1","IARS1",9606,0.999,0.062,0,0,0.926,0.995,0.9,0.993
"9606.ENSP00000355890","9606.ENSP00000377954","EPRS1","LARS1",9606,0.999,0.117,0.119,0,0.906,0.911,0.9,0.983
"9606.ENSP00000356105","9606.ENSP00000389445","SLC41A1","UBAP2L",9606,0.409,0,0,0,0.054,0,0,0.401
"9606.ENSP00000356520","9606.ENSP00000464050","DHX9","DDX42",9606,0.408,0,0,0,0.151,0.122,0,0.27
"9606.ENSP00000356520","9606.ENSP00000359531","DHX9","GTF2B",9606,0.417,0,0,0,0.056,0.318,0,0.167
"9606.ENSP00000356520","9606.ENSP00000385410","DHX9","NOLC1",9606,0.425,0,0,0,0.277,0.103,0,0.184
"9606.ENSP00000356520","9606.ENSP00000366135","DHX9","EXOSC10",9606,0.427,0,0,0,0.2,0.153,0,0.221
"9606.ENSP00000356520","9606.ENSP00000376077","DHX9","SUMO1",9606,0.429,0,0,0,0.276,0.111,0,0.184
"9606.ENSP00000356520","9606.ENSP00000360609","DHX9","HSP90AB1",9606,0.436,0,0,0,0.276,0.064,0,0.235
"9606.ENSP00000356520","9606.ENSP00000358812","DHX9","PDCD11",9606,0.456,0.061,0,0,0.168,0.257,0,0.173
"9606.ENSP00000356520","9606.ENSP00000449386","DHX9","SART3",9606,0.456,0,0,0,0.196,0.292,0,0.121
"9606.ENSP00000356520","9606.ENSP00000363642","DHX9","BMS1",9606,0.46,0,0,0,0.262,0.239,0,0.115
"9606.ENSP00000356520","9606.ENSP00000481495","DHX9","DDX24",9606,0.646,0,0,0,0.106,0.122,0,0.586
"9606.ENSP00000356520","9606.ENSP00000460348","DHX9","PRPF8",9606,0.772,0,0,0,0.268,0.62,0,0.246
"9606.ENSP00000356520","9606.ENSP00000461879","DHX9","POLR2A",9606,0.781,0,0,0,0.089,0.725,0,0.195
"9606.ENSP00000356520","9606.ENSP00000425979","DHX9","DROSHA",9606,0.881,0,0,0,0.123,0.095,0.72,0.527
"9606.ENSP00000356520","9606.ENSP00000404121","DHX9","ILF3",9606,0.981,0,0,0,0.764,0.705,0,0.754
"9606.ENSP00000357644","9606.ENSP00000378702","GATAD2B","BRD2",9606,0.433,0,0,0,0.089,0.383,0,0.072
"9606.ENSP00000357644","9606.ENSP00000484803","GATAD2B","FOXP1",9606,0.463,0,0,0,0.057,0.294,0,0.257
"9606.ENSP00000357644","9606.ENSP00000405965","GATAD2B","SUMO2",9606,0.55,0,0,0,0.07,0.51,0,0.091
"9606.ENSP00000357644","9606.ENSP00000379915","GATAD2B","ATN1",9606,0.55,0,0,0,0.091,0,0.5,0.091
"9606.ENSP00000357644","9606.ENSP00000378402","GATAD2B","SIN3A",9606,0.72,0,0,0,0.166,0.215,0,0.607
"9606.ENSP00000358064","9606.ENSP00000365588","RPRD2","MDC1",9606,0.447,0,0,0,0.056,0.439,0,0
"9606.ENSP00000358064","9606.ENSP00000374212","RPRD2","EP400",9606,0.462,0,0,0,0.437,0.065,0,0.061
"9606.ENSP00000358064","9606.ENSP00000461879","RPRD2","POLR2A",9606,0.758,0,0,0,0.067,0.363,0.5,0.283
"9606.ENSP00000358081","9606.ENSP00000460348","BAG3","PRPF8",9606,0.425,0,0,0,0.067,0.188,0,0.303
"9606.ENSP00000358081","9606.ENSP00000480150","BAG3","HYOU1",9606,0.425,0,0,0,0.064,0.219,0,0.276
"9606.ENSP00000358081","9606.ENSP00000389445","BAG3","UBAP2L",9606,0.442,0,0,0,0.11,0.292,0,0.186
"9606.ENSP00000358081","9606.ENSP00000420213","BAG3","FLNB",9606,0.45,0,0,0,0.066,0,0,0.435
"9606.ENSP00000358081","9606.ENSP00000360609","BAG3","HSP90AB1",9606,0.96,0,0,0,0.153,0.385,0.72,0.758
"9606.ENSP00000358140","9606.ENSP00000359531","EIF3A","GTF2B",9606,0.42,0,0,0,0.067,0.404,0,0
"9606.ENSP00000358140","9606.ENSP00000358812","EIF3A","PDCD11",9606,0.422,0,0,0,0.363,0,0,0.128
"9606.ENSP00000358140","9606.ENSP00000385410","EIF3A","NOLC1",9606,0.428,0,0,0,0.428,0,0,0
"9606.ENSP00000358140","9606.ENSP00000358563","EIF3A","DKC1",9606,0.616,0,0,0,0.277,0.478,0,0.063
"9606.ENSP00000358563","9606.ENSP00000364794","DKC1","IARS1",9606,0.41,0.05,0,0,0.249,0,0,0.24
"9606.ENSP00000358563","9606.ENSP00000374212","DKC1","EP400",9606,0.478,0,0,0,0.098,0.045,0,0.443
"9606.ENSP00000358563","9606.ENSP00000366135","DKC1","EXOSC10",9606,0.589,0,0,0,0.232,0.088,0,0.461
"9606.ENSP00000358563","9606.ENSP00000367028","DKC1","TCOF1",9606,0.612,0,0,0,0.083,0.292,0,0.451
"9606.ENSP00000358563","9606.ENSP00000498803","DKC1","KRI1",9606,0.681,0,0,0,0.305,0.328,0,0.372
"9606.ENSP00000358563","9606.ENSP00000363642","DKC1","BMS1",9606,0.71,0,0,0,0.451,0,0,0.494
"9606.ENSP00000358563","9606.ENSP00000370968","DKC1","MYBBP1A",9606,0.723,0,0,0,0.66,0.184,0,0.084
"9606.ENSP00000358563","9606.ENSP00000405068","DKC1","NOP14",9606,0.745,0,0,0,0.702,0,0,0.181
"9606.ENSP00000358563","9606.ENSP00000481495","DKC1","DDX24",9606,0.835,0.05,0,0,0.383,0.723,0,0.1
"9606.ENSP00000358563","9606.ENSP00000360609","DKC1","HSP90AB1",9606,0.857,0,0,0,0.125,0.064,0,0.839
"9606.ENSP00000358563","9606.ENSP00000483495","DKC1","DDX27",9606,0.919,0.05,0,0,0.833,0.501,0,0.1
"9606.ENSP00000358563","9606.ENSP00000358812","DKC1","PDCD11",9606,0.936,0.115,0,0,0.738,0.481,0,0.533
"9606.ENSP00000358563","9606.ENSP00000385410","DKC1","NOLC1",9606,0.997,0,0,0,0.892,0.615,0.36,0.909
"9606.ENSP00000358812","9606.ENSP00000377954","PDCD11","LARS1",9606,0.423,0.041,0,0,0.327,0,0,0.179
"9606.ENSP00000358812","9606.ENSP00000460348","PDCD11","PRPF8",9606,0.438,0,0,0,0.169,0,0,0.35
"9606.ENSP00000358812","9606.ENSP00000425979","PDCD11","DROSHA",9606,0.536,0.113,0,0,0.3,0.088,0,0.277
"9606.ENSP00000358812","9606.ENSP00000498867","PDCD11","LARS2",9606,0.546,0.041,0,0,0.469,0,0,0.179
"9606.ENSP00000358812","9606.ENSP00000449386","PDCD11","SART3",9606,0.558,0,0,0,0.54,0,0,0.08
"9606.ENSP00000358812","9606.ENSP00000364794","PDCD11","IARS1",9606,0.606,0.113,0,0,0.319,0,0,0.401
"9606.ENSP00000358812","9606.ENSP00000385410","PDCD11","NOLC1",9606,0.738,0,0,0,0.725,0,0,0.085
"9606.ENSP00000358812","9606.ENSP00000498803","PDCD11","KRI1",9606,0.797,0,0,0,0.504,0.114,0,0.575
"9606.ENSP00000358812","9606.ENSP00000481495","PDCD11","DDX24",9606,0.883,0,0,0,0.695,0.257,0,0.528
"9606.ENSP00000358812","9606.ENSP00000483495","PDCD11","DDX27",9606,0.884,0,0,0,0.833,0.271,0,0.124
"9606.ENSP00000358812","9606.ENSP00000366135","PDCD11","EXOSC10",9606,0.939,0,0,0,0.426,0.744,0.4,0.395
"9606.ENSP00000358812","9606.ENSP00000370968","PDCD11","MYBBP1A",9606,0.949,0,0,0,0.929,0,0,0.311
"9606.ENSP00000358812","9606.ENSP00000405068","PDCD11","NOP14",9606,0.999,0,0,0,0.876,0.966,0.8,0.544
"9606.ENSP00000358812","9606.ENSP00000363642","PDCD11","BMS1",9606,0.999,0,0,0,0.937,0.971,0,0.669
"9606.ENSP00000359531","9606.ENSP00000385410","GTF2B","NOLC1",9606,0.482,0,0,0,0.055,0,0,0.475
"9606.ENSP00000359531","9606.ENSP00000461879","GTF2B","POLR2A",9606,0.999,0,0,0,0.065,0.997,0.5,0.907
"9606.ENSP00000360268","9606.ENSP00000498867","ALDH18A1","LARS2",9606,0.4,0.308,0,0,0.155,0,0,0.055
"9606.ENSP00000360268","9606.ENSP00000377954","ALDH18A1","LARS1",9606,0.406,0.308,0,0,0.159,0,0,0.061
"9606.ENSP00000360268","9606.ENSP00000364794","ALDH18A1","IARS1",9606,0.615,0.143,0,0,0.365,0,0,0.35
"9606.ENSP00000360609","9606.ENSP00000460348","HSP90AB1","PRPF8",9606,0.437,0,0,0,0.167,0.209,0,0.214
"9606.ENSP00000360609","9606.ENSP00000420213","HSP90AB1","FLNB",9606,0.473,0,0,0,0.078,0,0,0.452
"9606.ENSP00000360609","9606.ENSP00000376077","HSP90AB1","SUMO1",9606,0.5,0,0,0,0.157,0.127,0,0.375
"9606.ENSP00000360609","9606.ENSP00000480987","HSP90AB1","MCM3",9606,0.501,0,0,0,0.149,0,0,0.437
"9606.ENSP00000360609","9606.ENSP00000366395","HSP90AB1","SYVN1",9606,0.504,0,0,0,0.054,0.328,0,0.281
"9606.ENSP00000360609","9606.ENSP00000392896","HSP90AB1","HSBP1",9606,0.563,0,0,0,0.062,0,0.4,0.287
"9606.ENSP00000360609","9606.ENSP00000461879","HSP90AB1","POLR2A",9606,0.618,0,0,0,0.109,0.113,0,0.555
"9606.ENSP00000360609","9606.ENSP00000378402","HSP90AB1","SIN3A",9606,0.707,0,0,0,0.054,0,0,0.703
"9606.ENSP00000360609","9606.ENSP00000405965","HSP90AB1","SUMO2",9606,0.712,0,0,0,0.12,0.557,0,0.321
"9606.ENSP00000360609","9606.ENSP00000480150","HSP90AB1","HYOU1",9606,0.848,0,0,0,0.334,0.272,0,0.713
"9606.ENSP00000361658","9606.ENSP00000405965","NUP188","SUMO2",9606,0.415,0,0,0,0.054,0,0.4,0.053
"9606.ENSP00000361658","9606.ENSP00000376077","NUP188","SUMO1",9606,0.432,0,0,0,0.067,0,0.4,0.067
"9606.ENSP00000361658","9606.ENSP00000389445","NUP188","UBAP2L",9606,0.497,0,0,0,0.449,0,0,0.126
"9606.ENSP00000363162","9606.ENSP00000498382","ATP6V1G1","DEPDC5",9606,0.499,0,0,0,0,0,0.5,0
"9606.ENSP00000363642","9606.ENSP00000425979","BMS1","DROSHA",9606,0.405,0,0,0,0.355,0,0,0.116
"9606.ENSP00000363642","9606.ENSP00000367028","BMS1","TCOF1",9606,0.435,0,0,0,0.221,0,0,0.304
"9606.ENSP00000363642","9606.ENSP00000385410","BMS1","NOLC1",9606,0.525,0,0,0,0.525,0,0,0
"9606.ENSP00000363642","9606.ENSP00000370968","BMS1","MYBBP1A",9606,0.808,0,0,0,0.749,0.204,0,0.116
"9606.ENSP00000363642","9606.ENSP00000481495","BMS1","DDX24",9606,0.874,0,0,0,0.849,0.145,0,0.101
"9606.ENSP00000363642","9606.ENSP00000498803","BMS1","KRI1",9606,0.921,0,0,0,0.729,0,0.54,0.421
"9606.ENSP00000363642","9606.ENSP00000483495","BMS1","DDX27",9606,0.926,0,0,0,0.897,0.145,0,0.227
"9606.ENSP00000363642","9606.ENSP00000366135","BMS1","EXOSC10",9606,0.992,0,0,0,0.646,0.961,0.4,0.193
"9606.ENSP00000363642","9606.ENSP00000405068","BMS1","NOP14",9606,0.999,0,0,0,0.937,0.966,0.54,0.81
"9606.ENSP00000364794","9606.ENSP00000498867","IARS1","LARS2",9606,0.989,0.106,0,0,0.427,0.094,0,0.98
"9606.ENSP00000364794","9606.ENSP00000377954","IARS1","LARS1",9606,0.999,0.106,0,0,0.881,0.877,0.9,0.997
"9606.ENSP00000365588","9606.ENSP00000377298","MDC1","NUMA1",9606,0.405,0,0,0,0.067,0.207,0,0.26
"9606.ENSP00000365588","9606.ENSP00000480987","MDC1","MCM3",9606,0.41,0,0,0,0.328,0,0,0.158
"9606.ENSP00000365588","9606.ENSP00000497609","MDC1","INO80",9606,0.411,0,0,0,0.091,0.116,0,0.325
"9606.ENSP00000365588","9606.ENSP00000378830","MDC1","QRICH1",9606,0.466,0,0,0,0.083,0.439,0,0.047
"9606.ENSP00000365588","9606.ENSP00000461879","MDC1","POLR2A",9606,0.579,0,0,0,0.067,0.064,0.5,0.151
"9606.ENSP00000365588","9606.ENSP00000378402","MDC1","SIN3A",9606,0.659,0,0,0,0.083,0.421,0,0.41
"9606.ENSP00000365588","9606.ENSP00000374212","MDC1","EP400",9606,0.697,0,0,0,0.149,0.116,0,0.63
"9606.ENSP00000365588","9606.ENSP00000449396","MDC1","SMARCC2",9606,0.719,0,0,0,0.088,0.675,0,0.129
"9606.ENSP00000365588","9606.ENSP00000376077","MDC1","SUMO1",9606,0.721,0,0,0,0.055,0.13,0.5,0.402
"9606.ENSP00000365588","9606.ENSP00000405965","MDC1","SUMO2",9606,0.857,0,0,0,0.047,0.555,0.5,0.408
"9606.ENSP00000365588","9606.ENSP00000426503","MDC1","RNF4",9606,0.928,0,0,0,0.056,0.292,0.4,0.843
"9606.ENSP00000366135","9606.ENSP00000378830","EXOSC10","QRICH1",9606,0.406,0,0,0,0.356,0,0,0.116
"9606.ENSP00000366135","9606.ENSP00000498803","EXOSC10","KRI1",9606,0.427,0,0,0,0.4,0.084,0,0
"9606.ENSP00000366135","9606.ENSP00000481495","EXOSC10","DDX24",9606,0.467,0.042,0,0,0.367,0.109,0,0.13
"9606.ENSP00000366135","9606.ENSP00000461879","EXOSC10","POLR2A",9606,0.529,0,0,0,0.067,0.252,0,0.379
"9606.ENSP00000366135","9606.ENSP00000483495","EXOSC10","DDX27",9606,0.549,0.042,0,0,0.428,0.109,0,0.185
"9606.ENSP00000366135","9606.ENSP00000405965","EXOSC10","SUMO2",9606,0.58,0,0,0,0.054,0.528,0,0.134
"9606.ENSP00000366135","9606.ENSP00000385410","EXOSC10","NOLC1",9606,0.633,0,0,0,0.413,0.069,0,0.382
"9606.ENSP00000366135","9606.ENSP00000425979","EXOSC10","DROSHA",9606,0.656,0,0,0,0.247,0.088,0,0.539
"9606.ENSP00000366135","9606.ENSP00000405068","EXOSC10","NOP14",9606,0.929,0,0,0,0.679,0.663,0.4,0
"9606.ENSP00000366395","9606.ENSP00000480150","SYVN1","HYOU1",9606,0.611,0,0,0,0.131,0.079,0,0.552
"9606.ENSP00000367028","9606.ENSP00000385410","TCOF1","NOLC1",9606,0.853,0,0,0,0.105,0.599,0,0.624
"9606.ENSP00000367705","9606.ENSP00000483236","BCOR","DCAF7",9606,0.524,0,0,0,0.044,0.429,0,0.197
"9606.ENSP00000368358","9606.ENSP00000425979","POLA1","DROSHA",9606,0.426,0.045,0,0,0.315,0,0,0.192
"9606.ENSP00000368358","9606.ENSP00000370968","POLA1","MYBBP1A",9606,0.429,0,0,0,0.158,0,0,0.349
"9606.ENSP00000368358","9606.ENSP00000371321","POLA1","RFC1",9606,0.759,0,0,0,0.266,0.11,0.5,0.35
"9606.ENSP00000368358","9606.ENSP00000480987","POLA1","MCM3",9606,0.988,0,0,0,0.778,0.517,0.72,0.675
"9606.ENSP00000370968","9606.ENSP00000460348","MYBBP1A","PRPF8",9606,0.409,0,0,0,0.237,0.19,0,0.12
"9606.ENSP00000370968","9606.ENSP00000385410","MYBBP1A","NOLC1",9606,0.449,0,0,0,0.4,0,0,0.119
"9606.ENSP00000370968","9606.ENSP00000481495","MYBBP1A","DDX24",9606,0.534,0,0,0,0.407,0.246,0,0
"9606.ENSP00000370968","9606.ENSP00000483495","MYBBP1A","DDX27",9606,0.686,0,0,0,0.605,0.239,0,0
"9606.ENSP00000370968","9606.ENSP00000405068","MYBBP1A","NOP14",9606,0.827,0,0,0,0.813,0,0,0.114
"9606.ENSP00000371638","9606.ENSP00000497609","SMARCA2","INO80",9606,0.463,0,0,0.173,0.06,0.115,0,0.311
"9606.ENSP00000371638","9606.ENSP00000374212","SMARCA2","EP400",9606,0.469,0,0,0.117,0.075,0.113,0,0.352
"9606.ENSP00000371638","9606.ENSP00000405965","SMARCA2","SUMO2",9606,0.51,0,0,0,0.053,0.089,0,0.478
"9606.ENSP00000371638","9606.ENSP00000378702","SMARCA2","BRD2",9606,0.584,0,0,0,0.081,0.455,0,0.236
"9606.ENSP00000371638","9606.ENSP00000378402","SMARCA2","SIN3A",9606,0.83,0,0,0,0.143,0.747,0,0.279
"9606.ENSP00000371638","9606.ENSP00000461879","SMARCA2","POLR2A",9606,0.88,0,0,0,0.08,0.828,0,0.302
"9606.ENSP00000371638","9606.ENSP00000449396","SMARCA2","SMARCC2",9606,0.999,0,0,0,0.095,0.971,0.9,0.995
"9606.ENSP00000374212","9606.ENSP00000449396","EP400","SMARCC2",9606,0.459,0,0,0,0.202,0.125,0,0.287
"9606.ENSP00000374212","9606.ENSP00000425979","EP400","DROSHA",9606,0.483,0,0,0,0.457,0,0,0.088
"9606.ENSP00000374212","9606.ENSP00000378702","EP400","BRD2",9606,0.518,0,0,0,0.117,0.314,0,0.269
"9606.ENSP00000374212","9606.ENSP00000497609","EP400","INO80",9606,0.934,0,0,0,0.252,0.062,0.9,0.177
"9606.ENSP00000376077","9606.ENSP00000410552","SUMO1","SIMC1",9606,0.405,0,0,0,0,0.331,0,0.147
"9606.ENSP00000376077","9606.ENSP00000378402","SUMO1","SIN3A",9606,0.772,0,0,0,0.063,0.328,0.4,0.467
"9606.ENSP00000376077","9606.ENSP00000426503","SUMO1","RNF4",9606,0.967,0,0,0,0.096,0.864,0,0.752
"9606.ENSP00000376077","9606.ENSP00000376765","SUMO1","PIAS3",9606,0.968,0,0,0,0,0.748,0.4,0.808
"9606.ENSP00000376077","9606.ENSP00000405965","SUMO1","SUMO2",9606,0.994,0,0,0.081,0.366,0.091,0.9,0.906
"9606.ENSP00000376765","9606.ENSP00000426503","PIAS3","RNF4",9606,0.602,0,0,0,0.06,0.292,0,0.45
"9606.ENSP00000376765","9606.ENSP00000405965","PIAS3","SUMO2",9606,0.925,0,0,0,0,0.677,0.4,0.644
"9606.ENSP00000377298","9606.ENSP00000487444","NUMA1","SPTAN1",9606,0.404,0,0,0,0.193,0.086,0,0.257
"9606.ENSP00000377298","9606.ENSP00000378702","NUMA1","BRD2",9606,0.437,0,0,0,0.079,0.298,0,0.199
"9606.ENSP00000377298","9606.ENSP00000449396","NUMA1","SMARCC2",9606,0.513,0,0,0,0.475,0.065,0,0.087
"9606.ENSP00000377298","9606.ENSP00000432768","NUMA1","CKAP5",9606,0.588,0,0,0,0.065,0.27,0,0.445
"9606.ENSP00000377298","9606.ENSP00000405965","NUMA1","SUMO2",9606,0.592,0,0,0,0.049,0.539,0,0.145
"9606.ENSP00000377954","9606.ENSP00000498867","LARS1","LARS2",9606,0.944,0,0,0,0.105,0.087,0.9,0.403
"9606.ENSP00000378402","9606.ENSP00000405965","SIN3A","SUMO2",9606,0.475,0,0,0,0.042,0.328,0,0.249
"9606.ENSP00000378402","9606.ENSP00000426503","SIN3A","RNF4",9606,0.475,0,0,0,0.257,0.292,0,0.082
"9606.ENSP00000378402","9606.ENSP00000449396","SIN3A","SMARCC2",9606,0.501,0,0,0,0.13,0.221,0,0.322
"9606.ENSP00000378402","9606.ENSP00000461879","SIN3A","POLR2A",9606,0.555,0,0,0,0.189,0.065,0,0.46
"9606.ENSP00000378702","9606.ENSP00000497609","BRD2","INO80",9606,0.484,0,0,0,0.054,0.472,0,0.051
"9606.ENSP00000378702","9606.ENSP00000481495","BRD2","DDX24",9606,0.519,0,0,0,0.104,0.439,0,0.121
"9606.ENSP00000378702","9606.ENSP00000449396","BRD2","SMARCC2",9606,0.685,0,0,0,0.079,0.612,0,0.188
"9606.ENSP00000378721","9606.ENSP00000405068","SEC31A","NOP14",9606,0.445,0,0,0,0.061,0.434,0,0
"9606.ENSP00000378830","9606.ENSP00000389445","QRICH1","UBAP2L",9606,0.499,0,0,0,0.442,0.096,0,0.087
"9606.ENSP00000378917","9606.ENSP00000389445","ATXN2L","UBAP2L",9606,0.661,0,0,0,0.342,0.406,0,0.2
"9606.ENSP00000382104","9606.ENSP00000445306","DOP1B","ATP1A1",9606,0.603,0,0,0,0.055,0.591,0,0.056
"9606.ENSP00000385410","9606.ENSP00000498803","NOLC1","KRI1",9606,0.42,0,0,0,0.338,0,0,0.16
"9606.ENSP00000385410","9606.ENSP00000449386","NOLC1","SART3",9606,0.428,0,0,0,0.196,0,0,0.317
"9606.ENSP00000385410","9606.ENSP00000483495","NOLC1","DDX27",9606,0.638,0,0,0,0.58,0.074,0,0.144
"9606.ENSP00000385410","9606.ENSP00000405068","NOLC1","NOP14",9606,0.669,0,0,0,0.619,0,0,0.167
"9606.ENSP00000387122","9606.ENSP00000456480","CLEC16A","SNX29",9606,0.401,0,0,0,0.15,0,0,0.323
"9606.ENSP00000393183","9606.ENSP00000398798","DCAF1","ZNF142",9606,0.439,0,0,0,0.439,0,0,0
"9606.ENSP00000393183","9606.ENSP00000483236","DCAF1","DCAF7",9606,0.908,0,0,0,0.06,0,0.9,0.107
"9606.ENSP00000404121","9606.ENSP00000460348","ILF3","PRPF8",9606,0.548,0,0,0,0.295,0.209,0,0.254
"9606.ENSP00000404121","9606.ENSP00000425979","ILF3","DROSHA",9606,0.683,0,0,0,0.074,0.184,0,0.614
"9606.ENSP00000405068","9606.ENSP00000425979","NOP14","DROSHA",9606,0.448,0,0,0,0.391,0,0,0.131
"9606.ENSP00000405068","9606.ENSP00000497609","NOP14","INO80",9606,0.453,0,0,0,0.453,0,0,0
"9606.ENSP00000405068","9606.ENSP00000481495","NOP14","DDX24",9606,0.89,0,0,0,0.824,0.113,0,0.353
"9606.ENSP00000405068","9606.ENSP00000483495","NOP14","DDX27",9606,0.908,0,0,0,0.89,0.113,0,0.133
"9606.ENSP00000405068","9606.ENSP00000498803","NOP14","KRI1",9606,0.944,0,0,0,0.741,0.125,0.54,0.531
"9606.ENSP00000405965","9606.ENSP00000410552","SUMO2","SIMC1",9606,0.404,0,0,0,0,0.331,0,0.145
"9606.ENSP00000405965","9606.ENSP00000449396","SUMO2","SMARCC2",9606,0.438,0,0,0,0.055,0.093,0,0.397
"9606.ENSP00000405965","9606.ENSP00000480987","SUMO2","MCM3",9606,0.505,0,0,0,0.089,0.354,0,0.226
"9606.ENSP00000405965","9606.ENSP00000496699","SUMO2","CHAMP1",9606,0.51,0,0,0,0.042,0.51,0,0
"9606.ENSP00000405965","9606.ENSP00000426503","SUMO2","RNF4",9606,0.995,0,0,0,0.063,0.934,0,0.928
"9606.ENSP00000410552","9606.ENSP00000426503","SIMC1","RNF4",9606,0.407,0,0,0,0.06,0.111,0,0.348
"9606.ENSP00000420213","9606.ENSP00000487444","FLNB","SPTAN1",9606,0.415,0,0,0,0.173,0,0,0.321
"9606.ENSP00000420213","9606.ENSP00000479719","FLNB","CYFIP2",9606,0.427,0,0,0,0.055,0,0,0.418
"9606.ENSP00000420213","9606.ENSP00000500409","FLNB","ARHGAP35",9606,0.601,0,0,0,0.098,0,0,0.576
"9606.ENSP00000425979","9606.ENSP00000483495","DROSHA","DDX27",9606,0.415,0,0,0,0.339,0.091,0,0.105
"9606.ENSP00000425979","9606.ENSP00000481495","DROSHA","DDX24",9606,0.475,0,0,0,0.407,0.091,0,0.105
"9606.ENSP00000445306","9606.ENSP00000497609","ATP1A1","INO80",9606,0.767,0,0,0,0.055,0.045,0,0.762
"9606.ENSP00000449386","9606.ENSP00000498803","SART3","KRI1",9606,0.448,0,0,0,0.302,0,0,0.241
"9606.ENSP00000449386","9606.ENSP00000460348","SART3","PRPF8",9606,0.681,0,0,0,0.294,0.327,0,0.382
"9606.ENSP00000460348","9606.ENSP00000487444","PRPF8","SPTAN1",9606,0.494,0,0,0,0.151,0,0,0.428
"9606.ENSP00000460348","9606.ENSP00000461879","PRPF8","POLR2A",9606,0.563,0,0,0,0.454,0,0,0.233
"9606.ENSP00000464050","9606.ENSP00000481495","DDX42","DDX24",9606,0.421,0,0,0.215,0.126,0,0,0.223
"9606.ENSP00000481495","9606.ENSP00000498803","DDX24","KRI1",9606,0.569,0,0,0,0.406,0.113,0,0.248
"9606.ENSP00000481495","9606.ENSP00000483495","DDX24","DDX27",9606,0.834,0,0,0.191,0.694,0.262,0,0.198
"9606.ENSP00000483495","9606.ENSP00000498803","DDX27","KRI1",9606,0.864,0,0,0,0.849,0.113,0,0.072
