"","TP0003_CD8_LTBI","TP0004_CD8_LTBI","TP0005_CD8_LTBI","TP0008_CD8_LTBI","TP0015_CD8_LTBI","TU0084_CD8_HC","XT0101_CD8_HC","TU0079_CD8_HC","TU0119_CD8_HC","TP0001_CD8_LTBI","TP0007_CD8_LTBI","TU0146_CD8_HC","XT0103_CD8_HC","TP0013_CD8_LTBI","TU0005_CD8_LTBI","TU0010_CD8_LTBI","TU0013_CD8_LTBI","TU0021_CD8_LTBI","TU0022_CD8_LTBI","TU0024_CD8_LTBI","TU0033_CD8_LTBI","TU0035_CD8_LTBI","TU0046_CD8_LTBI","TU0050_CD8_HC","TU0052_CD8_HC","TU0053_CD8_HC","TU0056_CD8_HC","TU0057_CD8_HC","TU0059_CD8_HC","TU0063_CD8_LTBI","TU0070_CD8_LTBI","TU0071_CD8_HC","TU0075_CD8_LTBI","TU0085_CD8_HC","TU0094_CD8_HC","TU0110_CD8_HC","XT0082_CD8_HC","XT0106_CD8_HC","XT0123_CD8_HC","XT0134_CD8_LTBI"
"TP0003_CD8_LTBI",1,0.977156983057932,0.975183113273549,0.964187813301319,0.970032899929564,0.966375932746598,0.954880135676629,0.956992996095742,0.962359512951785,0.940446086046361,0.963191301361967,0.945496427369384,0.960088280121823,0.936472439292637,0.938316039815539,0.948881287779786,0.945026742243505,0.910048985002157,0.952538718477906,0.953757052624112,0.944783628312298,0.940856589889146,0.947748692429142,0.945776298696958,0.949257943758552,0.9523857034065,0.939661622697848,0.945900146513324,0.950222426053478,0.946825745301254,0.949858472608011,0.940425192349472,0.939168221323688,0.945534771979705,0.94977773240232,0.946838058810375,0.93300444164769,0.940794457261011,0.940366163006903,0.94633473369524
"TP0004_CD8_LTBI",0.977156983057932,1,0.976857126402041,0.969997952766896,0.972605491593014,0.971921006484705,0.958857434340661,0.955260736971554,0.963871796787706,0.938446989957005,0.965225350039016,0.953210689663886,0.96422239232148,0.931312936921832,0.938415869343682,0.951845064022299,0.947447455163457,0.921457926143104,0.952232203085499,0.954292067125782,0.947314767843707,0.937260199212303,0.950227556571692,0.946966592051673,0.947971453493279,0.953265894400592,0.94323404596992,0.946434528436449,0.954196452044091,0.952595366962338,0.95202851085517,0.941035670696794,0.942409372160123,0.947245848685063,0.949734702705489,0.95132383548457,0.932931355196961,0.942357776917052,0.94487992187718,0.951696407984971
"TP0005_CD8_LTBI",0.975183113273549,0.976857126402041,1,0.96597496670076,0.977164991074765,0.969521468012141,0.952772448118942,0.955345863863236,0.964473906978447,0.938392762599554,0.961267853209008,0.941844697685081,0.95253508434134,0.93217101546682,0.930854118678108,0.940862335653263,0.940904530526188,0.910675898292976,0.947968144463797,0.943938289643291,0.94152656256551,0.935928065366343,0.943970847711817,0.942597009006512,0.94529924963223,0.946924385163664,0.937749065759215,0.93911803513272,0.94687883314629,0.94737315557481,0.941545333914878,0.933423754930232,0.938493221107521,0.944547334515276,0.944250466061888,0.94062147213128,0.923490622889766,0.930152867650819,0.936322441600658,0.939509401245818
"TP0008_CD8_LTBI",0.964187813301319,0.969997952766896,0.96597496670076,1,0.96054884539511,0.972522875331748,0.964442753327343,0.950612107532563,0.957703000976051,0.934468779346075,0.961017665054197,0.944642686151511,0.957799102773328,0.930841538333031,0.942834102565278,0.946042624069524,0.947168432116157,0.915502290672425,0.950794935768324,0.948397523697261,0.949121526740485,0.931127024746182,0.947251555459865,0.944632162945521,0.945139374541853,0.949738644030074,0.942365917341245,0.946024242087998,0.95207695876857,0.952435262795533,0.944890406081486,0.938942724781099,0.94255393239317,0.943786993032235,0.943192069363092,0.94294857771069,0.930484317408775,0.941244583912626,0.945433978389422,0.945798992789142
"TP0015_CD8_LTBI",0.970032899929564,0.972605491593014,0.977164991074765,0.96054884539511,1,0.961350067797221,0.950871915156465,0.951890623309485,0.960908137554798,0.934280494860391,0.958618643507694,0.942340984205696,0.950286310138972,0.929494483733121,0.933449386248688,0.939991895902332,0.93765331950225,0.925792563630082,0.945792600540151,0.941427239435858,0.941186441965084,0.936291972195073,0.943981210274661,0.940056345160042,0.940845598735328,0.947435183975889,0.935803357260931,0.937435792818478,0.945805298479546,0.9468109339061,0.939146042831806,0.928778661409627,0.936376104553768,0.938592875629776,0.94089147255444,0.939058625615147,0.922231811650776,0.931155836119094,0.93723257759878,0.937592560500837
"TU0084_CD8_HC",0.966375932746598,0.971921006484705,0.969521468012141,0.972522875331748,0.961350067797221,1,0.961995034409704,0.963405332111105,0.971377694668608,0.928691702013293,0.960988263926505,0.954785345117968,0.957595513104582,0.931432948144796,0.936811956947138,0.948167735360375,0.94770902384952,0.916540935424783,0.954065355365523,0.948775634704061,0.947806326973685,0.937041551158361,0.951246976993412,0.952092865140398,0.946654642243391,0.955616503124477,0.948733368046017,0.940180066826906,0.95399163240837,0.958376959009044,0.94671885926364,0.944254285366644,0.955123469960904,0.956150524952142,0.947409983634346,0.944703007255985,0.93282214827858,0.937320768521801,0.94559325216637,0.947644234466665
"XT0101_CD8_HC",0.954880135676629,0.958857434340661,0.952772448118942,0.964442753327343,0.950871915156465,0.961995034409704,1,0.948779656687178,0.955185337960064,0.925881219611336,0.950258644220081,0.950070408239528,0.95322178531372,0.928505433987778,0.943285563631883,0.94429162903691,0.941793624553635,0.917498969800911,0.945684901622596,0.944154400898008,0.943886720104774,0.93164155653106,0.944388848488766,0.937463219094661,0.939494941434349,0.948534162345117,0.941565797175788,0.941197338535524,0.948785122681555,0.947097557264193,0.938461644671985,0.935757826147935,0.937862852546487,0.939201899157629,0.938398961513962,0.940621173099792,0.932904237315947,0.945123090926552,0.948671157297937,0.946662296835789
"TU0079_CD8_HC",0.956992996095742,0.955260736971554,0.955345863863236,0.950612107532563,0.951890623309485,0.963405332111105,0.948779656687178,1,0.981610544624931,0.900040225705007,0.939639207610083,0.952597220524737,0.941269783945493,0.933877486589838,0.9365854210566,0.94759097119191,0.940156658077183,0.930673837804308,0.949418966457695,0.942558493955811,0.940876164818952,0.946421384730628,0.945893382292559,0.944575057088838,0.940467336097314,0.955399747040613,0.945696268254318,0.930859542419284,0.949639720709924,0.948943732160396,0.936625372340651,0.936507483097281,0.949431170492414,0.946347396545095,0.936860833968359,0.93332513181578,0.933412230357756,0.93485616160257,0.945372219096872,0.944550936409628
"TU0119_CD8_HC",0.962359512951785,0.963871796787706,0.964473906978447,0.957703000976051,0.960908137554798,0.971377694668608,0.955185337960064,0.981610544624931,1,0.910354777944856,0.946764871661181,0.956141131502799,0.947654906452434,0.928514168832615,0.93285072302002,0.944304205865251,0.939236870140649,0.922055293550136,0.948713356253686,0.941319744843403,0.939922041408323,0.9406006228534,0.946294546694059,0.944483433043933,0.940249662438623,0.953467598927468,0.944401044838113,0.930850406887987,0.94988976324725,0.952035590728758,0.93846283065459,0.93599738306944,0.949766792136623,0.94800091670307,0.942506292183697,0.938475232644537,0.933621316552232,0.936777541054431,0.947105779886271,0.948946188487655
"TP0001_CD8_LTBI",0.940446086046361,0.938446989957005,0.938392762599554,0.934468779346075,0.934280494860391,0.928691702013293,0.925881219611336,0.900040225705007,0.910354777944856,1,0.968926346636852,0.927325174308078,0.9609708558785,0.937217708763143,0.93423782172477,0.941919768486633,0.948234745560759,0.878135369346178,0.947576920856109,0.949648533957441,0.950540106632733,0.934563093221429,0.941172064978101,0.938250851937197,0.949234548283765,0.942968912446896,0.938998155696725,0.950533339704405,0.940941334485886,0.939081222342051,0.947331581524954,0.945639701084153,0.926589526423634,0.940997724430621,0.950673237506383,0.951797149934806,0.932174056837774,0.936220434426086,0.937425820837792,0.938298335524092
"TP0007_CD8_LTBI",0.963191301361967,0.965225350039016,0.961267853209008,0.961017665054197,0.958618643507694,0.960988263926505,0.950258644220081,0.939639207610083,0.946764871661181,0.968926346636852,1,0.954904090985596,0.97588751370879,0.946410210708102,0.950027622820179,0.957634515833139,0.963662533593671,0.912060277981375,0.96761666352916,0.963572831007731,0.964904886790153,0.948826325464221,0.959277000156065,0.964852098761435,0.96398635459324,0.966273089317604,0.955815843039601,0.961690066972082,0.964538755832448,0.967901784698734,0.964852758051061,0.954483356963964,0.955403092603618,0.962160039207228,0.966481262882755,0.96424769190301,0.943068370365101,0.948376972935145,0.953849726421717,0.955997158443318
"TU0146_CD8_HC",0.945496427369384,0.953210689663886,0.941844697685081,0.944642686151511,0.942340984205696,0.954785345117968,0.950070408239528,0.952597220524737,0.956141131502799,0.927325174308078,0.954904090985596,1,0.965263182756209,0.926934944087678,0.941668544820573,0.957111757095061,0.946528969386389,0.934716171265122,0.952066924913444,0.948237189530659,0.94853614753973,0.940196653523993,0.948046323215917,0.948779844672323,0.944226698454416,0.959198888007104,0.949052117848257,0.934462688072097,0.955210651312601,0.957325011384329,0.948210654578677,0.94360823575242,0.953754494591933,0.948942995462853,0.951407936229149,0.95244169185051,0.940557834995689,0.953229993983687,0.958842639039132,0.960272233728745
"XT0103_CD8_HC",0.960088280121823,0.96422239232148,0.95253508434134,0.957799102773328,0.950286310138972,0.957595513104582,0.95322178531372,0.941269783945493,0.947654906452434,0.9609708558785,0.97588751370879,0.965263182756209,1,0.93943946305768,0.948577036154395,0.961372463732221,0.958433158163105,0.917386801483778,0.961481655364456,0.963618426466328,0.960070992619446,0.945811578044068,0.957120638018549,0.95693927332642,0.958938399928363,0.962533746897328,0.95254479995202,0.957401464710727,0.962383821304616,0.96028721771921,0.962557746233534,0.954750028624004,0.948578285166324,0.956537388607964,0.964983721240869,0.966043161986867,0.947917621234774,0.9569343312415,0.958965700280799,0.962277823748145
"TP0013_CD8_LTBI",0.936472439292637,0.931312936921832,0.93217101546682,0.930841538333031,0.929494483733121,0.931432948144796,0.928505433987778,0.933877486589838,0.928514168832615,0.937217708763143,0.946410210708102,0.926934944087678,0.93943946305768,1,0.94737222877054,0.95125667974461,0.952778764424807,0.895710292319369,0.953297697960267,0.952926279930838,0.954370642044716,0.959871362824604,0.945520656316792,0.948131903508377,0.949502220426645,0.952446757194023,0.952561461838411,0.944829561591207,0.94371314089636,0.945346220731382,0.947445748096462,0.953417304192626,0.942037499230363,0.94748935332854,0.951563701474883,0.943799850953454,0.950662952799316,0.942708659533796,0.9453361738488,0.943283045682782
"TU0005_CD8_LTBI",0.938316039815539,0.938415869343682,0.930854118678108,0.942834102565278,0.933449386248688,0.936811956947138,0.943285563631883,0.9365854210566,0.93285072302002,0.93423782172477,0.950027622820179,0.941668544820573,0.948577036154395,0.94737222877054,1,0.959742349533909,0.95808010522407,0.920453768209683,0.960146250415171,0.955925777832914,0.958328399385455,0.9563394717453,0.95245604741447,0.946942799504718,0.954156090601246,0.958413128853246,0.955669323251668,0.954686675443505,0.955261782198221,0.954466909219775,0.952769865918446,0.95059848433284,0.945045670425831,0.945342005334721,0.948635502473645,0.950835912985374,0.951620079123408,0.958005740435611,0.958644732264217,0.955315371787779
"TU0010_CD8_LTBI",0.948881287779786,0.951845064022299,0.940862335653263,0.946042624069524,0.939991895902332,0.948167735360375,0.94429162903691,0.94759097119191,0.944304205865251,0.941919768486633,0.957634515833139,0.957111757095061,0.961372463732221,0.95125667974461,0.959742349533909,1,0.964936700299393,0.928432093918163,0.966440138928556,0.967733705876783,0.965655986960484,0.96238838077499,0.960510891652673,0.957114586364356,0.962938906737781,0.968581945280164,0.964795861011977,0.958531064534446,0.962754108882315,0.960336546914769,0.963281089531259,0.965027646746577,0.955363250572318,0.95838496238534,0.96239128384449,0.965958350214131,0.958691470021635,0.963766411771416,0.965012266640575,0.9653454169953
"TU0013_CD8_LTBI",0.945026742243505,0.947447455163457,0.940904530526188,0.947168432116157,0.93765331950225,0.94770902384952,0.941793624553635,0.940156658077183,0.939236870140649,0.948234745560759,0.963662533593671,0.946528969386389,0.958433158163105,0.952778764424807,0.95808010522407,0.964936700299393,1,0.91849270001155,0.96844519536601,0.963553749246707,0.96762231799835,0.958054894148229,0.957948707558078,0.961928495342061,0.963585215530447,0.966874810041351,0.962683610341471,0.958582877390689,0.961675170119741,0.963623813521867,0.963837287478608,0.960750875864528,0.95671958204136,0.959232014528516,0.95961071009449,0.961922012044445,0.953148205892998,0.955768872886738,0.959607687087863,0.963393731846665
"TU0021_CD8_LTBI",0.910048985002157,0.921457926143104,0.910675898292976,0.915502290672425,0.925792563630082,0.916540935424783,0.917498969800911,0.930673837804308,0.922055293550136,0.878135369346178,0.912060277981375,0.934716171265122,0.917386801483778,0.895710292319369,0.920453768209683,0.928432093918163,0.91849270001155,1,0.925810457352327,0.918197013814139,0.92572886199544,0.917965990123171,0.923620408307983,0.914363454033619,0.916712559391697,0.934463298973517,0.922508894463761,0.908202004959542,0.930686326546514,0.929963633889218,0.91442463782613,0.905106744596756,0.919031378347506,0.91207681512313,0.905534189104037,0.919153847238737,0.904086890443864,0.921019247567526,0.931010039793594,0.927290588242017
"TU0022_CD8_LTBI",0.952538718477906,0.952232203085499,0.947968144463797,0.950794935768324,0.945792600540151,0.954065355365523,0.945684901622596,0.949418966457695,0.948713356253686,0.947576920856109,0.96761666352916,0.952066924913444,0.961481655364456,0.953297697960267,0.960146250415171,0.966440138928556,0.96844519536601,0.925810457352327,1,0.966316739774096,0.969515889904505,0.961640229964147,0.96120719732736,0.966012983294225,0.967559664301547,0.974002674325076,0.965650805893287,0.960714553472266,0.967385024930052,0.96984688544829,0.966177845025251,0.961351841241794,0.963467118295366,0.963868984013865,0.96428136542296,0.963048069990194,0.954587734450434,0.956087244420301,0.962244057837022,0.961792081082482
"TU0024_CD8_LTBI",0.953757052624112,0.954292067125782,0.943938289643291,0.948397523697261,0.941427239435858,0.948775634704061,0.944154400898008,0.942558493955811,0.941319744843403,0.949648533957441,0.963572831007731,0.948237189530659,0.963618426466328,0.952926279930838,0.955925777832914,0.967733705876783,0.963553749246707,0.918197013814139,0.966316739774096,1,0.967256840813811,0.957638539926168,0.95991695041285,0.958996618357931,0.96425822996023,0.966358024337735,0.962669932016234,0.966767913857796,0.965044877672629,0.961677097681057,0.968304935857798,0.966375300534177,0.95473038939762,0.962294007228063,0.966148737121837,0.967673639402899,0.956845015142677,0.958373230035014,0.960430680033455,0.963383646193235
"TU0033_CD8_LTBI",0.944783628312298,0.947314767843707,0.94152656256551,0.949121526740485,0.941186441965084,0.947806326973685,0.943886720104774,0.940876164818952,0.939922041408323,0.950540106632733,0.964904886790153,0.94853614753973,0.960070992619446,0.954370642044716,0.958328399385455,0.965655986960484,0.96762231799835,0.92572886199544,0.969515889904505,0.967256840813811,1,0.959728889951136,0.962617866059728,0.962942298756599,0.964591273096879,0.970057535386443,0.96603501165152,0.961396541281195,0.965962470740785,0.9659109008715,0.964765493656314,0.960563894093655,0.956953377442447,0.961167362508008,0.961086792062995,0.963794507321754,0.954078794870674,0.955753581219826,0.962679530845785,0.960981584810508
"TU0035_CD8_LTBI",0.940856589889146,0.937260199212303,0.935928065366343,0.931127024746182,0.936291972195073,0.937041551158361,0.93164155653106,0.946421384730628,0.9406006228534,0.934563093221429,0.948826325464221,0.940196653523993,0.945811578044068,0.959871362824604,0.9563394717453,0.96238838077499,0.958054894148229,0.917965990123171,0.961640229964147,0.957638539926168,0.959728889951136,1,0.954649560588252,0.952403493545013,0.95979947126383,0.961851641924775,0.961829224732312,0.951847264102024,0.954250659643897,0.954597044910664,0.95416784922907,0.958159168773533,0.951286569503642,0.952519757705046,0.95476812027592,0.95290410442364,0.957879567185698,0.951518986382504,0.957198916300551,0.953622409186418
"TU0046_CD8_LTBI",0.947748692429142,0.950227556571692,0.943970847711817,0.947251555459865,0.943981210274661,0.951246976993412,0.944388848488766,0.945893382292559,0.946294546694059,0.941172064978101,0.959277000156065,0.948046323215917,0.957120638018549,0.945520656316792,0.95245604741447,0.960510891652673,0.957948707558078,0.923620408307983,0.96120719732736,0.95991695041285,0.962617866059728,0.954649560588252,1,0.955597368905273,0.9562995159896,0.963984864472075,0.958447550350296,0.954347947569683,0.958668498660916,0.958951722846004,0.955810341890871,0.952720329639039,0.949912948776525,0.954717681784249,0.953657116144103,0.957798095929811,0.946284812217284,0.949365177847653,0.957258726587432,0.953800688596062
"TU0050_CD8_HC",0.945776298696958,0.946966592051673,0.942597009006512,0.944632162945521,0.940056345160042,0.952092865140398,0.937463219094661,0.944575057088838,0.944483433043933,0.938250851937197,0.964852098761435,0.948779844672323,0.95693927332642,0.948131903508377,0.946942799504718,0.957114586364356,0.961928495342061,0.914363454033619,0.966012983294225,0.958996618357931,0.962942298756599,0.952403493545013,0.955597368905273,1,0.958456558564261,0.968279649500567,0.959109378205585,0.951078282378427,0.961962982619571,0.966769742853333,0.961947179671056,0.953972953194024,0.963838324952684,0.961490419041569,0.961958718560138,0.955440172305926,0.945622873654856,0.944050368112657,0.952250164560792,0.953601437682203
"TU0052_CD8_HC",0.949257943758552,0.947971453493279,0.94529924963223,0.945139374541853,0.940845598735328,0.946654642243391,0.939494941434349,0.940467336097314,0.940249662438623,0.949234548283765,0.96398635459324,0.944226698454416,0.958938399928363,0.949502220426645,0.954156090601246,0.962938906737781,0.963585215530447,0.916712559391697,0.967559664301547,0.96425822996023,0.964591273096879,0.95979947126383,0.9562995159896,0.958456558564261,1,0.966547290057816,0.962996456203306,0.964044812956645,0.963297701657148,0.962653530674326,0.963556040701548,0.960259033869125,0.954785051662274,0.961991471428706,0.963824724932629,0.963732446228807,0.952553558725018,0.955778249072921,0.960406109993481,0.960801006631887
"TU0053_CD8_HC",0.9523857034065,0.953265894400592,0.946924385163664,0.949738644030074,0.947435183975889,0.955616503124477,0.948534162345117,0.955399747040613,0.953467598927468,0.942968912446896,0.966273089317604,0.959198888007104,0.962533746897328,0.952446757194023,0.958413128853246,0.968581945280164,0.966874810041351,0.934463298973517,0.974002674325076,0.966358024337735,0.970057535386443,0.961851641924775,0.963984864472075,0.968279649500567,0.966547290057816,1,0.967235578121926,0.959802260191021,0.970101206251789,0.970238836567902,0.965919917882907,0.960370512718875,0.965374945515913,0.966629770819078,0.964225461840486,0.965349311286962,0.954924014401078,0.957240543466252,0.965495292998489,0.963548011166287
"TU0056_CD8_HC",0.939661622697848,0.94323404596992,0.937749065759215,0.942365917341245,0.935803357260931,0.948733368046017,0.941565797175788,0.945696268254318,0.944401044838113,0.938998155696725,0.955815843039601,0.949052117848257,0.95254479995202,0.952561461838411,0.955669323251668,0.964795861011977,0.962683610341471,0.922508894463761,0.965650805893287,0.962669932016234,0.96603501165152,0.961829224732312,0.958447550350296,0.959109378205585,0.962996456203306,0.967235578121926,1,0.956064698403922,0.962131001073322,0.964234172088068,0.96082246902752,0.965653304598149,0.962033622506326,0.962892617478934,0.960177863291256,0.961479346291042,0.957506528782974,0.95723123737071,0.96400130824693,0.961131491910554
"TU0057_CD8_HC",0.945900146513324,0.946434528436449,0.93911803513272,0.946024242087998,0.937435792818478,0.940180066826906,0.941197338535524,0.930859542419284,0.930850406887987,0.950533339704405,0.961690066972082,0.934462688072097,0.957401464710727,0.944829561591207,0.954686675443505,0.958531064534446,0.958582877390689,0.908202004959542,0.960714553472266,0.966767913857796,0.961396541281195,0.951847264102024,0.954347947569683,0.951078282378427,0.964044812956645,0.959802260191021,0.956064698403922,1,0.96022975121011,0.955989592435614,0.960687294070323,0.955980417057185,0.94402711002034,0.956083656962171,0.958384597033505,0.963069282629143,0.948601272416865,0.954062125585531,0.956899194508132,0.954809953730902
"TU0059_CD8_HC",0.950222426053478,0.954196452044091,0.94687883314629,0.95207695876857,0.945805298479546,0.95399163240837,0.948785122681555,0.949639720709924,0.94988976324725,0.940941334485886,0.964538755832448,0.955210651312601,0.962383821304616,0.94371314089636,0.955261782198221,0.962754108882315,0.961675170119741,0.930686326546514,0.967385024930052,0.965044877672629,0.965962470740785,0.954250659643897,0.958668498660916,0.961962982619571,0.963297701657148,0.970101206251789,0.962131001073322,0.96022975121011,1,0.966791838524812,0.963942509694216,0.955311131567554,0.960553846763614,0.963083165429515,0.961658661961863,0.961736315559812,0.9518644758319,0.953574243087855,0.962946570635747,0.96144705314307
"TU0063_CD8_LTBI",0.946825745301254,0.952595366962338,0.94737315557481,0.952435262795533,0.9468109339061,0.958376959009044,0.947097557264193,0.948943732160396,0.952035590728758,0.939081222342051,0.967901784698734,0.957325011384329,0.96028721771921,0.945346220731382,0.954466909219775,0.960336546914769,0.963623813521867,0.929963633889218,0.96984688544829,0.961677097681057,0.9659109008715,0.954597044910664,0.958951722846004,0.966769742853333,0.962653530674326,0.970238836567902,0.964234172088068,0.955989592435614,0.966791838524812,1,0.963996525934687,0.958888067430012,0.968041848164974,0.965842429131884,0.964124444973588,0.960852051029818,0.94813503859553,0.950897036986663,0.9605300864661,0.960494212325533
"TU0070_CD8_LTBI",0.949858472608011,0.95202851085517,0.941545333914878,0.944890406081486,0.939146042831806,0.94671885926364,0.938461644671985,0.936625372340651,0.93846283065459,0.947331581524954,0.964852758051061,0.948210654578677,0.962557746233534,0.947445748096462,0.952769865918446,0.963281089531259,0.963837287478608,0.91442463782613,0.966177845025251,0.968304935857798,0.964765493656314,0.95416784922907,0.955810341890871,0.961947179671056,0.963556040701548,0.965919917882907,0.96082246902752,0.960687294070323,0.963942509694216,0.963996525934687,1,0.961558937239435,0.956739373967663,0.961197384175897,0.964949523183233,0.96499877136513,0.954286382118628,0.955492149790677,0.95727233706836,0.961544598594125
"TU0071_CD8_HC",0.940425192349472,0.941035670696794,0.933423754930232,0.938942724781099,0.928778661409627,0.944254285366644,0.935757826147935,0.936507483097281,0.93599738306944,0.945639701084153,0.954483356963964,0.94360823575242,0.954750028624004,0.953417304192626,0.95059848433284,0.965027646746577,0.960750875864528,0.905106744596756,0.961351841241794,0.966375300534177,0.960563894093655,0.958159168773533,0.952720329639039,0.953972953194024,0.960259033869125,0.960370512718875,0.965653304598149,0.955980417057185,0.955311131567554,0.958888067430012,0.961558937239435,1,0.956246793518915,0.962508115087362,0.965612141781054,0.961670098411066,0.959002034910548,0.956278696211984,0.957648059241097,0.959866848863963
"TU0075_CD8_LTBI",0.939168221323688,0.942409372160123,0.938493221107521,0.94255393239317,0.936376104553768,0.955123469960904,0.937862852546487,0.949431170492414,0.949766792136623,0.926589526423634,0.955403092603618,0.953754494591933,0.948578285166324,0.942037499230363,0.945045670425831,0.955363250572318,0.95671958204136,0.919031378347506,0.963467118295366,0.95473038939762,0.956953377442447,0.951286569503642,0.949912948776525,0.963838324952684,0.954785051662274,0.965374945515913,0.962033622506326,0.94402711002034,0.960553846763614,0.968041848164974,0.956739373967663,0.956246793518915,1,0.963411523833799,0.958264085143315,0.950320017635914,0.945490812251789,0.943110649794439,0.953316538288386,0.952984121704992
"TU0085_CD8_HC",0.945534771979705,0.947245848685063,0.944547334515276,0.943786993032235,0.938592875629776,0.956150524952142,0.939201899157629,0.946347396545095,0.94800091670307,0.940997724430621,0.962160039207228,0.948942995462853,0.956537388607964,0.94748935332854,0.945342005334721,0.95838496238534,0.959232014528516,0.91207681512313,0.963868984013865,0.962294007228063,0.961167362508008,0.952519757705046,0.954717681784249,0.961490419041569,0.961991471428706,0.966629770819078,0.962892617478934,0.956083656962171,0.963083165429515,0.965842429131884,0.961197384175897,0.962508115087362,0.963411523833799,1,0.965186342009518,0.959951581541617,0.949514734947584,0.9490126329862,0.956271103603631,0.956794287590791
"TU0094_CD8_HC",0.94977773240232,0.949734702705489,0.944250466061888,0.943192069363092,0.94089147255444,0.947409983634346,0.938398961513962,0.936860833968359,0.942506292183697,0.950673237506383,0.966481262882755,0.951407936229149,0.964983721240869,0.951563701474883,0.948635502473645,0.96239128384449,0.95961071009449,0.905534189104037,0.96428136542296,0.966148737121837,0.961086792062995,0.95476812027592,0.953657116144103,0.961958718560138,0.963824724932629,0.964225461840486,0.960177863291256,0.958384597033505,0.961658661961863,0.964124444973588,0.964949523183233,0.965612141781054,0.958264085143315,0.965186342009518,1,0.966455315692655,0.953888471075657,0.95520269420257,0.957774476204591,0.961438701742191
"TU0110_CD8_HC",0.946838058810375,0.95132383548457,0.94062147213128,0.94294857771069,0.939058625615147,0.944703007255985,0.940621173099792,0.93332513181578,0.938475232644537,0.951797149934806,0.96424769190301,0.95244169185051,0.966043161986867,0.943799850953454,0.950835912985374,0.965958350214131,0.961922012044445,0.919153847238737,0.963048069990194,0.967673639402899,0.963794507321754,0.95290410442364,0.957798095929811,0.955440172305926,0.963732446228807,0.965349311286962,0.961479346291042,0.963069282629143,0.961736315559812,0.960852051029818,0.96499877136513,0.961670098411066,0.950320017635914,0.959951581541617,0.966455315692655,1,0.955993931093218,0.96081775457473,0.962303040930594,0.965284587841671
"XT0082_CD8_HC",0.93300444164769,0.932931355196961,0.923490622889766,0.930484317408775,0.922231811650776,0.93282214827858,0.932904237315947,0.933412230357756,0.933621316552232,0.932174056837774,0.943068370365101,0.940557834995689,0.947917621234774,0.950662952799316,0.951620079123408,0.958691470021635,0.953148205892998,0.904086890443864,0.954587734450434,0.956845015142677,0.954078794870674,0.957879567185698,0.946284812217284,0.945622873654856,0.952553558725018,0.954924014401078,0.957506528782974,0.948601272416865,0.9518644758319,0.94813503859553,0.954286382118628,0.959002034910548,0.945490812251789,0.949514734947584,0.953888471075657,0.955993931093218,1,0.958696092202237,0.956959788382817,0.957872142856603
"XT0106_CD8_HC",0.940794457261011,0.942357776917052,0.930152867650819,0.941244583912626,0.931155836119094,0.937320768521801,0.945123090926552,0.93485616160257,0.936777541054431,0.936220434426086,0.948376972935145,0.953229993983687,0.9569343312415,0.942708659533796,0.958005740435611,0.963766411771416,0.955768872886738,0.921019247567526,0.956087244420301,0.958373230035014,0.955753581219826,0.951518986382504,0.949365177847653,0.944050368112657,0.955778249072921,0.957240543466252,0.95723123737071,0.954062125585531,0.953574243087855,0.950897036986663,0.955492149790677,0.956278696211984,0.943110649794439,0.9490126329862,0.95520269420257,0.96081775457473,0.958696092202237,1,0.965600969014307,0.965671353294598
"XT0123_CD8_HC",0.940366163006903,0.94487992187718,0.936322441600658,0.945433978389422,0.93723257759878,0.94559325216637,0.948671157297937,0.945372219096872,0.947105779886271,0.937425820837792,0.953849726421717,0.958842639039132,0.958965700280799,0.9453361738488,0.958644732264217,0.965012266640575,0.959607687087863,0.931010039793594,0.962244057837022,0.960430680033455,0.962679530845785,0.957198916300551,0.957258726587432,0.952250164560792,0.960406109993481,0.965495292998489,0.96400130824693,0.956899194508132,0.962946570635747,0.9605300864661,0.95727233706836,0.957648059241097,0.953316538288386,0.956271103603631,0.957774476204591,0.962303040930594,0.956959788382817,0.965600969014307,1,0.967278368373425
"XT0134_CD8_LTBI",0.94633473369524,0.951696407984971,0.939509401245818,0.945798992789142,0.937592560500837,0.947644234466665,0.946662296835789,0.944550936409628,0.948946188487655,0.938298335524092,0.955997158443318,0.960272233728745,0.962277823748145,0.943283045682782,0.955315371787779,0.9653454169953,0.963393731846665,0.927290588242017,0.961792081082482,0.963383646193235,0.960981584810508,0.953622409186418,0.953800688596062,0.953601437682203,0.960801006631887,0.963548011166287,0.961131491910554,0.954809953730902,0.96144705314307,0.960494212325533,0.961544598594125,0.959866848863963,0.952984121704992,0.956794287590791,0.961438701742191,0.965284587841671,0.957872142856603,0.965671353294598,0.967278368373425,1
