"Gene","Ensembl","Module","Module_Name","log2FC","FDR","Direction_in_TB","MM","Gene_Significance","PPI_Degree","RWR_score","Diffusion_score","Top_MM","Top_GS","Top_PPI_Degree","Top_RWR","Top_Diffusion","N_criteria","Criteria_met","Final_Priority","DEG_WGCNA_overlap","In_PPI_network"
"RRM2","ENSG00000171848","magenta",NA,1.60517382907789,4.7566698333438e-05,"up",0.906424275583901,0.549615934000596,93,0.0248957867887045,0.0243205028776479,TRUE,TRUE,TRUE,TRUE,TRUE,4,"MM+GS+PPI_Degree+RWR+Diffusion","High",TRUE,TRUE
"CKS2","ENSG00000123975","magenta",NA,1.22564730289778,6.0541675294525e-05,"up",0.759211177060464,0.629518454955251,53,0.023451933967544,0.0240318115332252,TRUE,TRUE,TRUE,TRUE,TRUE,4,"MM+GS+PPI_Degree+RWR+Diffusion","High",TRUE,TRUE
"CCNB1","ENSG00000134057","magenta",NA,1.63428994394331,0.000293932214134971,"up",0.796298447179598,0.609888948403664,111,0.025922313279422,0.0245777524122136,TRUE,TRUE,TRUE,TRUE,TRUE,4,"MM+GS+PPI_Degree+RWR+Diffusion","High",TRUE,TRUE
"TPX2","ENSG00000088325","magenta",NA,1.4657349240611,0.00880778204377923,"up",0.807271603263958,0.512603970952873,73,0.0239364394013675,0.024015880051775,TRUE,TRUE,TRUE,TRUE,TRUE,4,"MM+GS+PPI_Degree+RWR+Diffusion","High",TRUE,TRUE
"TYMS","ENSG00000176890","magenta",NA,1.31267478170617,0.0096874942383053,"up",0.809887205649389,0.437079182154095,89,0.0245502996842506,0.0241888271853761,TRUE,TRUE,TRUE,TRUE,TRUE,4,"MM+GS+PPI_Degree+RWR+Diffusion","High",TRUE,TRUE
"GZMB","ENSG00000100453","purple",NA,1.53623210087126,0.0125540742488223,"up",0.888051767136136,0.549697826133497,53,0.022993782952424,0.0221524518672964,TRUE,TRUE,TRUE,TRUE,TRUE,4,"MM+GS+PPI_Degree+RWR+Diffusion","High",TRUE,TRUE
"UBE2C","ENSG00000175063","magenta",NA,1.45355237168016,0.0126070304666393,"up",0.873889426054303,0.561797457000633,81,0.0241201889273133,0.0239941320472582,TRUE,TRUE,TRUE,TRUE,TRUE,4,"MM+GS+PPI_Degree+RWR+Diffusion","High",TRUE,TRUE
"BIRC5","ENSG00000089685","magenta",NA,1.08505215188109,0.0209786092646504,"up",0.869945815145731,0.510604754400489,100,0.0247822190523807,0.0241599371309818,TRUE,TRUE,TRUE,TRUE,TRUE,4,"MM+GS+PPI_Degree+RWR+Diffusion","High",TRUE,TRUE
"CCNB2","ENSG00000157456","magenta",NA,1.62188800667394,0.0273533364313766,"up",0.894247988952425,0.498844982667482,89,0.024715772886364,0.0242708593680701,TRUE,TRUE,TRUE,TRUE,TRUE,4,"MM+GS+PPI_Degree+RWR+Diffusion","High",TRUE,TRUE
"FUT7","ENSG00000180549","green",NA,1.39124226586245,4.64632709128159e-06,"up",0.856862059242062,0.506695029752269,6,0.0217636188387443,0.021806296146783,TRUE,TRUE,FALSE,TRUE,TRUE,3,"MM+GS+RWR+Diffusion","Medium",TRUE,TRUE
"ACOT7","ENSG00000097021","magenta",NA,1.15296383735778,4.7566698333438e-05,"up",0.782644960016817,0.59639085107554,7,0.0219493031135556,0.0220638570151928,TRUE,TRUE,FALSE,TRUE,TRUE,3,"MM+GS+RWR+Diffusion","Medium",TRUE,TRUE
"SLC1A5","ENSG00000105281","green",NA,1.07452703493443,6.95107476258147e-05,"up",0.853729739060884,0.494629229885882,18,0.021686045344284,0.0217710145122608,TRUE,TRUE,FALSE,TRUE,TRUE,3,"MM+GS+RWR+Diffusion","Medium",TRUE,TRUE
"TK1","ENSG00000167900","green",NA,1.58297360983465,8.8883781957425e-05,"up",0.754435484558611,0.54573758542042,75,0.0242032537271385,0.0242061819814882,FALSE,TRUE,TRUE,TRUE,TRUE,3,"GS+PPI_Degree+RWR+Diffusion","Medium",TRUE,TRUE
"CLSPN","ENSG00000092853","magenta",NA,2.00882695131709,0.000475825177505245,"up",0.662363228451551,0.608061550228178,53,0.0229086683385894,0.0233683925042629,FALSE,TRUE,TRUE,TRUE,TRUE,3,"GS+PPI_Degree+RWR+Diffusion","Medium",TRUE,TRUE
"OASL","ENSG00000135114","green",NA,1.06875727451811,0.00250088437498974,"up",0.776211438356592,0.512898763607776,14,0.0212416631115674,0.0213134995506414,TRUE,TRUE,FALSE,TRUE,TRUE,3,"MM+GS+RWR+Diffusion","Medium",TRUE,TRUE
"PCLAF","ENSG00000166803","magenta",NA,1.13918734941316,0.0136248867434609,"up",0.728203314336552,0.501422189633708,67,0.0240064682398299,0.0242200210507463,FALSE,TRUE,TRUE,TRUE,TRUE,3,"GS+PPI_Degree+RWR+Diffusion","Medium",TRUE,TRUE
"CDK1","ENSG00000170312","magenta",NA,1.39762084571929,0.0178198551930533,"up",0.676594967652706,0.505698232311934,123,0.0261367932863219,0.0245354207853835,FALSE,TRUE,TRUE,TRUE,TRUE,3,"GS+PPI_Degree+RWR+Diffusion","Medium",TRUE,TRUE
"PLK1","ENSG00000166851","magenta",NA,1.4536083302141,0.0282050933953566,"up",0.718479497249145,0.45426726831389,112,0.0252561654873143,0.0242956411106171,FALSE,TRUE,TRUE,TRUE,TRUE,3,"GS+PPI_Degree+RWR+Diffusion","Medium",TRUE,TRUE
"HJURP","ENSG00000123485","green",NA,1.9376435068177,0.0319211356296347,"up",0.53950353781336,0.592681221844011,69,0.0238513133456807,0.0240323390307303,FALSE,TRUE,TRUE,TRUE,TRUE,3,"GS+PPI_Degree+RWR+Diffusion","Medium",TRUE,TRUE
"IL12RB2","ENSG00000081985","magenta",NA,1.2632042599503,0.00080502643334325,"up",0.680106775671361,0.496276915176935,12,0.0215180720733042,0.0218358205110597,FALSE,TRUE,FALSE,TRUE,TRUE,2,"GS+RWR+Diffusion","Medium",TRUE,TRUE
"HLA-DQA1","ENSG00000196735","purple",NA,1.37360059747623,0.00374225854353743,"up",0.488152933509787,0.521623029668629,25,0.0216059196221366,0.0216122355428523,FALSE,TRUE,FALSE,TRUE,TRUE,2,"GS+RWR+Diffusion","Medium",TRUE,TRUE
"CCR10","ENSG00000184451","green",NA,1.03688573985825,0.00639778692370976,"up",0.660246014454872,0.451856666512288,9,0.02118893301751,0.0212950400564337,FALSE,TRUE,FALSE,TRUE,TRUE,2,"GS+RWR+Diffusion","Medium",TRUE,TRUE
"E2F2","ENSG00000007968","green",NA,1.20312408951539,0.00740314650685662,"up",0.69182531398488,0.507277083848844,27,0.021958704374468,0.0227429029737509,FALSE,TRUE,FALSE,TRUE,TRUE,2,"GS+RWR+Diffusion","Medium",TRUE,TRUE
"PSME2P1","ENSG00000238000","green",NA,1.09193803511295,6.0234914564382e-05,"up",0.486648648103259,0.657681358692329,NA,NA,NA,FALSE,TRUE,FALSE,FALSE,FALSE,1,"GS","Low",TRUE,FALSE
"IFNG-AS1","ENSG00000255733","green",NA,-1.60984532936621,0.000129172996907252,"down",-0.576365348609237,-0.612404278638053,NA,NA,NA,FALSE,TRUE,FALSE,FALSE,FALSE,1,"GS","Low",TRUE,FALSE
"MDS2","ENSG00000197880","magenta",NA,-1.23133740419761,0.000471337884675247,"down",-0.628922469486301,-0.658083137536433,NA,NA,NA,FALSE,TRUE,FALSE,FALSE,FALSE,1,"GS","Low",TRUE,FALSE
NA,"ENSG00000279602","green",NA,1.40562964580942,0.00235377513870037,"up",0.732491006339123,0.527431519134793,NA,NA,NA,FALSE,TRUE,FALSE,FALSE,FALSE,1,"GS","Low",TRUE,FALSE
"H1-5","ENSG00000184357","green",NA,1.16686506066974,0.0142536679001053,"up",0.68839608175503,0.417259103591304,17,0.0214273495508881,0.0219227827742793,FALSE,FALSE,FALSE,TRUE,TRUE,1,"RWR+Diffusion","Low",TRUE,TRUE
NA,"ENSG00000225492","magenta",NA,1.34913399030218,0.044008561073854,"up",0.515317916280762,0.445653302939783,NA,NA,NA,FALSE,TRUE,FALSE,FALSE,FALSE,1,"GS","Low",TRUE,FALSE
