"category","subcategory","ID","Description","GeneRatio","BgRatio","RichFactor","FoldEnrichment","zScore","pvalue","p.adjust","qvalue","geneID","Count"
"Genetic Information Processing","Chromosome","hsa03082","ATP-dependent chromatin remodeling","9/109","93/5433",0.0967741935483871,4.82361645457236,5.32131874587461,8.9170826070959e-05,0.0144456738234954,0.0144456738234954,"9031/6595/10847/54617/6601/57459/6599/57634/8295",9
"Genetic Information Processing","Translation","hsa03008","Ribosome biogenesis in eukaryotes","7/109","71/5433",0.0985915492957746,4.9142008011371,4.74988371199828,0.000498454596453529,0.0403748223127359,0.0403748223127359,"6949/29102/55127/1736/55226/65083/9790",7
"Genetic Information Processing","Translation","hsa00970","Aminoacyl-tRNA biosynthesis","5/109","43/5433",0.116279069767442,5.7958182206102,4.5172764007712,0.001555171458933,0.0839792587823818,0.0839792587823818,"23395/16/51520/2058/3376",5
"Genetic Information Processing","Translation","hsa03013","Nucleocytoplasmic transport","7/109","95/5433",0.0736842105263158,3.67271849348141,3.7601038758776,0.00279357782959478,0.113139902098588,0.113139902098588,"55746/23511/7341/57510/23225/10250/6613",7
"Genetic Information Processing","Replication and repair","hsa03030","DNA replication","4/109","35/5433",0.114285714285714,5.69646133682831,3.98806694278615,0.00497279395237117,0.161118524056826,0.161118524056826,"5981/5422/4172/6117",4
"Genetic Information Processing","Transcription","hsa03040","Spliceosome","7/109","137/5433",0.0510948905109489,2.54677559766959,2.62354014131343,0.0196141331751911,0.529581595730159,0.529581595730159,"51729/51639/9785/23020/10594/23450/11325",7
"Genetic Information Processing","Replication and repair","hsa03420","Nucleotide excision repair","4/109","57/5433",0.0701754385964912,3.49782713664896,2.71234096680926,0.0268352955433089,0.621045411145149,0.621045411145149,"5981/6117/1642/5430",4
"Genetic Information Processing","Replication and repair","hsa03430","Mismatch repair","2/109","21/5433",0.0952380952380952,4.74705111402359,2.46146960315974,0.0653898197629844,0.96047757638386,0.96047757638386,"5981/6117",2
"Genetic Information Processing","Chromosome","hsa03083","Polycomb repressive complex","4/109","76/5433",0.0526315789473684,2.62337035248672,2.03909607823013,0.0655200911046724,0.96047757638386,0.96047757638386,"10238/3054/54880/7874",4
NA,NA,"hsa04156","Integrated stress response (ISR) signaling pathway","3/109","47/5433",0.0638297872340425,3.18153425727113,2.14907661210415,0.0674406201177581,0.96047757638386,0.96047757638386,"3326/3313/57521",3
"Human Diseases","Cancer: overview","hsa05206","MicroRNAs in cancer","5/109","130/5433",0.0384615384615385,1.91707833450953,1.51422845259917,0.119277415260695,0.96047757638386,0.96047757638386,"7430/27086/894/1786/57521",5
"Genetic Information Processing","Transcription","hsa03020","RNA polymerase","2/109","30/5433",0.0666666666666667,3.32293577981651,1.82538489820996,0.120780854857634,0.96047757638386,0.96047757638386,"25885/5430",2
"Cellular Processes","Transport and catabolism","hsa04136","Autophagy - other","2/109","31/5433",0.0645161290322581,3.21574430304824,1.77009797216407,0.127490604404322,0.96047757638386,0.96047757638386,"57521/30849",2
"Genetic Information Processing","Folding, sorting and degradation","hsa04120","Ubiquitin mediated proteolysis","5/109","133/5433",0.037593984962406,1.87383596606194,1.4597951206111,0.127957119953456,0.96047757638386,0.96047757638386,"10075/10401/7428/84447/1642",5
"Genetic Information Processing","Transcription","hsa03022","Basal transcription factors","2/109","35/5433",0.0571428571428571,2.84823066841415,1.56945135980271,0.155133092398496,0.96047757638386,0.96047757638386,"2959/83860",2
"Genetic Information Processing","Folding, sorting and degradation","hsa03018","RNA degradation","3/109","70/5433",0.0428571428571429,2.13617300131062,1.3688746871928,0.165105254284362,0.96047757638386,0.96047757638386,"3313/5394/10766",3
"Organismal Systems","Digestive system","hsa04971","Gastric acid secretion","2/109","40/5433",0.05,2.49220183486239,1.35524078012548,0.191075282677896,0.96047757638386,0.96047757638386,"7430/476",2
"Genetic Information Processing","Replication and repair","hsa03410","Base excision repair","2/109","43/5433",0.0465116279069767,2.31832728824408,1.24175864758276,0.213142215943904,0.96047757638386,0.96047757638386,"5981/142",2
"Metabolism","Amino acid metabolism","hsa00220","Arginine biosynthesis","1/109","12/5433",0.0833333333333333,4.15366972477064,1.56473657633198,0.216079658667363,0.96047757638386,0.96047757638386,"790",1
"Metabolism","Lipid metabolism","hsa00061","Fatty acid biosynthesis","1/109","13/5433",0.0769230769230769,3.83415666901905,1.46376039740646,0.231841938173959,0.96047757638386,0.96047757638386,"2194",1
"Organismal Systems","Excretory system","hsa04964","Proximal tubule bicarbonate reclamation","1/109","14/5433",0.0714285714285714,3.56028833551769,1.37235802470293,0.247290135358283,0.96047757638386,0.96047757638386,"476",1
"Metabolism","Nucleotide metabolism","hsa00240","Pyrimidine metabolism","2/109","49/5433",0.0408163265306122,2.03445047743868,1.04070903514048,0.257870786479439,0.96047757638386,0.96047757638386,"790/6240",2
"Metabolism","Glycan biosynthesis and metabolism","hsa00510","N-Glycan biosynthesis","2/109","49/5433",0.0408163265306122,2.03445047743868,1.04070903514048,0.257870786479439,0.96047757638386,0.96047757638386,"6480/4249",2
"Organismal Systems","Immune system","hsa04659","Th17 cell differentiation","3/109","91/5433",0.032967032967033,1.64321000100817,0.885310569091235,0.275328811594157,0.96047757638386,0.96047757638386,"4775/3326/4772",3
"Metabolism","Glycan biosynthesis and metabolism","hsa00531","Glycosaminoglycan degradation","1/109","16/5433",0.0625,3.11525229357798,1.21231884004563,0.277268968077775,0.96047757638386,0.96047757638386,"138050",1
"Metabolism","Metabolism of cofactors and vitamins","hsa00770","Pantothenate and CoA biosynthesis","1/109","17/5433",0.0588235294117647,2.93200215866163,1.14147616211042,0.291811645293858,0.96047757638386,0.96047757638386,"79717",1
"Organismal Systems","Digestive system","hsa04980","Cobalamin transport and metabolism","1/109","17/5433",0.0588235294117647,2.93200215866163,1.14147616211042,0.291811645293858,0.96047757638386,0.96047757638386,"3054",1
"Environmental Information Processing","Signal transduction","hsa04022","cGMP-PKG signaling pathway","3/109","96/5433",0.03125,1.55762614678899,0.78868621612503,0.302855008550784,0.96047757638386,0.96047757638386,"4775/4772/476",3
"Organismal Systems","Excretory system","hsa04966","Collecting duct acid secretion","1/109","18/5433",0.0555555555555556,2.76911314984709,1.07563949194989,0.306064328207996,0.96047757638386,0.96047757638386,"9550",1
"Human Diseases","Cardiovascular disease","hsa05418","Fluid shear stress and atherosclerosis","3/109","102/5433",0.0294117647058824,1.46600107933081,0.679761828417723,0.336055495557045,0.96047757638386,0.96047757638386,"3326/7341/6613",3
"Human Diseases","Infectious disease: viral","hsa05166","Human T-cell leukemia virus 1 infection","5/109","192/5433",0.0260416666666667,1.29802178899083,0.601541588200741,0.341356870590316,0.96047757638386,0.96047757638386,"4775/894/4772/64784/8295",5
"Metabolism","Metabolism of terpenoids and polyketides","hsa00900","Terpenoid backbone biosynthesis","1/109","21/5433",0.0476190476190476,2.3735255570118,0.902280568069748,0.347139155014206,0.96047757638386,0.96047757638386,"78991",1
"Metabolism","Amino acid metabolism","hsa00250","Alanine, aspartate and glutamate metabolism","1/109","22/5433",0.0454545454545455,2.26563803169308,0.851052195259431,0.360288052298658,0.96047757638386,0.96047757638386,"790",1
"Metabolism","Metabolism of cofactors and vitamins","hsa00860","Porphyrin metabolism","1/109","23/5433",0.0434782608695652,2.16713203031512,0.802526495312238,0.373174506244222,0.96047757638386,0.96047757638386,"2058",1
"Organismal Systems","Excretory system","hsa04960","Aldosterone-regulated sodium reabsorption","1/109","23/5433",0.0434782608695652,2.16713203031512,0.802526495312238,0.373174506244222,0.96047757638386,0.96047757638386,"476",1
"Genetic Information Processing","Folding, sorting and degradation","hsa04141","Protein processing in endoplasmic reticulum","4/109","156/5433",0.0256410256410256,1.27805222300635,0.504160979825172,0.382450375415259,0.96047757638386,0.96047757638386,"3326/22872/10525/84447",4
"Metabolism","Global and overview maps","hsa01240","Biosynthesis of cofactors","3/109","111/5433",0.027027027027027,1.34713612695264,0.528686199700811,0.385684230025075,0.96047757638386,0.96047757638386,"790/79717/2058",3
"Environmental Information Processing","Signal transduction","hsa04310","Wnt signaling pathway","3/109","113/5433",0.0265486725663717,1.32329300966144,0.496882642702268,0.396620736881616,0.96047757638386,0.96047757638386,"4775/894/4772",3
"Human Diseases","Cancer: overview","hsa05203","Viral carcinogenesis","4/109","160/5433",0.025,1.24610091743119,0.45208327929903,0.400805213208366,0.96047757638386,0.96047757638386,"894/2959/1642/7874",4
"Human Diseases","Neurodegenerative disease","hsa05017","Spinocerebellar ataxia","3/109","114/5433",0.0263157894736842,1.31168517624336,0.481202288869407,0.402070861699995,0.96047757638386,0.96047757638386,"2959/11273/30849",3
"Organismal Systems","Digestive system","hsa04973","Carbohydrate digestion and absorption","1/109","28/5433",0.0357142857142857,1.78014416775885,0.592147825584445,0.433848279744811,0.96047757638386,0.96047757638386,"476",1
"Cellular Processes","Cell growth and death","hsa04210","Apoptosis","3/109","120/5433",0.025,1.24610091743119,0.390039017663938,0.43446546667191,0.96047757638386,0.96047757638386,"835/142/6709",3
"Organismal Systems","Immune system","hsa04670","Leukocyte transendothelial migration","2/109","74/5433",0.027027027027027,1.34713612695264,0.430177707918806,0.439751606591221,0.96047757638386,0.96047757638386,"7430/2909",2
"Human Diseases","Infectious disease: viral","hsa05170","Human immunodeficiency virus 1 infection","4/109","170/5433",0.0235294117647059,1.17280086346465,0.327512432138798,0.446238021747777,0.96047757638386,0.96047757638386,"4775/4772/9730/1642",4
"Organismal Systems","Immune system","hsa04658","Th1 and Th2 cell differentiation","2/109","75/5433",0.0266666666666667,1.32917431192661,0.410704366040727,0.446590289012456,0.96047757638386,0.96047757638386,"4775/4772",2
"Environmental Information Processing","Signal transduction","hsa04150","mTOR signaling pathway","3/109","123/5433",0.024390243902439,1.21570821212799,0.346215159897344,0.450431408334732,0.96047757638386,0.96047757638386,"9681/9550/57521",3
"Cellular Processes","Cell motility","hsa04820","Cytoskeleton in muscle cells","3/109","123/5433",0.024390243902439,1.21570821212799,0.346215159897344,0.450431408334732,0.96047757638386,0.96047757638386,"6711/476/6709",3
"Organismal Systems","Immune system","hsa04662","B cell receptor signaling pathway","2/109","76/5433",0.0263157894736842,1.31168517624336,0.391504020968932,0.453382971095683,0.96047757638386,0.96047757638386,"4775/4772",2
"Metabolism","Amino acid metabolism","hsa00330","Arginine and proline metabolism","1/109","31/5433",0.032258064516129,1.60787215152412,0.485612559746895,0.467420184447882,0.96047757638386,0.96047757638386,"5832",1
"Organismal Systems","Digestive system","hsa04978","Mineral absorption","1/109","31/5433",0.032258064516129,1.60787215152412,0.485612559746895,0.467420184447882,0.96047757638386,0.96047757638386,"476",1
"Human Diseases","Cancer: specific types","hsa05225","Hepatocellular carcinoma","3/109","127/5433",0.0236220472440945,1.17741818969876,0.289461286134067,0.471437145956854,0.96047757638386,0.96047757638386,"6595/6601/6599",3
"Cellular Processes","Transport and catabolism","hsa04148","Efferocytosis","3/109","128/5433",0.0234375,1.16821961009174,0.275557996788454,0.476634008044762,0.96047757638386,0.96047757638386,"4775/4772/9392",3
"Human Diseases","Cancer: overview","hsa05235","PD-L1 expression and PD-1 checkpoint pathway in cancer","2/109","80/5433",0.025,1.24610091743119,0.31727343510524,0.480076187779222,0.96047757638386,0.96047757638386,"4775/4772",2
"Genetic Information Processing","Translation","hsa03015","mRNA surveillance pathway","2/109","81/5433",0.0246913580246914,1.2307169554876,0.299321611993316,0.486626194797476,0.96047757638386,0.96047757638386,"23293/10250",2
"Cellular Processes","Transport and catabolism","hsa04142","Lysosome biogenesis","5/109","231/5433",0.0216450216450216,1.07887525318718,0.17528134156005,0.496930042488926,0.96047757638386,0.96047757638386,"9741/5007/9550/57521/138050",5
"Human Diseases","Infectious disease: viral","hsa05161","Hepatitis B","3/109","132/5433",0.0227272727272727,1.13281901584654,0.22102552336365,0.497186053316077,0.96047757638386,0.96047757638386,"4775/4772/1642",3
"Metabolism","Glycan biosynthesis and metabolism","hsa00514","Other types of O-glycan biosynthesis","1/109","34/5433",0.0294117647058824,1.46600107933081,0.389981336737261,0.499018513548543,0.96047757638386,0.96047757638386,"6480",1
"Organismal Systems","Excretory system","hsa04962","Vasopressin-regulated water reabsorption","1/109","34/5433",0.0294117647058824,1.46600107933081,0.389981336737261,0.499018513548543,0.96047757638386,0.96047757638386,"1778",1
"Organismal Systems","Digestive system","hsa04974","Protein digestion and absorption","1/109","34/5433",0.0294117647058824,1.46600107933081,0.389981336737261,0.499018513548543,0.96047757638386,0.96047757638386,"476",1
"Organismal Systems","Digestive system","hsa04976","Bile secretion","1/109","34/5433",0.0294117647058824,1.46600107933081,0.389981336737261,0.499018513548543,0.96047757638386,0.96047757638386,"476",1
"Organismal Systems","Immune system","hsa04625","C-type lectin receptor signaling pathway","2/109","84/5433",0.0238095238095238,1.1867627785059,0.24681285553166,0.505969522911903,0.96047757638386,0.96047757638386,"4775/4772",2
"Organismal Systems","Excretory system","hsa04961","Endocrine and other factor-regulated calcium reabsorption","1/109","35/5433",0.0285714285714286,1.42411533420708,0.360143568310989,0.509132790641191,0.96047757638386,0.96047757638386,"476",1
"Cellular Processes","Cell growth and death","hsa04218","Cellular senescence","3/109","135/5433",0.0222222222222222,1.10764525993884,0.181209066996402,0.51233847344141,0.96047757638386,0.96047757638386,"4775/894/4772",3
"Cellular Processes","Cellular community - eukaryotes","hsa04510","Focal adhesion","3/109","135/5433",0.0222222222222222,1.10764525993884,0.181209066996402,0.51233847344141,0.96047757638386,0.96047757638386,"894/2317/2909",3
"Genetic Information Processing","Replication and repair","hsa03440","Homologous recombination","1/109","36/5433",0.0277777777777778,1.38455657492355,0.331214536173192,0.519044707243657,0.96047757638386,0.96047757638386,"6117",1
"Organismal Systems","Environmental adaptation","hsa04714","Thermogenesis","4/109","189/5433",0.0211640211640212,1.0549002475608,0.109912723580796,0.529319660369203,0.96047757638386,0.96047757638386,"6595/6601/57521/6599",4
"Cellular Processes","Cell growth and death","hsa04110","Cell cycle","3/109","139/5433",0.0215827338129496,1.07577057619959,0.129476254533377,0.532169094649884,0.96047757638386,0.96047757638386,"8243/4172/894",3
"Environmental Information Processing","Signal transduction","hsa04340","Hedgehog signaling pathway","1/109","38/5433",0.0263157894736842,1.31168517624336,0.27585847290376,0.538277428024316,0.96047757638386,0.96047757638386,"894",1
"Metabolism","Amino acid metabolism","hsa00270","Cysteine and methionine metabolism","1/109","39/5433",0.0256410256410256,1.27805222300635,0.249331592113683,0.547606021230127,0.96047757638386,0.96047757638386,"1786",1
"Metabolism","Metabolism of other amino acids","hsa00480","Glutathione metabolism","1/109","39/5433",0.0256410256410256,1.27805222300635,0.249331592113683,0.547606021230127,0.96047757638386,0.96047757638386,"6240",1
"Organismal Systems","Endocrine system","hsa04911","Insulin secretion","1/109","39/5433",0.0256410256410256,1.27805222300635,0.249331592113683,0.547606021230127,0.96047757638386,0.96047757638386,"476",1
"Human Diseases","Infectious disease: bacterial","hsa05110","Vibrio cholerae infection","1/109","40/5433",0.025,1.24610091743119,0.223512658634282,0.556747835039158,0.96047757638386,0.96047757638386,"9550",1
"Environmental Information Processing","Signaling molecules and interaction","hsa04518","Integrin signaling","2/109","93/5433",0.021505376344086,1.07191476768275,0.100083626567146,0.561124731841516,0.96047757638386,0.96047757638386,"894/2317",2
"Environmental Information Processing","Signal transduction","hsa04630","JAK-STAT signaling pathway","2/109","93/5433",0.021505376344086,1.07191476768275,0.100083626567146,0.561124731841516,0.96047757638386,0.96047757638386,"894/10401",2
"Environmental Information Processing","Signal transduction","hsa04152","AMPK signaling pathway","2/109","94/5433",0.0212765957446809,1.06051141909038,0.0846730903191247,0.566979199917835,0.96047757638386,0.96047757638386,"57521/2194",2
"Metabolism","Xenobiotics biodegradation and metabolism","hsa00983","Drug metabolism - other enzymes","1/109","43/5433",0.0232558139534884,1.15916364412204,0.149919396519944,0.583089295276929,0.96047757638386,0.96047757638386,"6240",1
"Human Diseases","Infectious disease: bacterial","hsa05130","Pathogenic Escherichia coli infection","3/109","150/5433",0.02,0.996880733944954,-0.00554283370908937,0.584322528419746,0.96047757638386,0.96047757638386,"26999/7430/4691",3
"Organismal Systems","Endocrine system","hsa04919","Thyroid hormone signaling pathway","2/109","98/5433",0.0204081632653061,1.01722523871934,0.0246198374686224,0.589839368609547,0.96047757638386,0.96047757638386,"476/25942",2
"Organismal Systems","Digestive system","hsa04970","Salivary secretion","1/109","44/5433",0.0227272727272727,1.13281901584654,0.126562956268096,0.591520328081162,0.96047757638386,0.96047757638386,"476",1
"Organismal Systems","Digestive system","hsa04972","Pancreatic secretion","1/109","44/5433",0.0227272727272727,1.13281901584654,0.126562956268096,0.591520328081162,0.96047757638386,0.96047757638386,"476",1
"Genetic Information Processing","Replication and repair","hsa03460","Fanconi anemia pathway","1/109","45/5433",0.0222222222222222,1.10764525993884,0.103743639663695,0.599782396041665,0.96047757638386,0.96047757638386,"6117",1
"Organismal Systems","Endocrine system","hsa04918","Thyroid hormone synthesis","1/109","45/5433",0.0222222222222222,1.10764525993884,0.103743639663695,0.599782396041665,0.96047757638386,0.96047757638386,"476",1
"Cellular Processes","Transport and catabolism","hsa04140","Autophagy - animal","3/109","154/5433",0.0194805194805195,0.970987727868462,-0.0522565071681174,0.602366251531512,0.96047757638386,0.96047757638386,"26003/57521/30849",3
"Organismal Systems","Aging","hsa04213","Longevity regulating pathway - multiple species","1/109","46/5433",0.0217391304347826,1.08356601515756,0.0814346487749518,0.607878854622114,0.96047757638386,0.96047757638386,"57521",1
"Organismal Systems","Nervous system","hsa04721","Synaptic vesicle cycle","1/109","46/5433",0.0217391304347826,1.08356601515756,0.0814346487749518,0.607878854622114,0.96047757638386,0.96047757638386,"9550",1
"Cellular Processes","Cell motility","hsa04810","Regulation of actin cytoskeleton","3/109","156/5433",0.0192307692307692,0.958539167254764,-0.0751762882353525,0.611196408373373,0.96047757638386,0.96047757638386,"26999/7430/2909",3
"Human Diseases","Cardiovascular disease","hsa05417","Lipid and atherosclerosis","3/109","156/5433",0.0192307692307692,0.958539167254764,-0.0751762882353525,0.611196408373373,0.96047757638386,0.96047757638386,"4775/3326/4772",3
"Metabolism","Global and overview maps","hsa01212","Fatty acid metabolism","1/109","47/5433",0.0212765957446809,1.06051141909038,0.0596111086034617,0.615812993260724,0.96047757638386,0.96047757638386,"2194",1
"Human Diseases","Immune disease","hsa05321","Inflammatory bowel disease","1/109","47/5433",0.0212765957446809,1.06051141909038,0.0596111086034617,0.615812993260724,0.96047757638386,0.96047757638386,"4772",1
"Organismal Systems","Endocrine system","hsa04921","Oxytocin signaling pathway","2/109","103/5433",0.0194174757281553,0.967845372762091,-0.0471381564311655,0.617153973435077,0.96047757638386,0.96047757638386,"4775/4772",2
"Environmental Information Processing","Signal transduction","hsa04068","FoxO signaling pathway","2/109","104/5433",0.0192307692307692,0.958539167254764,-0.0610809715684355,0.622448716772706,0.96047757638386,0.96047757638386,"894/7874",2
"Organismal Systems","Immune system","hsa04660","T cell receptor signaling pathway","2/109","104/5433",0.0192307692307692,0.958539167254764,-0.0610809715684355,0.622448716772706,0.96047757638386,0.96047757638386,"4775/4772",2
"Human Diseases","Infectious disease: bacterial","hsa05132","Salmonella infection","4/109","216/5433",0.0185185185185185,0.923037716615698,-0.165146170569679,0.636040596417113,0.96047757638386,0.96047757638386,"26999/3326/55770/1778",4
"Metabolism","Amino acid metabolism","hsa00310","Lysine degradation","1/109","50/5433",0.02,0.996880733944954,-0.00317029253127545,0.638673420382717,0.96047757638386,0.96047757638386,"9739",1
"Organismal Systems","Endocrine system","hsa04917","Prolactin signaling pathway","1/109","50/5433",0.02,0.996880733944954,-0.00317029253127545,0.638673420382717,0.96047757638386,0.96047757638386,"894",1
"Metabolism","Global and overview maps","hsa01230","Biosynthesis of amino acids","1/109","52/5433",0.0192307692307692,0.958539167254764,-0.0429815727367609,0.653159555993303,0.96047757638386,0.96047757638386,"5832",1
"Organismal Systems","Circulatory system","hsa04260","Cardiac muscle contraction","1/109","52/5433",0.0192307692307692,0.958539167254764,-0.0429815727367609,0.653159555993303,0.96047757638386,0.96047757638386,"476",1
"Human Diseases","Infectious disease: bacterial","hsa05120","Epithelial cell signaling in Helicobacter pylori infection","1/109","52/5433",0.0192307692307692,0.958539167254764,-0.0429815727367609,0.653159555993303,0.96047757638386,0.96047757638386,"9550",1
"Environmental Information Processing","Signal transduction","hsa04024","cAMP signaling pathway","2/109","112/5433",0.0178571428571429,0.890072083879423,-0.168187797495039,0.662802831642122,0.96047757638386,0.96047757638386,"4772/476",2
"Organismal Systems","Endocrine system","hsa04910","Insulin signaling pathway","2/109","112/5433",0.0178571428571429,0.890072083879423,-0.168187797495039,0.662802831642122,0.96047757638386,0.96047757638386,"57521/2194",2
"Cellular Processes","Cell growth and death","hsa04217","Necroptosis","2/109","113/5433",0.0176991150442478,0.882195339774296,-0.181058943887742,0.667598905421591,0.96047757638386,0.96047757638386,"3326/142",2
"Environmental Information Processing","Signaling molecules and interaction","hsa04519","Cadherin signaling","3/109","173/5433",0.0173410404624277,0.864347457177706,-0.259437185805836,0.680944831927357,0.96047757638386,0.96047757638386,"26999/1822/2909",3
"Organismal Systems","Immune system","hsa04657","IL-17 signaling pathway","1/109","57/5433",0.0175438596491228,0.87445678416224,-0.136324889110846,0.686905754908998,0.96047757638386,0.96047757638386,"3326",1
"Organismal Systems","Endocrine system","hsa04925","Aldosterone synthesis and secretion","1/109","57/5433",0.0175438596491228,0.87445678416224,-0.136324889110846,0.686905754908998,0.96047757638386,0.96047757638386,"476",1
"Human Diseases","Infectious disease: viral","hsa05169","Epstein-Barr virus infection","3/109","175/5433",0.0171428571428571,0.854469200524246,-0.279986927547598,0.688518577877122,0.96047757638386,0.96047757638386,"894/25942/7874",3
"Human Diseases","Infectious disease: bacterial","hsa05135","Yersinia infection","2/109","119/5433",0.0168067226890756,0.837714902474751,-0.25610346401274,0.695239436065332,0.96047757638386,0.96047757638386,"4775/4772",2
"Environmental Information Processing","Signal transduction","hsa04020","Calcium signaling pathway","2/109","120/5433",0.0166666666666667,0.830733944954128,-0.26826541941844,0.699659333851662,0.96047757638386,0.96047757638386,"4775/4772",2
"Organismal Systems","Immune system","hsa04612","Antigen processing and presentation","1/109","61/5433",0.0163934426229508,0.817115355692585,-0.205517242257753,0.711542866816776,0.96047757638386,0.96047757638386,"3326",1
"Human Diseases","Cancer: specific types","hsa05211","Renal cell carcinoma","1/109","61/5433",0.0163934426229508,0.817115355692585,-0.205517242257753,0.711542866816776,0.96047757638386,0.96047757638386,"7428",1
"Human Diseases","Immune disease","hsa05323","Rheumatoid arthritis","1/109","61/5433",0.0163934426229508,0.817115355692585,-0.205517242257753,0.711542866816776,0.96047757638386,0.96047757638386,"9550",1
"Human Diseases","Neurodegenerative disease","hsa05014","Amyotrophic lateral sclerosis","5/109","295/5433",0.0169491525423729,0.844814181309283,-0.39213905321158,0.713895451160138,0.96047757638386,0.96047757638386,"55746/23511/23225/11273/30849",5
"Human Diseases","Neurodegenerative disease","hsa05016","Huntington disease","4/109","243/5433",0.0164609053497942,0.820477970325065,-0.40964844799097,0.726111785627439,0.96047757638386,0.96047757638386,"25942/5430/30849/3064",4
"Human Diseases","Cancer: overview","hsa05202","Transcriptional misregulation in cancer","2/109","130/5433",0.0153846153846154,0.766831333803811,-0.384995060206823,0.741018083820244,0.96047757638386,0.96047757638386,"894/25942",2
"Metabolism","Carbohydrate metabolism","hsa00562","Inositol phosphate metabolism","1/109","67/5433",0.0149253731343284,0.743940846227578,-0.301735548757644,0.744941179611667,0.96047757638386,0.96047757638386,"5297",1
"Environmental Information Processing","Signaling molecules and interaction","hsa04517","IgSF CAM signaling","3/109","192/5433",0.015625,0.778813073394495,-0.446454387009977,0.747566924499818,0.96047757638386,0.96047757638386,"7430/6711/6709",3
"Cellular Processes","Cell growth and death","hsa04115","p53 signaling pathway","1/109","68/5433",0.0147058823529412,0.733000539665407,-0.316996219586472,0.750122210439533,0.96047757638386,0.96047757638386,"894",1
"Organismal Systems","Aging","hsa04211","Longevity regulating pathway","1/109","69/5433",0.0144927536231884,0.722377343438373,-0.332054348968922,0.755198944654275,0.96047757638386,0.96047757638386,"57521",1
"Metabolism","Global and overview maps","hsa01232","Nucleotide metabolism","1/109","70/5433",0.0142857142857143,0.712057667103539,-0.346916332652277,0.760173462743888,0.96047757638386,0.96047757638386,"6240",1
"Environmental Information Processing","Signal transduction","hsa04350","TGF-beta signaling pathway","1/109","70/5433",0.0142857142857143,0.712057667103539,-0.346916332652277,0.760173462743888,0.96047757638386,0.96047757638386,"25942",1
"Organismal Systems","Endocrine system","hsa04914","Progesterone-mediated oocyte maturation","1/109","70/5433",0.0142857142857143,0.712057667103539,-0.346916332652277,0.760173462743888,0.96047757638386,0.96047757638386,"3326",1
"Cellular Processes","Transport and catabolism","hsa04145","Phagocytosis","3/109","201/5433",0.0149253731343284,0.743940846227578,-0.529271578297415,0.775070887842558,0.96047757638386,0.96047757638386,"9550/30849/1778",3
"Environmental Information Processing","Signal transduction","hsa04014","Ras signaling pathway","2/109","140/5433",0.0142857142857143,0.712057667103539,-0.493847313999677,0.777463325593965,0.96047757638386,0.96047757638386,"55770/22821",2
"Human Diseases","Endocrine and metabolic disease","hsa04933","AGE-RAGE signaling pathway in diabetic complications","1/109","74/5433",0.0135135135135135,0.67356806347632,-0.404520680339363,0.779089561178231,0.96047757638386,0.96047757638386,"4772",1
"Human Diseases","Infectious disease: bacterial","hsa05131","Shigellosis","3/109","205/5433",0.0146341463414634,0.729424927276796,-0.565029380753176,0.7864944889873,0.96047757638386,0.96047757638386,"57521/23048/30849",3
"Human Diseases","Cancer: overview","hsa05205","Proteoglycans in cancer","2/109","144/5433",0.0138888888888889,0.692278287461774,-0.535459600280526,0.79075274088136,0.96047757638386,0.96047757638386,"7430/29102",2
"Environmental Information Processing","Signal transduction","hsa04151","PI3K-Akt signaling pathway","3/109","213/5433",0.0140845070422535,0.702028685876728,-0.634750589269548,0.807920068395235,0.96047757638386,0.96047757638386,"3326/894/57521",3
"Environmental Information Processing","Signal transduction","hsa04070","Phosphatidylinositol signaling system","1/109","81/5433",0.0123456790123457,0.615358477743799,-0.499016295694306,0.808702321148153,0.96047757638386,0.96047757638386,"5297",1
"Organismal Systems","Endocrine system","hsa04915","Estrogen signaling pathway","1/109","82/5433",0.0121951219512195,0.607854106063996,-0.511930764039506,0.812598331423724,0.96047757638386,0.96047757638386,"3326",1
"Human Diseases","Infectious disease: viral","hsa05167","Kaposi sarcoma-associated herpesvirus infection","2/109","152/5433",0.0131578947368421,0.65584258812168,-0.615736563511609,0.815267446980189,0.96047757638386,0.96047757638386,"4775/4772",2
"Environmental Information Processing","Signal transduction","hsa04066","HIF-1 signaling pathway","1/109","85/5433",0.0117647058823529,0.586400431732326,-0.54988002851721,0.823820819380758,0.96047757638386,0.96047757638386,"7428",1
"Human Diseases","Cancer: specific types","hsa05215","Prostate cancer","1/109","85/5433",0.0117647058823529,0.586400431732326,-0.54988002851721,0.823820819380758,0.96047757638386,0.96047757638386,"3326",1
"Environmental Information Processing","Signal transduction","hsa04064","NF-kappa B signaling pathway","1/109","87/5433",0.0114942528735632,0.57291996203733,-0.574550924709982,0.830929866466551,0.96047757638386,0.96047757638386,"142",1
"Environmental Information Processing","Signaling molecules and interaction","hsa04080","Neuroactive ligand-receptor interaction","1/109","89/5433",0.0112359550561798,0.560045356148851,-0.598747607370764,0.837754580946085,0.96047757638386,0.96047757638386,"286530",1
"Organismal Systems","Immune system","hsa04650","Natural killer cell mediated cytotoxicity","1/109","89/5433",0.0112359550561798,0.560045356148851,-0.598747607370764,0.837754580946085,0.96047757638386,0.96047757638386,"4772",1
"Metabolism","Nucleotide metabolism","hsa00230","Purine metabolism","1/109","91/5433",0.010989010989011,0.547736667002722,-0.62249266660553,0.844306233839764,0.96047757638386,0.96047757638386,"6240",1
"Environmental Information Processing","Signaling molecules and interaction","hsa04514","Cell adhesion molecule (CAM) interaction","1/109","91/5433",0.010989010989011,0.547736667002722,-0.62249266660553,0.844306233839764,0.96047757638386,0.96047757638386,"6693",1
"Organismal Systems","Circulatory system","hsa04261","Adrenergic signaling in cardiomyocytes","1/109","92/5433",0.0108695652173913,0.541783007578779,-0.634202458620885,0.847483062838541,0.96047757638386,0.96047757638386,"476",1
"Environmental Information Processing","Signal transduction","hsa04371","Apelin signaling pathway","1/109","92/5433",0.0108695652173913,0.541783007578779,-0.634202458620885,0.847483062838541,0.96047757638386,0.96047757638386,"30849",1
"Cellular Processes","Cell growth and death","hsa04114","Oocyte meiosis","1/109","93/5433",0.010752688172043,0.535957383841373,-0.645807104762491,0.850595653392856,0.96047757638386,0.96047757638386,"8243",1
"Organismal Systems","Immune system","hsa04611","Platelet activation","1/109","93/5433",0.010752688172043,0.535957383841373,-0.645807104762491,0.850595653392856,0.96047757638386,0.96047757638386,"2909",1
"Human Diseases","Cardiovascular disease","hsa05415","Diabetic cardiomyopathy","2/109","167/5433",0.0119760479041916,0.596934571224524,-0.756950472449681,0.854464346954346,0.96047757638386,0.96047757638386,"51660/142",2
"Human Diseases","Infectious disease: viral","hsa05163","Human cytomegalovirus infection","2/109","168/5433",0.0119047619047619,0.593381389252949,-0.765978908814142,0.856790101290737,0.96047757638386,0.96047757638386,"4775/4772",2
"Cellular Processes","Transport and catabolism","hsa04137","Mitophagy - animal","1/109","96/5433",0.0104166666666667,0.51920871559633,-0.68001377092117,0.859560738862718,0.96047757638386,0.96047757638386,"10075",1
"Human Diseases","Endocrine and metabolic disease","hsa04936","Alcoholic liver disease","1/109","97/5433",0.0103092783505155,0.513856048425234,-0.691221040890114,0.862428994336573,0.96047757638386,0.96047757638386,"2194",1
"Environmental Information Processing","Signal transduction","hsa04390","Hippo signaling pathway","1/109","99/5433",0.0101010101010101,0.503475118154017,-0.713355829402163,0.867992510171371,0.96047757638386,0.96047757638386,"894",1
"Organismal Systems","Nervous system","hsa04722","Neurotrophin signaling pathway","1/109","99/5433",0.0101010101010101,0.503475118154017,-0.713355829402163,0.867992510171371,0.96047757638386,0.96047757638386,"9500",1
"Human Diseases","Infectious disease: viral","hsa05162","Measles","1/109","109/5433",0.0091743119266055,0.457284740341722,-0.818917901159327,0.892636939808732,0.96047757638386,0.96047757638386,"894",1
"Human Diseases","Cancer: overview","hsa05207","Chemical carcinogenesis - receptor activation","1/109","113/5433",0.00884955752212389,0.441097669887148,-0.859000530477752,0.901165240176697,0.96047757638386,0.96047757638386,"3326",1
"Organismal Systems","Development and regeneration","hsa04360","Axon guidance","1/109","114/5433",0.0087719298245614,0.43722839208112,-0.868847819794413,0.903190238075333,0.96047757638386,0.96047757638386,"4775",1
"Metabolism","Energy metabolism","hsa00190","Oxidative phosphorylation","1/109","115/5433",0.00869565217391304,0.433426406063024,-0.878628304210119,0.905174119265366,0.96047757638386,0.96047757638386,"9550",1
"Organismal Systems","Development and regeneration","hsa04380","Osteoclast differentiation","1/109","115/5433",0.00869565217391304,0.433426406063024,-0.878628304210119,0.905174119265366,0.96047757638386,0.96047757638386,"4772",1
"Cellular Processes","Cell motility","hsa04814","Motor proteins","1/109","115/5433",0.00869565217391304,0.433426406063024,-0.878628304210119,0.905174119265366,0.96047757638386,0.96047757638386,"1778",1
"Cellular Processes","Cellular community - eukaryotes","hsa04530","Tight junction","1/109","116/5433",0.00862068965517241,0.429689971527997,-0.888343193362962,0.907117711029201,0.96047757638386,0.96047757638386,"7430",1
"Environmental Information Processing","Signal transduction","hsa04010","MAPK signaling pathway","2/109","214/5433",0.00934579439252336,0.465832118665866,-1.1406833843475,0.933395038125546,0.974089614231571,0.974089614231571,"4775/4772",2
"Environmental Information Processing","Signal transduction","hsa04015","Rap1 signaling pathway","1/109","135/5433",0.00740740740740741,0.369215086646279,-1.06185767667967,0.937378728007088,0.974089614231571,0.974089614231571,"23094",1
"Human Diseases","Infectious disease: bacterial","hsa05152","Tuberculosis","1/109","137/5433",0.0072992700729927,0.36382508538137,-1.07903850300795,0.93992917504442,0.974089614231571,0.974089614231571,"3313",1
"Organismal Systems","Immune system","hsa04621","NOD-like receptor signaling pathway","1/109","142/5433",0.00704225352112676,0.351014342938364,-1.12120363318165,0.945863807011386,0.974089614231571,0.974089614231571,"3326",1
"Human Diseases","Infectious disease: viral","hsa05168","Herpes simplex virus 1 infection","1/109","148/5433",0.00675675675675676,0.33678403173816,-1.17040843291195,0.952222911768536,0.974089614231571,0.974089614231571,"3054",1
"Human Diseases","Infectious disease: viral","hsa05165","Human papillomavirus infection","2/109","238/5433",0.00840336134453781,0.418857451237376,-1.31175425787806,0.956050917671727,0.974089614231571,0.974089614231571,"894/9550",2
"Human Diseases","Cancer: overview","hsa05200","Pathways in cancer","3/109","356/5433",0.00842696629213483,0.420034017111638,-1.61956373982715,0.977680265972171,0.985867276367821,0.985867276367821,"3326/894/7428",3
"Human Diseases","Neurodegenerative disease","hsa05022","Pathways of neurodegeneration - multiple diseases","3/109","362/5433",0.00828729281767956,0.413072127325257,-1.65373653249628,0.979781675896415,0.985867276367821,0.985867276367821,"11273/30849/3064",3
"Human Diseases","Neurodegenerative disease","hsa05010","Alzheimer disease","1/109","304/5433",0.00328947368421053,0.16396064703042,-2.14645243457454,0.9982381829267,0.9982381829267,0.9982381829267,"30849",1
