"miRNA","logFC","P.Value","adj.P.Val","AveExpr","t","sig"
NA,NA,NA,NA,NA,NA,NA
NA,NA,NA,NA,NA,NA,NA
NA,NA,NA,NA,NA,NA,NA
NA,NA,NA,NA,NA,NA,NA
NA,NA,NA,NA,NA,NA,NA
NA,NA,NA,NA,NA,NA,NA
NA,NA,NA,NA,NA,NA,NA
NA,NA,NA,NA,NA,NA,NA
NA,NA,NA,NA,NA,NA,NA
NA,NA,NA,NA,NA,NA,NA
NA,NA,NA,NA,NA,NA,NA
NA,NA,NA,NA,NA,NA,NA
NA,NA,NA,NA,NA,NA,NA
NA,NA,NA,NA,NA,NA,NA
NA,NA,NA,NA,NA,NA,NA
NA,NA,NA,NA,NA,NA,NA
NA,NA,NA,NA,NA,NA,NA
NA,NA,NA,NA,NA,NA,NA
NA,NA,NA,NA,NA,NA,NA
NA,NA,NA,NA,NA,NA,NA
NA,NA,NA,NA,NA,NA,NA
NA,NA,NA,NA,NA,NA,NA
NA,NA,NA,NA,NA,NA,NA
NA,NA,NA,NA,NA,NA,NA
NA,NA,NA,NA,NA,NA,NA
NA,NA,NA,NA,NA,NA,NA
NA,NA,NA,NA,NA,NA,NA
NA,NA,NA,NA,NA,NA,NA
NA,NA,NA,NA,NA,NA,NA
NA,NA,NA,NA,NA,NA,NA
