"Gene","Community","Module"
"FKBP4",1,"green"
"NDUFAF7",2,"green"
"USP28",3,"purple"
"COX15",2,"green"
"MRI1",1,"green"
"PSMC4",4,"green"
"TNFRSF1A",5,"green"
"TBX21",5,"purple"
"PLOD1",3,"purple"
"NME8",1,"purple"
"GNPTG",1,"green"
"HAUS4",1,"magenta"
"XYLB",1,"magenta"
"KLHL20",4,"green"
"ANKRD54",5,"green"
"CENPM",6,"green"
"RIPK3",5,"green"
"GZMH",5,"purple"
"GZMB",5,"purple"
"CGRRF1",1,"green"
"PSME2",4,"green"
"MYBL2",6,"green"
"SLCO4A1",1,"magenta"
"APMAP",2,"purple"
"RNF125",4,"green"
"ORC6",6,"magenta"
"USB1",7,"green"
"KNOP1",7,"green"
"CSK",5,"green"
"GABPB1",3,"green"
"OIP5",6,"magenta"
"NKG7",5,"purple"
"AIMP2",1,"green"
"DDX5",3,"green"
"ABI3",5,"green"
"MRPL27",2,"green"
"TNFAIP1",3,"green"
"CD38",5,"magenta"
"CTSC",5,"purple"
"SELPLG",5,"green"
"IL23A",5,"magenta"
"CDKN1B",4,"green"
"IFNG",5,"purple"
"STK38",3,"green"
"GMNN",6,"magenta"
"BYSL",2,"green"
"GZMK",5,"green"
"THG1L",1,"green"
"TRIM23",4,"green"
"EIF1B",1,"green"
"SLC1A4",1,"green"
"PLEK",5,"purple"
"KISS1R",8,"green"
"PDZD11",2,"green"
"PYROXD1",1,"green"
"FYTTD1",3,"green"
"CLTA",5,"green"
"ORMDL2",2,"green"
"B9D2",6,"green"
"CHPF",3,"green"
"RRP36",2,"green"
"MT2A",5,"magenta"
"RAP2A",1,"purple"
"VASP",5,"green"
"S1PR4",5,"green"
"FNTB",2,"green"
"SDF2",1,"green"
"DLGAP5",6,"magenta"
"L3HYPDH",3,"green"
"PLEKHG3",1,"green"
"FBXL12",4,"magenta"
"TUBA4A",1,"green"
"SDF2L1",1,"green"
"APOL2",3,"green"
"RAC2",5,"green"
"STRIP2",1,"magenta"
"MPDU1",3,"green"
"EAPP",3,"green"
"NCAPG",6,"magenta"
"DPF2",7,"green"
"BST2",5,"green"
"SESN2",8,"green"
"HIP1R",2,"magenta"
"RBM39",3,"green"
"GINS2",6,"magenta"
"PRKAB2",8,"green"
"SNRPA1",3,"green"
"TRIM21",1,"green"
"TRIM47",4,"green"
"HSPBP1",2,"green"
"MED10",7,"green"
"MICAL2",3,"green"
"SARAF",1,"green"
"CCNB1",6,"magenta"
"SEMA6A",5,"green"
"OASL",5,"green"
"TRAFD1",3,"green"
"CDK4",6,"green"
"RAB11FIP5",1,"green"
"TACO1",2,"green"
"TOR1B",5,"green"
"MRPS18B",2,"green"
"FGFBP2",5,"purple"
"DCUN1D5",4,"green"
"KIF23",6,"magenta"
"WDR12",2,"green"
"MSMO1",8,"green"
"RORA",5,"green"
"RNF138",4,"green"
"ANKRD13A",1,"green"
"AP4E1",2,"green"
"SPPL2A",5,"magenta"
"GLCE",3,"green"
"MCM4",6,"magenta"
"TRAM1",3,"green"
"TMED2",3,"magenta"
"VMP1",8,"green"
"PKMYT1",6,"magenta"
"IL12RB2",5,"magenta"
"ALG1",3,"green"
"MLYCD",8,"green"
"RNF167",4,"green"
"SLC9A3R1",8,"green"
"MTPAP",2,"green"
"PACSIN2",1,"purple"
"DESI1",4,"green"
"ASF1B",6,"magenta"
"FAM32A",3,"magenta"
"FNBP4",3,"green"
"POLR1A",2,"green"
"GPC1",8,"green"
"NMU",8,"magenta"
"NOP58",2,"green"
"TXK",5,"purple"
"YWHAE",1,"green"
"RBBP5",4,"green"
"IFT57",1,"green"
"NEIL3",6,"magenta"
"PSMD3",4,"green"
"CASC3",3,"green"
"MGAT4A",3,"green"
"DEPDC1B",6,"magenta"
"GOLPH3",3,"purple"
"RASGRF2",8,"magenta"
"HIBADH",1,"green"
"HNRNPH3",3,"green"
"RNF141",8,"green"
"BTAF1",3,"green"
"EIF2B2",1,"green"
"SLC15A4",1,"purple"
"ITGB7",5,"green"
"TINF2",7,"green"
"PELI2",4,"green"
"ITPK1",4,"green"
"CDR2",1,"green"
"ZNF174",3,"green"
"GFOD2",1,"green"
"NOB1",2,"green"
"TP53",4,"green"
"KRT10",1,"green"
"GEMIN7",3,"green"
"MOB3C",1,"green"
"SF3B4",3,"green"
"S100A11",5,"green"
"LRIG1",5,"magenta"
"RNF7",4,"green"
"NDUFS6",2,"green"
"GZMA",5,"purple"
"CDCA5",6,"green"
"EPHA1",2,"magenta"
"DOK2",5,"green"
"PPRC1",3,"green"
"TMX2",1,"green"
"TMEM138",1,"green"
"ESAM",5,"purple"
"PPP4C",1,"green"
"PDCD4",3,"green"
"PRSS23",5,"purple"
"CCT5",1,"green"
"GEMIN6",3,"green"
"SPC25",6,"magenta"
"USP12",3,"green"
"NUBP1",1,"green"
"CD96",5,"green"
"SKA1",6,"magenta"
"C16orf87",7,"green"
"TMBIM4",4,"green"
"GNAQ",8,"green"
"UBE2L6",4,"green"
"PDE6D",1,"green"
"CCNB2",6,"magenta"
"BTN3A1",5,"magenta"
"ARHGAP17",1,"green"
"IL10RB",5,"green"
"MED8",7,"green"
"ATP6V0D1",8,"green"
"MRNIP",2,"green"
"POLR3K",2,"green"
"RNF149",1,"green"
"POGLUT1",1,"green"
"PROK2",8,"purple"
"RNF25",8,"green"
"CHCHD4",2,"green"
"SPICE1",1,"green"
"ELP6",4,"green"
"H2AZ1",7,"magenta"
"ANXA5",5,"green"
"TCERG1",3,"green"
"FABP5",1,"magenta"
"RPP25L",2,"green"
"KIF27",6,"purple"
"MELK",6,"magenta"
"LRR1",4,"green"
"VPS35",1,"green"
"HIF1AN",3,"green"
"PCLAF",6,"magenta"
"PLK1",6,"magenta"
"EEF1AKMT3",1,"green"
"TPX2",6,"magenta"
"RRM1",6,"green"
"CDK2AP2",7,"green"
"BIRC5",6,"magenta"
"KCTD5",8,"green"
"DDB1",4,"green"
"BUB1",6,"magenta"
"MTCH2",3,"magenta"
"GPR82",8,"green"
"TWF2",5,"green"
"TMEM223",2,"green"
"POP7",2,"green"
"CD2BP2",3,"green"
"BFSP2",3,"magenta"
"GNB2",8,"green"
"ADRB2",8,"purple"
"FEN1",6,"magenta"
"SF3B3",3,"green"
"GPRIN1",1,"green"
"CEP89",1,"green"
"SHCBP1",6,"magenta"
"ARL6IP1",2,"green"
"CDCA7",6,"magenta"
"ESCO2",6,"magenta"
"TBL2",3,"green"
"MCM7",6,"magenta"
"GLUL",1,"green"
"RNASEH2C",1,"green"
"CYB5B",1,"green"
"RIC3",1,"green"
"APOBEC3F",5,"green"
"RAB1B",3,"green"
"ISCU",1,"green"
"DDX23",3,"green"
"CKS1B",6,"magenta"
"HAVCR2",5,"magenta"
"CASP2",5,"green"
"CLSPN",6,"magenta"
"PABPC1",3,"green"
"NIPSNAP2",4,"green"
"SLC35C1",3,"green"
"ALS2CL",1,"magenta"
"GBA",1,"green"
"SGSH",1,"magenta"
"EXOSC4",2,"green"
"TYMS",6,"magenta"
"HNRNPA0",3,"green"
"UBE2N",4,"green"
"SCD5",2,"purple"
"TLK2",1,"green"
"ZNF609",3,"magenta"
"RABGGTB",1,"green"
"RBBP6",3,"green"
"FUT7",5,"green"
"LENG8",3,"green"
"NQO1",5,"magenta"
"EZH2",6,"magenta"
"FARSA",2,"green"
"F2R",8,"purple"
"RNF144A",4,"magenta"
"IMPDH2",1,"green"
"TOP3A",6,"green"
"PLEKHF2",7,"green"
"DCTPP1",6,"green"
"RHBDF2",4,"green"
"E2F7",6,"magenta"
"PRKAG1",8,"green"
"KIF15",6,"magenta"
"NCAPD2",6,"green"
"LASP1",5,"green"
"CNDP2",1,"green"
"SRSF7",3,"green"
"PLEKHO2",7,"green"
"MED25",7,"green"
"IMP3",2,"green"
"VIPR1",8,"magenta"
"SMDT1",2,"green"
"MT1E",5,"purple"
"CDCA2",6,"magenta"
"PTTG1IP",4,"green"
"S1PR5",5,"purple"
"H2AC14",7,"green"
"NOC4L",2,"green"
"H1-5",7,"green"
"SPSB1",4,"green"
"TMEM186",2,"green"
"SNX20",5,"green"
"MGAT1",3,"green"
"H2AC20",7,"green"
"ASCL2",5,"purple"
"ADAT3",1,"green"
"CCR10",5,"green"
"NR2C1",3,"green"
"GNG2",8,"purple"
"TESC",5,"magenta"
"SF3B1",3,"green"
"SPDYA",4,"green"
"CHP1",1,"green"
"TUBA1B",1,"green"
"CENPA",6,"magenta"
"STARD7",2,"green"
"NUDT4",2,"green"
"ATG101",8,"green"
"TUBB",1,"green"
"GRAP2",5,"green"
"HLA-DQA1",5,"purple"
"TPST2",5,"green"
"GYG1",8,"green"
"TUBB4B",1,"green"
"ETV7",4,"magenta"
"TRPV2",5,"green"
"OAS2",5,"green"
"ADGRG5",1,"purple"
"PPA2",8,"green"
"PSPC1",3,"green"
"CCNG1",1,"green"
"ARHGAP12",5,"green"
"TAP1",4,"green"
"DDRGK1",2,"green"
"AK5",2,"magenta"
"KLHL28",4,"green"
"SRGAP1",1,"green"
"WARS1",1,"green"
"PDLIM7",4,"green"
"JPT1",1,"green"
"ACSL5",8,"green"
"UBE2C",6,"magenta"
"HNRNPH1",3,"green"
"SASH3",5,"green"
"H2BC12",7,"magenta"
"TMEM229B",5,"green"
"RIMKLB",1,"green"
"DDX47",2,"green"
"NR3C2",1,"green"
"GMPPA",3,"green"
"CX3CR1",5,"purple"
"PSMB10",4,"green"
"STIP1",1,"green"
"GOLGA8A",6,"green"
"HLA-DRB1",5,"purple"
"SCAF1",3,"green"
"RRM2",6,"magenta"
"FAM110A",7,"green"
"STAT1",5,"magenta"
"AMY2B",1,"green"
"SBNO2",8,"green"
"MT-ND5",2,"magenta"
"EEF1AKNMT",1,"green"
"DZIP3",4,"green"
"DCAF12",4,"green"
"E2F2",6,"green"
"PSMB5",4,"green"
"APOBEC3C",5,"green"
"EXO1",6,"magenta"
"DTL",6,"magenta"
"NEK2",6,"magenta"
"CR1",5,"purple"
"RAB29",1,"green"
"KIF14",3,"magenta"
"ASPM",6,"magenta"
"ATP1B1",8,"green"
"XCL2",5,"purple"
"UCK2",1,"magenta"
"DUSP12",1,"green"
"FCGR3A",5,"purple"
"DEDD",6,"green"
"CD244",5,"purple"
"SLAMF7",5,"purple"
"CENPW",6,"magenta"
"RUSC1",2,"green"
"MKI67",6,"magenta"
"THEM4",1,"green"
"TIAL1",3,"green"
"BOLA1",1,"green"
"PDCD11",2,"green"
"ZNF512B",7,"green"
"ACTR1A",1,"green"
"SARS1",1,"green"
"STMN3",1,"magenta"
"NSDHL",8,"green"
"GBP2",5,"magenta"
"RAP2C",1,"green"
"GNAS",8,"green"
"STX16",3,"green"
"ALDH18A1",1,"green"
"DHCR24",8,"green"
"TTC4",1,"green"
"ORC1",6,"magenta"
"MRPS2",2,"green"
"STIL",6,"magenta"
"KIF2C",6,"magenta"
"EXOSC2",2,"green"
"YIPF3",8,"green"
"CDC20",6,"magenta"
"HIVEP3",4,"magenta"
"BEX4",9,"green"
"WDR34",1,"green"
"CAP1",5,"green"
"ADA",1,"green"
"ANXA7",4,"green"
"TRMT2B",2,"green"
"DNAJC9",1,"green"
"CDCA8",6,"magenta"
"MEAF6",7,"green"
"SLC29A3",1,"green"
"PSMB2",4,"magenta"
"NIBAN2",4,"green"
"TRAF3IP1",1,"green"
"RBBP4",7,"green"
"TXLNA",8,"green"
"OGT",7,"green"
"MED18",7,"green"
"ZWINT",6,"magenta"
"FGR",5,"purple"
"ATP6V1G1",8,"green"
"RCAN3",8,"green"
"KIF4A",6,"magenta"
"BAK1",2,"green"
"FUCA1",1,"green"
"EDA",5,"magenta"
"PSMB9",4,"green"
"PSMB8",4,"green"
"HLA-DQB1",5,"purple"
"MAP3K20",4,"purple"
"UPF3A",3,"green"
"HSPA1A",1,"green"
"CLIC1",5,"green"
"PLEKHM2",3,"purple"
"CKS2",6,"magenta"
"GPANK1",7,"green"
"FOXP3",5,"green"
"TCF19",6,"magenta"
"TNFRSF1B",5,"green"
"CEP78",1,"purple"
"FBXO6",1,"purple"
"H2AC12",7,"green"
"TNFRSF25",5,"green"
"H4C3",7,"green"
"ACOT7",1,"magenta"
"GLIPR2",8,"green"
"CEP104",1,"green"
"FANCG",6,"green"
"LYRM9",3,"magenta"
"TNFRSF4",5,"green"
"PRDX4",1,"green"
"GPR150",8,"magenta"
"GDI2",1,"green"
"RRAGA",8,"green"
"STK35",8,"green"
"GART",1,"green"
"GNG7",8,"magenta"
"KRT18",5,"magenta"
"ATG16L1",8,"green"
"C19orf12",2,"green"
"SH2D2A",5,"green"
"BDH1",1,"purple"
"SRSF2",3,"green"
"ETS1",5,"green"
"STT3A",1,"green"
"KEAP1",4,"green"
"CNP",1,"green"
"PTTG1",6,"magenta"
"MTHFD2",1,"magenta"
"RCCD1",3,"green"
"ANXA4",5,"purple"
"PPP2R2B",1,"purple"
"CCT4",1,"green"
"MCUB",2,"green"
"MATK",5,"green"
"CDK1",6,"magenta"
"PPHLN1",7,"green"
"TYMP",1,"green"
"RAE1",3,"green"
"VAMP1",3,"green"
"UBE2E2",4,"green"
"GAPDH",1,"green"
"NUDT1",2,"green"
"CCNF",3,"green"
"DDHD2",2,"green"
"MORC2",7,"green"
"PDCD1LG2",5,"magenta"
"PPME1",1,"green"
"ARGLU1",3,"green"
"CCNL2",6,"green"
"SCFD2",3,"green"
"WDR60",1,"green"
"APOBEC3G",5,"purple"
"PDIA6",1,"magenta"
"ATG9A",8,"green"
"NCAPG2",6,"green"
"CSTF2",3,"green"
"OAS1",5,"green"
"EOMES",5,"purple"
"ZNF683",5,"purple"
"DSN1",6,"green"
"B3GALT4",3,"green"
"STRAP",3,"green"
"IFT27",1,"green"
"HLA-DPA1",5,"purple"
"SESN1",8,"magenta"
"BLOC1S3",2,"green"
"COMMD5",4,"green"
"IFI35",4,"green"
"IK",3,"green"
"DHFR",1,"magenta"
"ACTL6A",7,"green"
"PRF1",5,"purple"
"TNF",5,"green"
"DOHH",2,"green"
"NDUFAF8",2,"green"
"PNPT1",2,"green"
"AP4M1",2,"green"
"NPIPB4",10,"green"
"NDRG1",3,"green"
"CDC45",6,"magenta"
"HLA-DPB1",5,"purple"
"TAF1D",7,"green"
"STMN1",1,"magenta"
"CNBP",3,"green"
"TOP2A",6,"magenta"
"FNBP1",1,"green"
"HJURP",6,"green"
"SPART",2,"green"
"NBEAL2",3,"green"
"GTSE1",6,"green"
"DDX39B",3,"green"
"MCM10",6,"magenta"
"BRCA1",6,"magenta"
"CST7",5,"purple"
"ROPN1L",1,"green"
"SH3RF2",4,"magenta"
"SH3BP2",5,"green"
"HNRNPAB",3,"green"
"GFM2",2,"green"
"LYN",5,"purple"
"CCNE2",6,"magenta"
"EIF2B4",1,"green"
"ATP6V0E1",8,"green"
"ATOX1",2,"green"
"RNPC3",3,"green"
"GSDMD",5,"green"
"BANF1",7,"green"
"B3GAT1",5,"purple"
"MAML2",5,"green"
"BCLAF1",3,"green"
"GNLY",5,"purple"
"HSPA8",1,"green"
"IST1",1,"green"
"KPNA2",6,"magenta"
"CDK5RAP3",2,"green"
"SLC16A1",1,"magenta"
"CDCA3",6,"green"
"CAND1",4,"magenta"
"BCAT1",1,"magenta"
"TUBA1C",1,"green"
"SLC1A5",1,"green"
"CD63",5,"green"
"COPZ1",3,"green"
"TWF1",5,"green"
"CMKLR1",5,"purple"
"SLC38A1",1,"green"
"SRSF5",3,"green"
"ADGRG1",5,"purple"
"USP10",3,"purple"
"ACTG1",1,"green"
"SPC24",6,"magenta"
"LSM12",3,"green"
"NMT1",4,"green"
"TK1",6,"green"
"PNMA3",1,"green"
"VRK3",1,"green"
"EMG1",2,"green"
"IL12RB1",5,"green"
"IRF3",5,"green"
"CCL5",5,"purple"
"ADRM1",4,"green"
"UHRF1",6,"magenta"
"PPP1R18",7,"green"
"MCM3",6,"green"
"CCNA2",6,"magenta"
"CSDE1",3,"green"
"CCL4",5,"purple"
"METTL23",7,"green"
"C9orf72",3,"green"
"HNRNPDL",3,"green"
"FSBP",6,"green"
"H2BC15",7,"green"
"ZEB2",5,"purple"
"RAD51",6,"magenta"
"MYO1F",5,"green"
"ACTB",5,"green"
"ENO1",1,"green"
"ITGAM",5,"purple"
"RCC1",6,"magenta"
"COA3",2,"green"
"RPL11",2,"green"
"FCRL3",5,"magenta"
"SPN",5,"green"
"ZBTB7B",5,"green"
"CHST14",3,"green"
"DAPK2",4,"purple"
"CAPS",1,"green"
"GPR141",1,"purple"
"SRD5A3",3,"magenta"
"NUSAP1",6,"magenta"
"CCL4L2",5,"purple"
"FCRL6",5,"purple"
"FOXD2",1,"green"
"PSMG4",4,"green"
"EIF4A3",3,"green"
"ZMYM2",3,"green"
"SLC29A1",1,"magenta"
"THUMPD2",2,"green"
"JAGN1",7,"green"
"FAM133B",7,"green"
"MTHFD1",1,"green"
"PNISR",3,"green"
"EPS8",5,"magenta"
"SPG7",2,"magenta"
"SMTN",3,"green"
"SEC22B",3,"green"
"GPR19",8,"magenta"
"DCAF7",4,"green"
"MOB3A",3,"green"
"BCDIN3D",1,"green"
"AGAP2",5,"green"
"RGS19",8,"green"
"ORAI2",1,"magenta"
"CHMP2A",1,"green"
"AP2B1",5,"green"
"ELOVL1",2,"green"
"PPP3CC",8,"green"
"CHURC1-FNTB",2,"green"
"OLFM2",1,"green"
"BORCS6",3,"green"
"STK11IP",1,"green"
"PRR5L",8,"purple"
"EFHD2",3,"purple"
"HP1BP3",7,"green"
"RBM4B",3,"green"
"PHF19",7,"green"
"PCMTD2",1,"green"
"SPON2",5,"purple"
"SAC3D1",1,"green"
"OXNAD1",1,"green"
"BEX2",9,"green"
"MFSD8",2,"green"
"KIZ",2,"green"
"CNIH4",3,"green"
"CDIP1",4,"green"
"TATDN3",6,"green"
"MIEN1",4,"green"
"LRRC7",8,"green"
"DMXL1",3,"green"
"SLC20A1",1,"green"
"ZNF790",7,"magenta"
"PPP1R2",7,"green"
"FBXO33",4,"green"
"KLF9",4,"green"
"SHISA5",4,"green"
"DRAM2",4,"green"
"VPS11",8,"green"
"STK40",1,"green"
"ISCA2",1,"green"
"SH3BP1",1,"green"
"TTC7A",3,"green"
"FAM210B",8,"green"
"GTF3A",2,"green"
"EMC9",1,"green"
"HMOX2",4,"green"
"TTLL4",8,"green"
"ZNF639",4,"green"
"LRG1",4,"magenta"
"ANKFY1",3,"green"
"CEP68",6,"magenta"
"PAFAH1B2",1,"green"
"CTSO",5,"green"
"EID3",2,"green"
"UBR2",7,"magenta"
"SLC1A7",1,"purple"
"DEGS1",1,"green"
"RNF213",3,"green"
"PNPO",4,"green"
"PI16",1,"green"
"MPC1",6,"green"
"JAKMIP1",1,"magenta"
"CDC42SE2",1,"green"
"TMEM242",3,"green"
"ACYP1",3,"green"
"WDR27",3,"green"
"TM2D2",7,"green"
"ZNF2",3,"green"
"PDGFD",1,"purple"
"TMEM161B",8,"green"
"CCDC28B",8,"magenta"
"GALNT11",8,"green"
"PLEKHF1",2,"green"
"SDR39U1",7,"green"
"DGLUCY",2,"green"
"NPIPB5",10,"green"
"ADAM8",1,"green"
