"Drug","N_targets_in_network","N_targets_reachable","Observed_distance","Null_mean","Null_sd","Z_score","P_empirical"
"LAPATINIB",4,4,0.5,1.0785,0.215079076176668,-2.68970840996553,0.010989010989011
"FLUTAMIDE",1,1,0,0.808,0.394070160366514,-2.05039630315704,0.192807192807193
"FLUDARABINE",4,4,0.75,1.235,0.237605674293475,-2.04119704397699,0.0629370629370629
"METHOTREXATE",11,11,0.909090909090909,1.19845454545455,0.144943792270638,-1.99638516303851,0.050949050949051
"IRINOTECAN HYDROCHLORIDE",4,4,0.5,0.86875,0.193645128872212,-1.90425652402205,0.101898101898102
"GEMCITABINE ELAIDATE",1,1,0,0.769,0.421683313419936,-1.82364342037454,0.231768231768232
"STAUROSPORINE",1,1,0,0.766,0.423584021680967,-1.80837793871491,0.234765234765235
"VALDECOXIB",1,1,0,0.763,0.425455064621415,-1.79337387998647,0.237762237762238
"ROMIDEPSIN",1,1,0,0.76,0.427296831936047,-1.7786230629338,0.240759240759241
"FLOXURIDINE",1,1,0,0.757,0.429109700583816,-1.76411765795572,0.243756243756244
"LOBARIC ACID",1,1,0,0.756,0.429707631592283,-1.75933575393725,0.244755244755245
"SEPANTRONIUM BROMIDE",1,1,0,0.755,0.430302405478005,-1.75458001254095,0.245754245754246
"OMACETAXINE MEPESUCCINATE",1,1,0,0.755,0.430302405478005,-1.75458001254095,0.245754245754246
"TOPOTECAN HYDROCHLORIDE",3,3,0.333333333333333,0.757333333333333,0.241877504016334,-1.75295342873791,0.146853146853147
"BI-2536",1,1,0,0.752,0.432067914433236,-1.74046712305966,0.248751248751249
"RALTITREXED",3,3,0.666666666666667,1.04,0.254773141830617,-1.46535592665234,0.181818181818182
"NEVIRAPINE",2,2,1,1.538,0.37775481293916,-1.42420422340628,0.212787212787213
"TAMOXIFEN",7,7,0.857142857142857,1.087,0.165952320941551,-1.38507941047778,0.177822177822178
"BENZBROMARONE",2,2,0.5,0.9245,0.310074016802272,-1.36902796428343,0.253746253746254
"RESERPINE",2,2,0.5,0.915,0.310437387199692,-1.33682351775834,0.260739260739261
"HYDROXYCHLOROQUINE",4,4,0.75,1.045,0.221130954185296,-1.33405113312542,0.212787212787213
"CITALOPRAM",1,1,1,1.811,0.611271341265607,-1.32674304396614,0.21978021978022
"GW7647",2,2,0.5,0.9225,0.319132567431772,-1.32390123452483,0.247752247752248
"PHA-793887",2,2,0.5,0.906,0.310258376615783,-1.30858674769249,0.268731268731269
"AT-7519",2,2,0.5,0.902,0.312239480997347,-1.28747331604556,0.264735264735265
"ASPIRIN",6,6,1.16666666666667,1.436,0.209637658706512,-1.28475644593224,0.185814185814186
"SELICICLIB",4,4,0.5,0.765,0.207528475318613,-1.27693319961587,0.237762237762238
"CLOFARABINE",2,2,0.5,0.852,0.287539003751977,-1.22418174719568,0.317682317682318
"CLADRIBINE",4,4,0.75,1.01625,0.222143614099722,-1.19854897057936,0.23976023976024
"GEMCITABINE HYDROCHLORIDE",2,2,0.5,0.8425,0.289875452182099,-1.18154192575383,0.327672327672328
"TICLOPIDINE",2,2,1,1.3325,0.302961277287274,-1.09749999398344,0.407592407592408
"VORINOSTAT",8,8,0.875,1.044,0.154496340147976,-1.09387704484218,0.234765234765235
"SERTRALINE HYDROCHLORIDE",2,2,0.5,0.793,0.283251180458672,-1.03441757780335,0.375624375624376
"MYCOPHENOLATE MOFETIL HYDROCHLORIDE",1,1,1,1.507,0.500201160735561,-1.01359221009092,0.493506493506494
"GW441756X",4,4,1,1.2405,0.241543149547018,-0.995681311811268,0.30969030969031
"LIDOFLAZINE",1,1,1,1.545,0.555232638885071,-0.981570537881889,0.425574425574426
"AVN-944",1,1,1,1.486,0.500054051132531,-0.971894935956021,0.514485514485514
"DASATINIB ANHYDROUS",4,4,1.25,1.5015,0.258968752583811,-0.971159637951326,0.304695304695305
"DAUNORUBICIN LIPOSOMAL",2,2,0.5,0.782,0.291652294798209,-0.966904787068837,0.38961038961039
"OMEPRAZOLE",2,2,0.5,0.746,0.302614566033388,-0.812915264537724,0.450549450549451
"FENOFIBRATE MICRONIZED",2,2,0.5,0.7465,0.305091512223513,-0.807954302640224,0.446553446553447
"CYCLOPHOSPHAMIDE ANHYDROUS",9,9,1,1.12111111111111,0.156894786397413,-0.771925657263958,0.330669330669331
"R547",3,3,0.666666666666667,0.860333333333333,0.259067353542374,-0.747553344790661,0.41958041958042
"SKF96365",1,1,2,2.542,0.728537416174882,-0.743956299246401,0.538461538461538
"GEMCITABINE",8,8,1,1.1155,0.155813278566937,-0.741271867598766,0.344655344655345
"PROGESTERONE",4,4,1.25,1.4195,0.250414571176396,-0.676877544320699,0.378621378621379
"TRIFLURIDINE",2,2,1,1.189,0.338960018134726,-0.557587886146732,0.517482517482518
"MG-132",2,2,1,1.141,0.254329871787966,-0.554398109072895,0.746253746253746
"TRIMETHOPRIM",1,1,1,1.302,0.550544366149633,-0.54854798008762,0.652347652347652
"PRALATREXATE",1,1,1,1.281,0.544366912417842,-0.516195958258962,0.672327672327672
"METHOTREXATE SODIUM",1,1,1,1.27,0.532337659182014,-0.50719688029376,0.687312687312687
"PYRIMETHAMINE",1,1,1,1.269,0.537520165136088,-0.500446341267765,0.685314685314685
"PANOBINOSTAT",1,1,1,1.274,0.554284431705629,-0.494331040756195,0.672327672327672
"MEDROXYPROGESTERONE ACETATE",2,2,1,1.1695,0.362147623077799,-0.468041177681806,0.521478521478521
"ZIPRASIDONE",1,1,1,1.255,0.551615155048587,-0.462278814615853,0.688311688311688
"WORTMANNIN",2,2,1,1.1595,0.352752298623529,-0.452158641126885,0.548451548451548
"CAMPTOTHECIN",4,4,0.75,0.84225,0.208796631997582,-0.441817471467014,0.532467532467532
"SITAGLIPTIN",1,1,1,1.158,0.364923511395426,-0.432967444042797,0.842157842157842
"TOZASERTIB",4,4,1.25,1.354,0.240815265280237,-0.431866309965753,0.551448551448551
"CARBIMAZOLE",1,1,1,1.154,0.361129359668267,-0.426439988544449,0.846153846153846
"LINIFANIB",3,3,1.33333333333333,1.45333333333333,0.288511341804625,-0.415928189337049,0.563436563436563
"TESMILIFENE HYDROCHLORIDE",1,1,1,1.145,0.35227702039602,-0.411607886989039,0.855144855144855
"FLUVASTATIN",1,1,1,1.138,0.345072564941163,-0.399915884427178,0.862137862137862
"HYDRALAZINE",1,1,1,1.137,0.344019402576878,-0.398233352461522,0.863136863136863
"PRAVASTATIN SODIUM",1,1,1,1.135,0.341894562536307,-0.394858575692218,0.865134865134865
"ELLAGIC ACID",3,3,0.666666666666667,0.761,0.240700928408965,-0.391910965848273,0.568431568431568
"MYCOPHENOLATE MOFETIL",2,2,1,1.1285,0.332186842150768,-0.386830493248972,0.618381618381618
"OXCARBAZEPINE",1,1,1,1.119,0.323950527000567,-0.367340041400185,0.881118881118881
"DISULFIRAM",3,3,1,1.10433333333333,0.287474593036744,-0.362930623646444,0.564435564435564
"TAMOXIFEN CITRATE",6,6,0.833333333333333,0.895333333333333,0.186105022833798,-0.333145226581924,0.51048951048951
"DOXORUBICIN HYDROCHLORIDE",8,8,1,1.05225,0.160513089659229,-0.325518623502465,0.503496503496504
"ENMD-2076",1,1,2,2.159,0.55138282800884,-0.288365890127886,0.756243756243756
"AMSACRINE HYDROCHLORIDE",1,1,1,1.074,0.461233928431912,-0.160439194600412,0.854145854145854
"CINACALCET",1,1,1,1.076,0.477966999334109,-0.15900679357755,0.845154845154845
"TESMILIFENE",1,1,1,1.069,0.452154225285405,-0.152602798207728,0.861138861138861
"CLOTRIMAZOLE",4,4,1,1.03475,0.237510734176055,-0.146309176806475,0.63036963036963
"BITHIONOLOXIDE",1,1,1,1.067,0.459044357030695,-0.145955394013306,0.859140859140859
"FENDILINE HYDROCHLORIDE",1,1,1,1.067,0.47194674883268,-0.141965169091044,0.853146853146853
"ZAFIRLUKAST",1,1,1,1.061,0.446630136106467,-0.136578334215806,0.868131868131868
"ESTRADIOL BENZOATE",1,1,1,1.062,0.46300147987924,-0.133908859246348,0.86013986013986
"METITEPINE",1,1,1,1.06,0.465420902642565,-0.128915567950069,0.86013986013986
"FLUSPIRILENE",1,1,1,1.059,0.462312375707951,-0.127619339433975,0.862137862137862
"ATORVASTATIN CALCIUM TRIHYDRATE",1,1,1,1.061,0.479070462989019,-0.127329912220863,0.853146853146853
"MICONAZOLE NITRATE",1,1,1,1.055,0.440646308471057,-0.124816658945443,0.874125874125874
"BENZO[DEF]CHRYSENE",1,1,1,1.056,0.457245090813533,-0.1224726106963,0.866133866133866
"CAPSAZEPINE",1,1,1,1.056,0.461602726461922,-0.121316441151089,0.864135864135864
"CDK4 INHIBITOR III",1,1,1,1.056,0.478636702618067,-0.11699896747092,0.856143856143856
"AMCINONIDE",1,1,1,1.054,0.464003555265796,-0.116378418628855,0.864135864135864
"ENCLOMIPHENE CITRATE",1,1,1,1.054,0.478866696809574,-0.112766246556238,0.857142857142857
"RESCINNAMINE",1,1,1,1.053,0.477932442317346,-0.110894334234812,0.858141858141858
"ISOCONAZOLE",1,1,1,1.048,0.481588961592696,-0.0996700585521228,0.859140859140859
"LOMERIZINE",1,1,1,1.045,0.461723064388374,-0.0974610182396013,0.87012987012987
"METERGOLINE",1,1,1,1.046,0.475510368036397,-0.096738164069808,0.863136863136863
"TERFENADINE",1,1,1,1.045,0.474552631643955,-0.0948261520415766,0.864135864135864
"RITANSERIN",1,1,1,1.044,0.473590844810464,-0.0929072013999955,0.865134865134865
"VIDARABINE",1,1,1,1.04,0.469702693861361,-0.0851602524804905,0.869130869130869
"ISOLIQUIRITIGENIN",1,1,1,1.033,0.464894748440041,-0.0709838089389742,0.875124875124875
"NIFEDIPINE",1,1,1,1.029,0.494371725934447,-0.0586603126325336,0.863136863136863
"TRIFLUPROMAZINE HYDROCHLORIDE",1,1,1,1.022,0.483476731342626,-0.045503741077478,0.872127872127872
"ETOPOSIDE",6,6,1,1.00466666666667,0.191233752580196,-0.0244029445832769,0.64035964035964
"CLOZAPINE",2,2,1.5,1.5055,0.41880203574618,-0.0131326964306678,0.689310689310689
"CEDIRANIB",2,2,1,1.004,0.342930899164252,-0.0116641574432299,0.773226773226773
"PERPHENAZINE",3,3,1,0.996333333333333,0.239767571803377,0.0152925878970555,0.794205794205794
"FLUTICASONE",2,2,1.5,1.455,0.38028886339153,0.118331101254653,0.832167832167832
"ATORVASTATIN",2,2,1,0.965,0.269903404661461,0.129676022590009,0.887112887112887
"DAUNORUBICIN HYDROCHLORIDE",6,6,0.833333333333333,0.805166666666667,0.175874999214448,0.160151623553513,0.727272727272727
"OTSSP167",1,1,1,0.938,0.379868793533109,0.163214249381599,0.957042957042957
"HALOPERIDOL DECANOATE",2,2,1,0.9195,0.315228677501141,0.255370166947164,0.892107892107892
"PROCHLORPERAZINE",2,2,1,0.916,0.318662118152671,0.263602088905201,0.886113886113886
"METHYLDOPA ANHYDROUS",2,2,1,0.9125,0.325114517438777,0.269135936128959,0.884115884115884
"ASTEMIZOLE",2,2,1,0.9135,0.313633729238606,0.275799418034508,0.894105894105894
"THEOPHYLLINE",2,2,1,0.9075,0.319837530702769,0.2892093363676,0.89010989010989
"THIOTEPA",2,2,1,0.904,0.323865541373096,0.296419309053343,0.888111888111888
"EPLERENONE",1,1,2,1.814,0.579430530555424,0.321004831798742,0.941058941058941
"METHIMAZOLE",3,3,1,0.887666666666667,0.228010452708471,0.49266747203454,0.923076923076923
"ETHACRYNIC ACID",2,2,1.5,1.3135,0.372970316321364,0.500039793620748,0.908091908091908
"APIGENIN",1,1,1,0.795,0.403903624814307,0.507546819106286,1
"DOXORUBICIN-HPMA CONJUGATE",1,1,1,0.794,0.404632830758614,0.509103523838605,1
"CABOZANTINIB S-MALATE",1,1,1,0.794,0.404632830758613,0.509103523838606,1
"AMONAFIDE",1,1,1,0.788,0.408929362143661,0.518426945154216,1
"DOXORUBICIN-ELUTING BEADS",1,1,1,0.787,0.409632516774238,0.519978251915463,1
"CRIZOTINIB",1,1,1,0.787,0.409632516774238,0.519978251915463,1
"COUMESTROL",1,1,1,0.786,0.410332026988353,0.521528873996653,1
"ETOPOSIDE TONIRIBATE",1,1,1,0.784,0.411720188372534,0.524628148194079,1
"ZM336372",1,1,1,0.782,0.413093992508542,0.527724934163723,1
"DOXORUBICIN LIPOSOME",1,1,1,0.782,0.413093992508542,0.527724934163723,1
"SPIRONOLACTONE",2,2,1.5,1.3,0.3783426266536,0.528621376261456,0.936063936063936
"DEMECLOCYCLINE",1,1,1,0.781,0.413775555356051,0.5292724453274,1
"RABEPRAZOLE",1,1,1,0.78,0.414453582167858,0.530819395622687,1
"INOSITOL",1,1,1,0.78,0.414453582167857,0.530819395622688,1
"PROCHLORPERAZINE EDISYLATE",1,1,1,0.779,0.415128090270139,0.532365805108941,1
"QUINACRINE",1,1,1,0.778,0.415799096787005,0.533911693689225,1
"QUINACRINE DIHYDROCHLORIDE",1,1,1,0.778,0.415799096787005,0.533911693689226,1
"THIORIDAZINE HYDROCHLORIDE",1,1,1,0.777,0.416466618643615,0.535457081113214,1
"7-HYDROXYFLAVONE",1,1,1,0.776,0.417130672569155,0.537001986980143,1
"LOPERAMIDE",1,1,1,0.776,0.417130672569155,0.537001986980143,1
"TRIFLUPROMAZINE",1,1,1,0.776,0.417130672569155,0.537001986980144,1
"ALVESPIMYCIN",1,1,1,0.775,0.417791275099836,0.538546430741603,1
"RS-17053",1,1,1,0.773,0.419102191173758,0.541634009033101,1
"BITHIONOL",1,1,1,0.772,0.419752536850218,0.543177181753063,1
"AMSACRINE",1,1,1,0.772,0.419752536850218,0.543177181753064,1
"DAUNORUBICIN CITRATE",1,1,1,0.77,0.421043082447955,0.546262388786378,1
"FLUPHENAZINE HYDROCHLORIDE",1,1,1,0.769,0.421683313419936,0.547804460476617,1
"ETOPOSIDE PHOSPHATE",1,1,1,0.769,0.421683313419935,0.547804460476617,1
"DAPHNETIN",1,1,1,0.767,0.422953768028956,0.550887632673954,1
"HISPIDIN",1,1,1,0.766,0.423584021680967,0.552428769790194,1
"PIMOZIDE",1,1,1,0.766,0.423584021680967,0.552428769790195,1
"TRAMETINIB DIMETHYL SULFOXIDE",1,1,1,0.765,0.424210979295627,0.553969631786055,1
"TRIFLUOPERAZINE",1,1,1,0.765,0.424210979295627,0.553969631786055,1
"FRAXETIN",1,1,1,0.764,0.424834655465496,0.555510236662337,1
"HYDRALAZINE HYDROCHLORIDE",1,1,1,0.763,0.425455064621415,0.55705060230248,1
"LEVONORGESTREL",1,1,1,0.763,0.425455064621415,0.557050602302481,1
"MAPROTILINE",1,1,1,0.762,0.426072221034816,0.558590746474768,1
"ETHOPROPAZINE HYDROCHLORIDE",1,1,1,0.762,0.426072221034816,0.558590746474768,1
"DOXORUBICIN-MAGNETIC TARGETED CARRIER COMPLEX",1,1,1,0.762,0.426072221034815,0.55859074647477,1
"OSIMERTINIB",1,1,1,0.761,0.426686138819927,0.560130686834578,1
"PHENETHYLISOTHIOCYANATE",1,1,1,0.761,0.426686138819927,0.560130686834578,1
"CLEMASTINE",1,1,1,0.76,0.427296831936047,0.561670440926462,1
"AMOXAPINE",1,1,1,0.759,0.427904314189632,0.563210026186363,1
"PHENYLEPHRINE HYDROCHLORIDE",2,2,1.5,1.3035,0.348222642872357,0.564294149223456,0.925074925074925
"PALBOCICLIB",4,4,1,0.875,0.221470199008916,0.564410022474254,0.893106893106893
"RIMCAZOLE",1,1,1,0.757,0.429109700583816,0.566288759423036,1
"FLAVANONE",1,1,1,0.754,0.430894035314568,0.570906022916773,1
"IDELALISIB",1,1,1,0.754,0.430894035314568,0.570906022916773,1
"TENIPOSIDE",1,1,1,0.754,0.430894035314568,0.570906022916773,1
"METHYLDOPA (RACEMIC)",1,1,1,0.754,0.430894035314568,0.570906022916774,1
"CLOMIPRAMINE",1,1,1,0.752,0.432067914433236,0.573983838455844,1
"SN-38",1,1,1,0.748,0.434378503939459,0.580139205127706,1
"ESTRADIOL VALERATE",1,1,1,0.744,0.436640189005383,0.586295092495126,1
"VEMURAFENIB",1,1,1,0.744,0.436640189005382,0.586295092495126,1
"TRIFLUOPERAZINE HYDROCHLORIDE",1,1,1,0.743,0.437198058255228,0.58783426675232,1
"TETRAIDOFLUORESCEIN",1,1,1,0.74,0.438853725736254,0.592452529743947,1
"DAIDZEIN",1,1,1,0.736,0.441019839121207,0.598612526198495,1
"FIRATEGRAST",1,1,2,1.679,0.51983577140211,0.617502714625032,1
"ACETYLCYSTEINE",1,1,2,1.671,0.522524671218529,0.629635341873468,1
"CLOPIDOGREL",1,1,2,1.621,0.530698257619753,0.71415346585056,1
"QUERCETIN",2,2,1,0.769,0.304518852834651,0.758573723267734,1
"CEFOTETAN",1,1,2,1.624,0.484622387905119,0.775861803713482,1
"PIRARUBICIN",2,2,1,0.768,0.297093022914146,0.780900196592779,1
"METHYLPREDNISOLONE",2,2,1,0.7675,0.296279482130525,0.784732031823833,1
"CARVEDILOL PHOSPHATE",1,1,2,1.563,0.535086270910883,0.816690735226846,1
"OXPRENOLOL HYDROCHLORIDE",1,1,2,1.556,0.541439892469291,0.820035623853081,1
"DOBUTAMINE HYDROCHLORIDE",1,1,2,1.555,0.539690898817334,0.824546052147928,1
"BETAXOLOL",1,1,2,1.54,0.544698721034569,0.844503543401575,1
"SALMETEROL",1,1,2,1.554,0.5266510812306,0.846860503842228,1
"CLENBUTEROL",1,1,2,1.54,0.542857895488952,0.847367246239787,1
"NEBIVOLOL HYDROCHLORIDE",1,1,2,1.535,0.548703996774289,0.847451454215085,1
"TARANABANT",1,1,2,1.537,0.537512716054158,0.861374970621811,1
"CARVEDILOL",1,1,2,1.54,0.533558511022628,0.86213599913973,1
"CLENBUTEROL HYDROCHLORIDE",1,1,2,1.537,0.535647195379492,0.864374916911449,1
"DESIPRAMINE",1,1,2,1.525,0.549251014270046,0.864814060710065,1
"PROCATEROL",1,1,2,1.532,0.539691826200163,0.867161549017839,1
"PINDOLOL",1,1,2,1.538,0.531825947880358,0.868705263143598,1
"PROPRANOLOL HYDROCHLORIDE",1,1,2,1.532,0.535969461129329,0.873184078462023,1
"PROCATEROL HYDROCHLORIDE",1,1,2,1.527,0.539965334593397,0.875982159773603,1
"ALPRENOLOL",1,1,2,1.526,0.540014458709777,0.877754275566062,1
"OLANZAPINE",1,1,2,1.509,0.549746506329257,0.893138918296151,1
"OXPRENOLOL",1,1,2,1.525,0.530713346974292,0.895021771561003,1
"LONAFARNIB",2,2,2,1.6195,0.414296260412029,0.918424896284562,0.944055944055944
"SIROLIMUS",2,2,1.5,1.1735,0.344625182649956,0.947406099256635,1
"MITOXANTRONE",3,3,1,0.773666666666667,0.235338398778689,0.961735673004966,1
"SALMETEROL XINAFOATE",2,2,1.5,1.1465,0.341180530151053,1.03610836129334,1
"METFORMIN HYDROCHLORIDE",2,2,2,1.573,0.390926877847794,1.09227588123591,1
"MITOXANTRONE HYDROCHLORIDE",4,4,1,0.75675,0.216653816897778,1.12275889473376,1
"METFORMIN",2,2,2,1.5095,0.413921588082913,1.18500704993852,1
"DIMETHYL FUMARATE",1,1,2,1.257,0.545204776435653,1.36279070197708,1
"DUTASTERIDE",1,1,3,2.155,0.547059662444848,1.54462128723517,1
"PENTOXIFYLLINE",2,2,2,1.317,0.364889221742908,1.87180097218992,1
"CYCLOHEXIMIDE",1,1,2,0.951,0.398444171444079,2.63274023107959,1
