"Gene","Module","RWR_score","Diffusion_score"
"CDK1","magenta",0.0261367932863219,0.0245354207853835
"CCNB1","magenta",0.025922313279422,0.0245777524122136
"PLK1","magenta",0.0252561654873143,0.0242956411106171
"RRM2","magenta",0.0248957867887045,0.0243205028776479
"BIRC5","magenta",0.0247822190523807,0.0241599371309818
"CCNB2","magenta",0.024715772886364,0.0242708593680701
"TYMS","magenta",0.0245502996842506,0.0241888271853761
"TK1","green",0.0242032537271385,0.0242061819814882
"UBE2C","magenta",0.0241201889273133,0.0239941320472582
"PCLAF","magenta",0.0240064682398299,0.0242200210507463
"TPX2","magenta",0.0239364394013675,0.024015880051775
"HJURP","green",0.0238513133456807,0.0240323390307303
"CKS2","magenta",0.023451933967544,0.0240318115332252
"GZMB","purple",0.022993782952424,0.0221524518672964
"CLSPN","magenta",0.0229086683385894,0.0233683925042629
"E2F2","green",0.021958704374468,0.0227429029737509
"ACOT7","magenta",0.0219493031135556,0.0220638570151928
"FUT7","green",0.0217636188387443,0.021806296146783
"SLC1A5","green",0.021686045344284,0.0217710145122608
"HLA-DQA1","purple",0.0216059196221366,0.0216122355428523
"IL12RB2","magenta",0.0215180720733042,0.0218358205110597
"H1-5","green",0.0214273495508881,0.0219227827742793
"OASL","green",0.0212416631115674,0.0213134995506414
"CCR10","green",0.02118893301751,0.0212950400564337
"GAPDH","green",0.00618796545595737,0.00278832104959901
"TP53","green",0.00564205020664121,0.00298400488627389
"IFNG","purple",0.00545918140485534,0.00252805879471936
"TNF","green",0.00526683439068109,0.0025349319520563
"CCNA2","magenta",0.00499286031885929,0.00381733480601422
"CCNF","green",0.00483356224888007,0.0027159140416742
"BRCA1","magenta",0.00466831529932619,0.00334039427663689
"KIF23","magenta",0.00445739743642804,0.00317505829548285
"KIF14","magenta",0.00437568425013511,0.00258873337766064
"CDC20","magenta",0.00430962464244876,0.00357527365067941
"BUB1","magenta",0.00407263142294902,0.0037099154276071
"MKI67","magenta",0.00405174191943185,0.00328034019365809
"FOXP3","green",0.004002958171862,0.00230198335700365
"TBX21","purple",0.00396872937456414,0.002079452713786
"CDC45","magenta",0.00396548116491226,0.00370604336056078
"STAT1","magenta",0.0038880868795171,0.00218253376529322
"MCM4","magenta",0.00387914491169868,0.00363253487863321
"TOP2A","magenta",0.00383872833489454,0.0032963777228362
"CDCA8","magenta",0.00380791524195726,0.00336345675895552
"CCL5","purple",0.00377819368598912,0.00221361956807948
"MCM7","magenta",0.00364254690306136,0.00327281080043562
"KIF2C","magenta",0.00361823757168672,0.00347547025027059
"MCM10","magenta",0.00357681667901826,0.00353706077702617
"DLGAP5","magenta",0.00354336083772858,0.00345365129435593
"FEN1","magenta",0.00353732571898171,0.00328724364645205
"MCM3","green",0.003537013104972,0.00327369029265873
"NEK2","magenta",0.00349575253209638,0.00337636967383159
"EXO1","magenta",0.00348827917006358,0.0034198483454231
"NUSAP1","magenta",0.00348557175473353,0.00350284605502374
"ASPM","magenta",0.00347174951606087,0.00348014400888021
"NCAPG","magenta",0.00346377133498519,0.00349834910459907
"CENPA","magenta",0.00342077319367256,0.00321605558594939
"CDCA3","green",0.00338671052292594,0.00352988000541948
"KIF4A","magenta",0.00335691956361311,0.00343064297644327
"RAD51","magenta",0.00333850228105051,0.00316779950790044
"CDCA5","green",0.00333603621973745,0.00354939461542004
"PTTG1","magenta",0.00331985072614834,0.00323085609955744
"MELK","magenta",0.00324947470698906,0.00333404352820141
"MYBL2","green",0.00324647796583729,0.00330981019737662
"ZWINT","magenta",0.00324147353364459,0.00328564039897429
"EZH2","magenta",0.00323772876107547,0.00290597243728589
"GINS2","magenta",0.00317566033952531,0.00344072974389484
"UHRF1","magenta",0.00315688181441311,0.00321516229686944
"KIF15","magenta",0.00301732832177804,0.00315005409576919
"DTL","magenta",0.00301178771811075,0.00299658879284326
"CDCA2","magenta",0.00286332068532569,0.00325875636567753
"GTSE1","green",0.00285269552630002,0.00310769414190704
"CENPM","green",0.00284244121394575,0.00311330532892583
"CKS1B","magenta",0.00282062287595653,0.00331116783142452
"CENPW","magenta",0.00281589184044811,0.00338235787738087
"NCAPG2","green",0.00281327261626661,0.00307445583316352
"SPC25","magenta",0.00277894675900735,0.0031485730868957
"ASF1B","magenta",0.00275203190863105,0.00311848241565503
"SKA1","magenta",0.00274144464911063,0.00323038714942609
"ACTB","green",0.00272925724390102,0.00180558052347874
"DEPDC1B","magenta",0.00269875402971224,0.00304957427615293
"GMNN","magenta",0.00267274881019361,0.0031909056681486
"OIP5","magenta",0.00262391304708745,0.00315972739013116
"SHCBP1","magenta",0.00262341025183439,0.00319748841878306
"PKMYT1","magenta",0.00255694420236811,0.00317263106026065
"CCNE2","magenta",0.00253723869749196,0.00259851497638146
"KPNA2","magenta",0.00253120791756611,0.00279967025803338
"NCAPD2","green",0.00249143033001397,0.00300842935573186
"CDKN1B","green",0.00247998823401835,0.00260805050689826
"SLC16A1","magenta",0.00247506878480528,0.00271671378813744
"PSMD3","green",0.00241608281668987,0.00191136750490087
"SELPLG","green",0.0023835050838155,0.00166048832222348
"RRM1","green",0.00235882391592397,0.00268379808936543
"CDK4","green",0.00232213705045149,0.00248990413385657
"CDCA7","magenta",0.00226416766467714,0.00290385712803145
"ORC1","magenta",0.00224990063270756,0.00280728008401749
"CX3CR1","purple",0.00223905207012648,0.00148278785977844
"ORC6","magenta",0.00222652933768686,0.00290958824047939
"CCL4","purple",0.00217112016258957,0.00146521449647105
"ESCO2","magenta",0.00216579763280136,0.00272145299663511
"CD38","magenta",0.00215567877529807,0.00146493446669319
"SPC24","magenta",0.00215476644773508,0.00291852846992705
"H2AC20","green",0.00211640060689408,0.00199779746241112
"H2AZ1","magenta",0.0021155290925336,0.00205426328213279
"ENO1","green",0.00208871126300045,0.00105984783239806
"PRF1","purple",0.00208528167699555,0.00141887230531881
"E2F7","magenta",0.00203672039155519,0.00271778272230285
"TXK","purple",0.00199979581658938,0.00186131128373819
"MGAT1","green",0.00197217857825464,0.00243745286855954
"SNX20","green",0.0019397258283954,0.00239876787582694
"TRIM21","green",0.00193517177998871,0.0013501020848109
"SLC35C1","green",0.00192763053515147,0.00212788438520962
"TINF2","green",0.00190448331433046,0.0013112595002547
"EOMES","purple",0.00180421746444239,0.00140230553366147
"PSMB9","green",0.00178846416249274,0.00147363778183112
"XCL2","purple",0.00174999456736197,0.00166938764676081
"GBP2","magenta",0.00173070648826039,0.00156762139049318
"CCL4L2","purple",0.00171442793121242,0.00173231484250202
"NDRG1","green",0.00169255260976053,0.00151698126332835
"H2BC12","magenta",0.00169029883128087,0.00162118957065796
"NEIL3","magenta",0.00168673522682705,0.00213938364603362
"CCNL2","green",0.00166229886369425,0.00228281932735268
"STMN1","magenta",0.00165093221969593,0.00240457057726388
"RBBP4","green",0.00161944678363054,0.00176130458401323
"IL12RB1","green",0.00158080390523495,0.00170759453883061
"ANXA5","green",0.0015764881883475,0.0015288043830415
"THEM4","green",0.00156780736525297,0.00416967704464193
"NKG7","purple",0.00153834064204678,0.0012785084447157
"H2AC14","green",0.00153805396324721,0.00164526573448466
"IRF3","green",0.00152223954936161,0.00135557635269006
"RBM39","green",0.00150955965671913,0.00104024869604597
"HLA-DRB1","purple",0.00150592457132731,0.00131728806926345
"CSK","green",0.0014127913643976,0.00165947491304511
"HLA-DPA1","purple",0.00140680306137008,0.00131742262292187
"TUBA1B","green",0.00138212588987206,0.00136762702989754
"GNAQ","green",0.00132267388263575,0.000986748108140405
"H4C3","green",0.0012706668310373,0.00156605080006873
"DSN1","green",0.00126754863089313,0.00248202733466565
"HLA-DQB1","purple",0.00124684774679918,0.00139878932676549
"BST2","green",0.00124166832587026,0.00107560541638165
"PDCD1LG2","magenta",0.00124163163362933,0.00127430338794883
"IFI35","green",0.00122155701551188,0.00102266081569919
"ITGAM","purple",0.00121400799564681,0.000892392202458433
"OAS1","green",0.0011999737571138,0.00112155444806734
"OAS2","green",0.00117406346492244,0.00114481666810468
"FCGR3A","purple",0.00115768416494251,0.000897705911660805
"GZMA","purple",0.00114423225044964,0.000934781629940477
"DHFR","magenta",0.00113436012281203,0.00172695523034607
"IL23A","magenta",0.0011324364475861,0.00146688247856459
"UBE2L6","green",0.00113100542287326,0.00108090996290616
"H2AC12","green",0.00109891777099403,0.0013412647959412
"HSPA8","green",0.00106709740556366,0.000851202398643657
"H2BC15","green",0.0010625119333556,0.00125992849374707
"PSMB8","green",0.00103276264337283,0.000981624220054655
"SLC38A1","green",0.00102617667794327,0.00151402829144767
"HAVCR2","magenta",0.00101227685441488,0.000891442259432334
"ADRM1","green",0.00100543147700473,0.00140606064138004
"SPPL2A","magenta",0.000996900477870489,0.00162823030897711
"HNRNPH1","green",0.000992740190983581,0.000767223450843821
"GPC1","green",0.000989814238476122,0.000800873009702912
"STIL","magenta",0.000985074949713139,0.0017114534836699
"PSMC4","green",0.00098385751781217,0.00119194840791826
"GLUL","green",0.000979592457950455,0.00110122529063319
"PSMB2","magenta",0.000955252556672029,0.00116284846793993
"GNLY","purple",0.000950015400017334,0.000908533257700634
"NIPSNAP2","green",0.00094884146363267,0.00118011467208787
"PSMB5","green",0.000942430333941587,0.00121280047623567
"GZMK","green",0.000940347724093825,0.00088876064159463
"RCC1","magenta",0.00092604509350904,0.00155870575635459
"CTSC","purple",0.000925254559233175,0.00165167349610009
"ALDH18A1","green",0.000922937780419202,0.00127088470134281
"HLA-DPB1","purple",0.000921411474234859,0.00113427839940786
"RIPK3","green",0.000915502669638373,0.00105665618873393
"PSMB10","green",0.000901356668379003,0.000970845682488956
"GZMH","purple",0.000900958427410572,0.000882846349891067
"TUBA4A","green",0.00089807423364151,0.00117083087910671
"YWHAE","green",0.000868806095873934,0.00109909207580317
"MTHFD2","magenta",0.000841548068872707,0.0014526637605163
"TUBB","green",0.000832627488688867,0.000902513401303878
"RAE1","green",0.000825794924818915,0.0014634630172243
"TNFRSF1A","green",0.000819822692909915,0.00101548708087696
"CD244","purple",0.000812068304848121,0.000815013722027155
"FNBP1","green",0.000810576504360643,0.00106494485145345
"SLC1A4","green",0.000804030012198985,0.00189727068093823
"BCAT1","magenta",0.000797687750594733,0.00186727222228369
"SLC15A4","purple",0.000758492057135385,0.00135049129928694
"TNFRSF25","green",0.00075384946023704,0.000972988792748954
"GRAP2","green",0.000735901814520897,0.00108343624624675
"TCF19","magenta",0.000734640034358229,0.00185836644034915
"TNFRSF4","green",0.000730983935471389,0.000813270242357198
"GART","green",0.000729706524098727,0.000920657223550496
"HP1BP3","green",0.000719101391390997,0.00125911287801398
"AP2B1","green",0.000705776852461144,0.000905526112852899
"PABPC1","green",0.000705207563228637,0.000796500599528197
"SLC29A1","magenta",0.000705076424387515,0.00146965686761213
"CLTA","green",0.000701453397079316,0.00088115950066691
"LYN","purple",0.000696170768693542,0.000772348969043856
"TUBA1C","green",0.000681545148490395,0.00091727091765829
"PLEKHG3","green",0.00067813396795878,0.0015213147939948
"TAP1","green",0.000667576546078456,0.000982123709231753
"DDB1","green",0.000660579341435196,0.000685986577452707
"CST7","purple",0.000658788658607104,0.000855022438632686
"CTSO","green",0.000652466027962621,0.00158279767353963
"B3GAT1","purple",0.000619305394756172,0.000777407903533722
"CD96","green",0.000615799868927398,0.000801098920637234
"MOB3C","green",0.000611553323347153,0.000907387802025626
"ACTG1","green",0.000604573938099477,0.000500452637687451
"UBE2N","green",0.000592271670594311,0.000779037317676107
"SPN","green",0.000583675829888344,0.00080248439910151
"UCK2","magenta",0.000583608528904759,0.00143655922459121
"RPL11","green",0.000563912277470269,0.000453765535566263
"RAB1B","green",0.000562139316696569,0.00131494837286648
"TOR1B","green",0.000560611070781424,0.00107160567844685
"SESN2","green",0.000549094357934795,0.000773664897244476
"CMKLR1","purple",0.000542486682331717,0.00109417833084076
"SLAMF7","purple",0.000542415702671136,0.000766269939850483
"FGFBP2","purple",0.000540350038252973,0.000774046478169394
"CCT4","green",0.000534690697289876,0.000503166896305598
"CCT5","green",0.000533354210771565,0.000480291693373433
"AIMP2","green",0.000530170847056372,0.000628163764847262
"TUBB4B","green",0.000526600906926981,0.00063365467801372
"DDX5","green",0.000522731945114345,0.000484036085897852
"B9D2","green",0.000519351069128079,0.00192103443484731
"SF3B1","green",0.000514467691895215,0.000587453394209653
"ACTL6A","green",0.000509273456966781,0.000748183571036671
"ZNF683","purple",0.00050542055577239,0.000764830486565834
"HNRNPDL","green",0.000498952203518606,0.000740442012863824
"GSDMD","green",0.000495292438942424,0.000764852816920561
"IMPDH2","green",0.000480971258156856,0.000765545433206613
"TYMP","green",0.000469470347699456,0.00111383879157524
"CASP2","green",0.000464366516770962,0.00115799964679952
"S1PR5","purple",0.000459546845747804,0.000738417954698638
"MFSD8","green",0.0004533533302098,0.00114148671254875
"SH2D2A","green",0.000436241354736469,0.000881651455365432
"EAPP","green",0.000436206502369907,0.00105245190696144
"RNF149","green",0.000432869263571025,0.000511781304684708
"KEAP1","green",0.000422638895222992,0.000504465296199448
"PLEK","purple",0.000414261641491365,0.000383758130823378
"GOLPH3","purple",0.000411804287417246,0.000411163794103643
"ACTR1A","green",0.000402883150071704,0.000687129619623426
"USP28","purple",0.000400848796475421,0.0013463287298117
"STK38","green",0.00039861511660197,0.000982969341485555
"ADA","green",0.00039469176305141,0.000783390057474325
"CCNG1","green",0.000391669004257981,0.00108264990522008
"KRT18","magenta",0.000387322937677716,0.000691540449099406
"SASH3","green",0.000384382959925381,0.000408691949582549
"PSME2","green",0.000375507990222264,0.000448516910809963
"LRR1","green",0.000362364249091959,0.000845302482109995
"ZBTB7B","green",0.000358959281126391,0.000897996573743058
"TOP3A","green",0.000358139260139885,0.000801401844399846
"TNFRSF1B","green",0.00035229168758754,0.000444982352153458
"RBBP5","green",0.000342012596363797,0.000495793287086896
"FANCG","green",0.000340865092831583,0.000779487232094224
"PPP4C","green",0.000340669044703661,0.00086631279103992
"ADAT3","green",0.000334019773693174,0.001474477640665
"ETS1","green",0.000331966161468542,0.000451640837339704
"PPP2R2B","purple",0.000320620998437637,0.00103639012229846
"BANF1","green",0.000317981193318504,0.000478535895878893
"HAUS4","magenta",0.000317748818376059,0.000974952491558437
"MTHFD1","green",0.000309249710595859,0.000660769306048628
"PDIA6","magenta",0.000306113897845903,0.00053325121022593
"DCTPP1","green",0.000304161092872168,0.0015682255058609
"BCLAF1","green",0.000303354799217094,0.000514269805028174
"FGR","purple",0.000302031676494191,0.000557175689226769
"STT3A","green",0.000301779860048188,0.000348982797077546
"CD63","green",0.0003003932032839,0.000345886961519472
"SRSF2","green",0.000296671911136625,0.000363172935893967
"EIF4A3","green",0.000295701929830143,0.00032997126030839
"RORA","green",0.000295646540886556,0.00075609316251032
"RNASEH2C","green",0.000292965160871685,0.00112289715749946
"ALG1","green",0.000292666962973221,0.000305391543015007
"PDCD11","green",0.000288275176723305,0.000315161097748512
"PNPT1","green",0.000283425524474387,0.000532918734576059
"MAML2","green",0.000282954454262375,0.000964544202321351
"HNRNPAB","green",0.000273450021257103,0.000388358285963148
"C19orf12","green",0.000271401848329373,0.000292610446719052
"STIP1","green",0.000266513966015973,0.000322777554704639
"USP10","purple",0.000265805074450933,0.000403825692558476
"RNF7","green",0.000265736441139412,0.000571106809948249
"GNG2","purple",0.000265028772485107,0.000281779513585109
"SNRPA1","green",0.000258489962711289,0.000318414665222509
"GMPPA","green",0.000255144944460395,0.000292421969325513
"DDX39B","green",0.000252841693469097,0.000281510975728402
"NME8","purple",0.000252356946252096,0.000349804072727589
"GNAS","green",0.000252099602694631,0.000323360677949092
"TIAL1","green",0.000249266184539759,0.000579791010393959
"DZIP3","green",0.00024820592750198,0.00065235914938614
"EXOSC4","green",0.00024680738695651,0.000540290334318842
"MGAT4A","green",0.000246522322278193,0.000609363217106674
"MED8","green",0.000241884985898166,0.000695625218650328
"IL10RB","green",0.000241472389088254,0.000337513265957946
"ZMYM2","green",0.000236233734292637,0.000657457216933742
"DEDD","green",0.000235118145917627,0.00136196539480054
"ADRB2","purple",0.000233112384741813,0.000328564152865878
"ZEB2","purple",0.000231747033163576,0.00036306966377117
"CAND1","magenta",0.000231642902539202,0.00034714560652145
"AP4E1","green",0.000227453323977262,0.000299659939060862
"NOP58","green",0.000227160006106568,0.000277556258746787
"MPDU1","green",0.000225063892137937,0.000285756851494222
"IMP3","green",0.000224687063756299,0.000283000708684332
"MED10","green",0.000224262446657396,0.000644972421613526
"MED18","green",0.000223200875144178,0.000639732708093366
"ANKFY1","green",0.00022039723714544,0.000922478415958205
"CLIC1","green",0.000216541714968091,0.000298119260097921
"APOBEC3G","purple",0.00021419035982457,0.000306748285688477
"DNAJC9","green",0.000214044747023552,0.000405183312598411
"VRK3","green",0.000210794042091566,0.000530340954421365
"POLR1A","green",0.000210374843530481,0.000301313330096507
"SRSF7","green",0.000209219952098488,0.000289510940204225
"DDX47","green",0.000208395055605143,0.000431688424720786
"WDR12","green",0.000204949052337817,0.00028037758957552
"SF3B4","green",0.000204746554705245,0.000287592905494861
"APMAP","purple",0.00019931213865322,0.000530169830327722
"SRSF5","green",0.000198390686358731,0.000293516159335
"B3GALT4","green",0.000197385285289507,0.000356989063345826
"CNDP2","green",0.000196204024234703,0.000335821786308028
"RNF167","green",0.000196074329205081,0.000805592134008425
"MEAF6","green",0.000195784486171556,0.0003522464575435
"GNB2","green",0.000194746259486322,0.000228033654541455
"MORC2","green",0.000193240401610973,0.000615426387775859
"USP12","green",0.000191625241126704,0.000854781444608964
"SPON2","purple",0.00018780114536878,0.000893157701193297
"VPS35","green",0.000185142949389972,0.000290242203492594
"RAC2","green",0.000182337872027758,0.00025388909141636
"FBXO6","purple",0.000180123391080799,0.00029233814105105
"DCAF7","green",0.000180100171966229,0.000325275188318063
"PAFAH1B2","green",0.000178672695229635,0.00087957479888665
"COMMD5","green",0.000176319674830964,0.000305977540169741
"OGT","green",0.000176214531601338,0.00029681534506305
"DCUN1D5","green",0.000175051671505325,0.00031356723176784
"SEC22B","green",0.000174488369231434,0.000292802041614687
"PPHLN1","green",0.000174327228627326,0.000396679746160567
"LASP1","green",0.00017135586684307,0.000296728456550175
"NQO1","magenta",0.000171238855032008,0.0002801845495413
"SF3B3","green",0.000170406120497667,0.000244420298527886
"AK5","magenta",0.000169858878624158,0.000631082263022249
"JPT1","green",0.000169353802149425,0.000811664032104676
"BDH1","purple",0.000169199004485192,0.000358128229945485
"FARSA","green",0.000166909321295824,0.000248228086100763
"S100A11","green",0.000166413018818665,0.000259942030750799
"NUDT1","green",0.000165648268193652,0.000369391600556138
"TPST2","green",0.000165046021251295,0.000276436866038555
"PRKAG1","green",0.000163238752021892,0.000217257924254794
"RRAGA","green",0.000163125220746462,0.0002249961000374
"ANKRD54","green",0.000161410373054919,0.000278276593642389
"SLC9A3R1","green",0.000158912200058023,0.000652359534638377
"TRIM47","green",0.000158456539449095,0.000734550743125934
"CEP68","magenta",0.000156281018912315,0.000874773656596657
"SLCO4A1","magenta",0.000154462037812497,0.000431348511822735
"DOK2","green",0.000153942270737683,0.000306970909532691
"WDR60","green",0.000151067906566499,0.000597549506802456
"PRDX4","green",0.00015094380185369,0.000280122035702903
"HIF1AN","green",0.000149878703039097,0.000648776123827186
"VASP","green",0.000149678852150851,0.000240671045703522
"MYO1F","green",0.000149458587597365,0.000248437293836859
"RNF125","green",0.000149317733122437,0.000265795812315462
"GDI2","green",0.000149132762778558,0.00026902637922817
"HNRNPA0","green",0.000149063761843632,0.000226289637299266
"ATG16L1","green",0.000147449280034129,0.000244144742751498
"HNRNPH3","green",0.000147069507491423,0.000236568027238317
"DDX23","green",0.00014439310791447,0.000251527672868557
"KRT10","green",0.000142964365072331,0.000285889329229967
"ITGB7","green",0.000142445926359632,0.000239457154474322
"BTN3A1","magenta",0.000141727208526406,0.000278082464888863
"TMED2","magenta",0.000140711287364637,0.000240597110552313
"PDCD4","green",0.000138337023098557,0.00032130638805792
"CEP78","purple",0.000138223647156072,0.000689349317748661
"CNBP","green",0.000137608849161425,0.000252626771844187
"PRKAB2","green",0.000135296979461769,0.000185302017076871
"SPDYA","green",0.00013508419966897,0.000922777306320523
"MATK","green",0.000133237155084847,0.000291478092262541
"CAP1","green",0.000132395563370129,0.000263531672695463
"DPF2","green",0.000132198500760976,0.000300061895971721
"PHF19","green",0.000130995132606884,0.000319083839813208
"PSMG4","green",0.000130530093838575,0.000281514256470524
"FSBP","green",0.000129496855422477,0.000400912103640581
"CHMP2A","green",0.000128494581865683,0.000248208197092107
"BYSL","green",0.000127532510833649,0.000174014955558989
"TTC4","green",0.000126444497583562,0.00019779942785117
"EMG1","green",0.000124884104773805,0.000182091343738183
"GBA","green",0.000124851553339878,0.000217595748044923
"MT1E","purple",0.000124621407164253,0.000261933091184738
"VIPR1","magenta",0.00012315540271586,0.00022172850957556
"F2R","purple",0.000121913666069507,0.000171842427207375
"ESAM","purple",0.000121865104847002,0.000230517457314419
"KIZ","green",0.000120332516243722,0.000839015486725424
"WARS1","green",0.000120037048408798,0.000230710204418843
"ATP6V0D1","green",0.000118625177177994,0.000165771430024824
"CSTF2","green",0.000117776159416589,0.000242081488383692
"HSPBP1","green",0.00011503830621899,0.000178062930662857
"TCERG1","green",0.000114504324953262,0.000196811385311634
"UBE2E2","green",0.000113350760631354,0.000272922525289329
"TAF1D","green",0.000112674780606261,0.000257559556202438
"ADGRG1","purple",0.000111443949242796,0.00025242858418476
"PPME1","green",0.000109870337081537,0.00036260309595166
"MED25","green",0.000109806446781542,0.000281972036641185
"GNG7","magenta",0.000109688764440987,0.000134635810174701
"HIBADH","green",0.000109415472808716,0.000319726725970829
"IST1","green",0.000109392193055405,0.000240566360581762
"HSPA1A","green",0.000108789169666374,0.000183835500449125
"FKBP4","green",0.00010846609755712,0.000192703378645948
"ARGLU1","green",0.000105254507918047,0.000185691393918271
"C9orf72","green",0.000104800743739907,0.000222265362498462
"TRAFD1","green",0.000104210076723104,0.000259242489512363
"CD2BP2","green",0.000103225006651532,0.000227058209250514
"RNF213","green",0.000103145679203214,0.000237747089632387
"CSDE1","green",0.000102620521732646,0.000214787531842187
"SPG7","magenta",0.000100792417390034,0.000138051675742585
"IK","green",9.96885424523636e-05,0.000185201741588263
"HIVEP3","magenta",9.83047855743101e-05,0.000252711787942597
"KIF27","purple",9.81508281526317e-05,0.000369160997421163
"FCRL3","magenta",9.75077395284541e-05,0.000232489816237845
"ATOX1","green",9.74259480881858e-05,0.000190183366201917
"HIP1R","magenta",9.65014863861048e-05,0.000223580079884678
"APOBEC3F","green",9.64707951143338e-05,0.000180906825240638
"PSPC1","green",9.59008591125039e-05,0.000244112728937645
"SLC1A7","purple",9.2947585250656e-05,0.000283682826048992
"USB1","green",9.2765322977049e-05,0.000252517290237846
"CNP","green",9.09946437920768e-05,0.000230811143549198
"DDRGK1","green",9.06043238946743e-05,0.000197536014090981
"ANXA4","purple",8.95939582764022e-05,0.000173628461509707
"FNBP4","green",8.92165046431889e-05,0.000183914155178397
"MRPL27","green",8.86332581102616e-05,0.00015479920226455
"RNF144A","magenta",8.81117552551145e-05,0.000214367750267226
"FYTTD1","green",8.69336959019633e-05,0.000177658411232855
"TMBIM4","green",8.54913217524921e-05,0.000199445996674664
"SESN1","magenta",8.50772867930102e-05,0.000178532107234352
"PLOD1","purple",8.49494151630824e-05,0.000267125814523848
"TRAF3IP1","green",8.31965405719952e-05,0.000204728068612281
"MT2A","magenta",8.29339651856602e-05,0.000180396197464054
"ATG9A","green",8.20049032911414e-05,0.000151447273089249
"EIF2B2","green",8.18224735471913e-05,0.000224411885049121
"SDF2","green",8.08074415635487e-05,0.000142521564040066
"EIF2B4","green",7.96927411137978e-05,0.000217745921846462
"STRAP","green",7.91270100452841e-05,0.000157025604805462
"RPP25L","green",7.87574893870627e-05,0.000205849940388111
"RAP2C","green",7.81541398510324e-05,0.000200002778291969
"RBBP6","green",7.80118984726735e-05,0.000150100192297318
"PNISR","green",7.77948137347373e-05,0.000143742643709412
"ATP6V1G1","green",7.7690306026067e-05,0.000130406682591275
"TRIM23","green",7.69748987207591e-05,0.000205825049626932
"SAC3D1","green",7.6497113842805e-05,0.000230376034627198
"CASC3","green",7.61276155745017e-05,0.000145980789432041
"RGS19","green",7.5119234776468e-05,0.000117011540314968
"AP4M1","green",7.45392470857464e-05,0.000118576965601263
"NR3C2","green",7.36895278222757e-05,0.000163697022994726
"BAK1","green",7.35594159840117e-05,0.000178104127883496
"PDLIM7","green",7.27213054419033e-05,0.000187054493735096
"DUSP12","green",7.18304727420984e-05,0.000180265583139213
"SGSH","magenta",7.12301972380614e-05,0.000185956162020314
"CR1","purple",7.038337061939e-05,0.000154773690068331
"TWF1","green",7.02478414667399e-05,0.000142843391864678
"EXOSC2","green",6.93552400010487e-05,0.000135716720355353
"SARS1","green",6.93426695388627e-05,0.000127767236600471
"KISS1R","green",6.90829363490509e-05,0.0001535458427933
"MT-ND5","magenta",6.86026047510094e-05,0.000119645757951233
"NOB1","green",6.78522436380221e-05,0.00011902712941669
"RBM4B","green",6.74117538376615e-05,0.000235436506545643
"DCAF12","green",6.74082399339385e-05,0.000206384449504332
"NOC4L","green",6.63706307796651e-05,0.000119973103183829
"PPP1R2","green",6.58335918855372e-05,0.000202602487138428
"SMTN","green",6.58223785469051e-05,0.000252389403064446
"MRPS2","green",6.56044853085333e-05,9.21140371483241e-05
"DHCR24","green",6.48698729058138e-05,0.000144328184057425
"PPA2","green",6.38301493156811e-05,0.000132448817408047
"NMT1","green",6.38103845781108e-05,0.000181940882976609
"SDF2L1","green",6.33991262018218e-05,0.000125223390005233
"SLC20A1","green",6.32076714272299e-05,0.000275667882101733
"NMU","magenta",6.2370399839969e-05,0.000109723342517045
"COPZ1","green",6.14689594294525e-05,0.000166612030458441
"TWF2","green",6.0381357194322e-05,0.000141799739386972
"KCTD5","green",6.00931158792391e-05,0.000166285393422816
"LSM12","green",5.97141788434416e-05,0.000133523957070511
"RNF138","green",5.94658865223934e-05,0.000218378639581925
"ARL6IP1","green",5.88720980193314e-05,0.000113980552801802
"FABP5","magenta",5.88204621618227e-05,0.00016136815723281
"ARHGAP17","green",5.86966609140883e-05,0.000176198480200248
"UBR2","magenta",5.85308631436809e-05,0.000225446941286479
"ROPN1L","green",5.85195799626469e-05,0.000183989422656071
"MRNIP","green",5.80238631249425e-05,9.25163715329195e-05
"LENG8","green",5.79243672223402e-05,0.000184255941280953
"ATG101","green",5.79026815688302e-05,0.000114516579360489
"NBEAL2","green",5.76936158105338e-05,0.000136999996362174
"ATP1B1","green",5.74100623933053e-05,0.000118869461033008
"SPICE1","green",5.58789985368827e-05,0.000187168678695977
"IFT57","green",5.48428503100352e-05,0.000153619905352634
"FCRL6","purple",5.22225157999233e-05,0.000162228953749014
"CHP1","green",5.19348345128386e-05,0.000154094296672699
"ATP6V0E1","green",5.12996085495297e-05,9.9722330741841e-05
"PPP3CC","green",5.0964738563684e-05,0.000170120981209595
"NDUFS6","green",5.07279110277535e-05,0.000104689771739476
"CDR2","green",5.06800810778746e-05,0.000246498206072841
"RABGGTB","green",5.05479766022265e-05,0.00014931889548971
"ASCL2","purple",5.00005616104818e-05,0.00013876672510726
"VMP1","green",4.9941248118444e-05,0.000155789550999957
"SRD5A3","magenta",4.9318491637189e-05,8.24681480446724e-05
"MICAL2","green",4.90945251654449e-05,0.000236057158741939
"DOHH","green",4.90891281240441e-05,0.000124355029518156
"NSDHL","green",4.89635557230781e-05,8.66539040787839e-05
"ELP6","green",4.75325529974239e-05,0.00014059584415253
"OXNAD1","green",4.70795651594706e-05,0.000196060429073259
"TNFAIP1","green",4.70546038008222e-05,0.000166710348845412
"KNOP1","green",4.6929207440498e-05,0.000188429108659151
"SLC29A3","green",4.69082602849934e-05,0.000196664125163545
"TLK2","green",4.67493454813191e-05,0.000140843089770311
"RRP36","green",4.61010027664257e-05,0.000101330020980708
"APOBEC3C","green",4.55337678388347e-05,0.000151608494243052
"EPHA1","magenta",4.51105547959079e-05,0.000181625660751899
"VAMP1","green",4.45489498549557e-05,0.000176116470427717
"AGAP2","green",4.36931062279757e-05,0.000161292872725074
"PTTG1IP","green",4.35418370792713e-05,0.000195302310460082
"DDHD2","green",4.34710269988237e-05,6.59934254506704e-05
"FUCA1","green",4.34338665088042e-05,9.96388566674832e-05
"SH3BP2","green",4.32783881645879e-05,0.000112923470823201
"TATDN3","green",4.31730832687959e-05,0.000258900614254667
"PROK2","purple",4.23835019825033e-05,0.000113748687125638
"CAPS","green",4.22308005584945e-05,0.000171287246755693
"PACSIN2","purple",4.19890691689649e-05,0.00012152939497116
"SRGAP1","green",4.19612168006281e-05,0.00014857595873811
"FBXO33","green",4.1574306205927e-05,0.000234753478452972
"TBL2","green",4.1387322797126e-05,0.000147531821424423
"EDA","magenta",4.13329782630988e-05,0.000158719899348917
"NDUFAF8","green",4.05507117534195e-05,0.00010015744675032
"POP7","green",4.03971097502393e-05,0.000155819411607382
"CDK5RAP3","green",4.01679618703213e-05,0.000137437674831395
"METTL23","green",3.98112614526412e-05,0.000130302050646867
"TMEM138","green",3.97023884512505e-05,0.000272333843456087
"ZNF790","magenta",3.96767357146307e-05,0.000133829862335361
"BLOC1S3","green",3.89109095251479e-05,0.000107095788579311
"MRI1","green",3.84213891709619e-05,0.000174349101151588
"ZNF2","green",3.79728928514748e-05,0.000179050114675974
"JAGN1","green",3.78717481211898e-05,0.000192919981102051
"CHPF","green",3.75973813883385e-05,9.25532690358513e-05
"EEF1AKNMT","green",3.67179228116434e-05,0.000164760035977036
"SEMA6A","green",3.64966264491626e-05,0.00012415624938285
"ADGRG5","purple",3.64896744311571e-05,0.000149735101303227
"SPSB1","green",3.57804202527433e-05,0.000137785644634365
"MIEN1","green",3.5530629657748e-05,0.000163898411391285
"BFSP2","magenta",3.51081025673901e-05,0.000204715271075856
"GEMIN7","green",3.48560325955479e-05,0.000105575700684672
"BORCS6","green",3.4736429083284e-05,6.20478736735311e-05
"KLHL20","green",3.4725839207824e-05,8.53093683077237e-05
"AMY2B","green",3.46263787452327e-05,8.35300890381559e-05
"L3HYPDH","green",3.46085583178968e-05,0.000190051158886559
"STRIP2","magenta",3.45776125558396e-05,0.000223233969456226
"MTCH2","magenta",3.42976657024206e-05,0.000123537606554104
"RHBDF2","green",3.4277034749539e-05,0.000135544614677839
"PDZD11","green",3.41886924124961e-05,0.000137660551232024
"ADAM8","green",3.37740210131327e-05,0.000153711549158709
"CHCHD4","green",3.34877894524725e-05,0.000127877253600685
"GYG1","green",3.33911037165826e-05,0.000120257400829316
"PNMA3","green",3.32210624105902e-05,0.000141054607092142
"MAP3K20","purple",3.3000759382524e-05,0.000148645767897349
"SPART","green",3.29307558343226e-05,9.33673204391251e-05
"GPR19","magenta",3.2888323680697e-05,0.000130381886858134
"GFM2","green",3.28128743294355e-05,6.9349559164265e-05
"STMN3","magenta",3.162359054755e-05,0.000154746737088624
"PI16","green",3.11617460845812e-05,0.0001713648588022
"NR2C1","green",3.10574247334817e-05,0.000129286652353811
"RCAN3","green",3.09095764658829e-05,0.000132332863726847
"CGRRF1","green",3.07993412694769e-05,0.000107140255150839
"RIC3","green",3.05485762160825e-05,0.00014544203865567
"BTAF1","green",3.04780300510032e-05,0.000127260104752923
"FAM32A","magenta",3.00336602905249e-05,7.59153548674052e-05
"TMX2","green",2.92696223249809e-05,0.000105545206156091
"PYROXD1","green",2.89406229321467e-05,9.70355003097103e-05
"STX16","green",2.89249678014376e-05,8.11796357495173e-05
"MRPS18B","green",2.79084573486194e-05,7.46602826893841e-05
"ANXA7","green",2.79048557455913e-05,0.000104288481312124
"DMXL1","green",2.78267282342563e-05,8.85674499165487e-05
"S1PR4","green",2.77426012474967e-05,0.000123270786568931
"ETV7","magenta",2.70218423263388e-05,8.83639721269704e-05
"IFT27","green",2.6378301565901e-05,7.48040913643217e-05
"PPP1R18","green",2.58504171090875e-05,9.81835046528507e-05
"EEF1AKMT3","green",2.57752946076243e-05,8.35400472857451e-05
"DESI1","green",2.57242889428195e-05,0.00011854634414666
"WDR34","green",2.57133046079177e-05,0.000109178236367761
"GEMIN6","green",2.54823758454981e-05,0.000104051796174902
"TXLNA","green",2.54715021152714e-05,0.00010911563497795
"TRAM1","green",2.51927945785528e-05,0.000103197870927681
"MTPAP","green",2.5144463850637e-05,0.000106322799240428
"DAPK2","purple",2.50380806944842e-05,9.73102758124305e-05
"CEP104","green",2.48735952521621e-05,0.00011462118233659
"GLIPR2","green",2.48580844009949e-05,0.000102802440571623
"THUMPD2","green",2.48552073632586e-05,9.63775043721501e-05
"ELOVL1","green",2.46643747459063e-05,0.000120336092521428
"CNIH4","green",2.44478609000266e-05,7.31751652584681e-05
"C16orf87","green",2.43659870865879e-05,0.00012215651632579
"RAB29","green",2.35696771887279e-05,7.57121580406713e-05
"APOL2","green",2.34844499125505e-05,9.77840804900132e-05
"KLF9","green",2.32251477058498e-05,0.000112271414961052
"STK11IP","green",2.3208813232277e-05,0.000100936475357025
"PELI2","green",2.31816207673477e-05,0.000121540177949939
"GOLGA8A","green",2.31104717792374e-05,0.000166190826772917
"GFOD2","green",2.3048769344498e-05,9.74321265012468e-05
"RASGRF2","magenta",2.29998102047346e-05,5.1030081066253e-05
"EPS8","magenta",2.28707573055157e-05,6.99334944900145e-05
"ZNF512B","green",2.26529930471127e-05,0.000119098698963194
"PLEKHF1","green",2.26168206881374e-05,5.97288572691432e-05
"RAB11FIP5","green",2.19315819941896e-05,7.30302154161346e-05
"RUSC1","green",2.15931967289084e-05,8.10077464073684e-05
"MOB3A","green",2.14624726190682e-05,0.000122205724369002
"MPC1","green",2.12487909990198e-05,0.000186921321181079
"RIMKLB","green",2.10141190979701e-05,0.000110840642826343
"BEX2","green",2.08777397429012e-05,0.000116149873677986
"PDE6D","green",2.08470681502168e-05,8.83873240054206e-05
"GNPTG","green",2.08289387611805e-05,6.20391142191542e-05
"COX15","green",2.06203969910015e-05,6.58150000527014e-05
"ISCU","green",2.0522961745269e-05,6.61423284245706e-05
"ARHGAP12","green",2.02836103572183e-05,8.63245807340731e-05
"WDR27","green",1.93876751091602e-05,0.0001013919247549
"CYB5B","green",1.92097856011573e-05,5.4822829401253e-05
"GPRIN1","green",1.91961929133491e-05,0.000113968919151768
"FBXL12","magenta",1.91046013076378e-05,9.88510035003401e-05
"TRMT2B","green",1.90283366970458e-05,5.51972830242563e-05
"GLCE","green",1.79701670820194e-05,6.1424453135662e-05
"CHST14","green",1.78378899233697e-05,5.94448379558068e-05
"SBNO2","green",1.74214199153807e-05,9.37388259579057e-05
"PLEKHO2","green",1.73777074423664e-05,7.43010686910219e-05
"PRR5L","purple",1.71591986822645e-05,9.67081121408726e-05
"ITPK1","green",1.70971218382383e-05,0.000116152232666185
"SHISA5","green",1.70971218382383e-05,0.000116152232666185
"DRAM2","green",1.70971218382383e-05,0.000116152232666185
"GABPB1","green",1.67879359721569e-05,0.000113079886635799
"VPS11","green",1.66322494149817e-05,7.36336004660887e-05
"CDK2AP2","green",1.65249671795012e-05,0.000125807470296187
"LRG1","magenta",1.64711022315256e-05,0.000127434143993736
"TTC7A","green",1.61893754172115e-05,6.45866870355398e-05
"ANKRD13A","green",1.53744120835688e-05,6.8041018512403e-05
"ACSL5","green",1.513104666822e-05,5.0092388537793e-05
"TACO1","green",1.49767741093045e-05,3.58614948875373e-05
"RNF25","green",1.4798007401752e-05,5.26688158886805e-05
"PLEKHM2","purple",1.47950927028708e-05,4.09564938846671e-05
"RNPC3","green",1.4589930375587e-05,5.55169788648897e-05
"RAP2A","purple",1.36396316419081e-05,5.90943671608845e-05
"UPF3A","green",1.35002045637949e-05,5.90108865855049e-05
"TMEM229B","green",1.31957390902559e-05,6.57880259654312e-05
"NIBAN2","green",1.31720074544135e-05,6.27024784387631e-05
"PCMTD2","green",1.31458508467727e-05,6.88717513993529e-05
"ZNF174","green",1.31240963490281e-05,0.000109576202823955
"GPANK1","green",1.29480204607082e-05,4.3224832982754e-05
"YIPF3","green",1.29462217395009e-05,4.35254245044655e-05
"GPR150","magenta",1.2868341099851e-05,4.86541759146448e-05
"HMOX2","green",1.27396297889766e-05,6.19157657355842e-05
"NDUFAF7","green",1.24828846310261e-05,3.54899094177604e-05
"ZNF609","magenta",1.24479175152131e-05,6.72536098845305e-05
"SCD5","purple",1.24279997269534e-05,4.69014562898385e-05
"CEP89","green",1.24223658281021e-05,5.84680003630048e-05
"XYLB","magenta",1.21554196814109e-05,5.41469515094825e-05
"SDR39U1","green",1.20775250999765e-05,0.00010879304303926
"PRSS23","purple",1.12779224956867e-05,8.20718419688604e-05
"TRPV2","green",1.12779224956867e-05,8.20718419688604e-05
"TESC","magenta",1.10655387195199e-05,5.83065813707881e-05
"PPRC1","green",1.08003940599056e-05,5.14362203156537e-05
"EID3","green",1.07500205719572e-05,4.66974211575559e-05
"NUBP1","green",1.0584332161089e-05,3.81107848879853e-05
"STK35","green",1.02887873191669e-05,3.89972321850815e-05
"FAM210B","green",9.85396679262081e-06,4.54529571528667e-05
"EFHD2","purple",9.2046320499568e-06,5.74381254972267e-05
"MLYCD","green",9.04430908750068e-06,3.50205094432019e-05
"ALS2CL","magenta",8.9814337596365e-06,4.03278336915782e-05
"PNPO","green",8.70987750893672e-06,6.68018988776788e-05
"MSMO1","green",8.70209411708579e-06,2.98036344244466e-05
"THG1L","green",8.6079789172677e-06,3.22845080446301e-05
"POLR3K","green",8.20343487576726e-06,3.42682174089147e-05
"PDGFD","purple",8.05766300001269e-06,6.87129619632171e-05
"JAKMIP1","magenta",8.00603354306149e-06,6.25780450977507e-05
"SH3RF2","magenta",7.9001536412092e-06,4.04710592579851e-05
"GPR82","green",7.6261107798621e-06,3.65455832443827e-05
"TTLL4","green",7.52087707626856e-06,3.32509808758163e-05
"SMDT1","green",7.47610864784057e-06,2.49471875612035e-05
"SH3BP1","green",7.33708261413348e-06,4.40496200358976e-05
"KLHL28","green",7.04398158680194e-06,4.60511703639521e-05
"TMEM242","green",7.00345811678697e-06,3.44450097811701e-05
"POGLUT1","green",6.92782273333915e-06,4.05400060405212e-05
"NUDT4","green",6.90201117359668e-06,5.33170850090459e-05
"CDC42SE2","green",6.75129367638711e-06,5.07329768657803e-05
"EIF1B","green",6.65906153141761e-06,3.47335795610979e-05
"PLEKHF2","green",6.52614953777691e-06,4.54748221300075e-05
"BCDIN3D","green",6.43920292449413e-06,2.99096968264076e-05
"LRIG1","magenta",6.25007020525446e-06,3.4691681263609e-05
"SCFD2","green",6.23172747108776e-06,3.91273186195961e-05
"CCDC28B","magenta",6.12941474196453e-06,3.22692528870131e-05
"ACYP1","green",6.12802586761154e-06,4.26235250385532e-05
"FAM133B","green",5.86615092986998e-06,4.71072771749234e-05
"DEGS1","green",5.76253390315164e-06,2.77766770806966e-05
"EMC9","green",5.69564820217466e-06,4.15109452640264e-05
"ORAI2","magenta",5.51249958505876e-06,2.26369009319635e-05
"TMEM186","green",5.44140686449837e-06,2.17952864122816e-05
"COA3","green",5.42174153703314e-06,1.92062537957885e-05
"BEX4","green",5.21943493474356e-06,4.10651816696209e-05
"GPR141","purple",5.0471389224962e-06,3.49804072624662e-05
"ZNF639","green",4.75325529685752e-06,3.14381864674065e-05
"STK40","green",4.51995093606352e-06,3.12643262488367e-05
"CDIP1","green",4.28738149061423e-06,3.42213818527378e-05
"ORMDL2","green",4.11072912003013e-06,3.47380377037563e-05
"FOXD2","green",3.84991765664046e-06,2.67850637719915e-05
"TM2D2","green",3.74367889175773e-06,1.1444296655425e-05
"MCUB","green",3.73430292812119e-06,1.59143876242107e-05
"GALNT11","green",3.53137754198089e-06,1.96595470812677e-05
"BOLA1","green",3.32241594133355e-06,1.52580350491837e-05
"ISCA2","green",3.32241594133355e-06,1.52580350491837e-05
"SCAF1","green",3.28557699343713e-06,2.45946056125686e-05
"DGLUCY","green",2.89647940103452e-06,1.89279782582484e-05
"STARD7","green",2.72717377727472e-06,2.07258382307365e-05
"RCCD1","green",2.714280852663e-06,2.01294939078308e-05
"OLFM2","green",2.64163025525582e-06,1.80744394693215e-05
"FAM110A","green",2.55442226758422e-06,1.05022172192812e-05
"LRRC7","green",2.29998101988026e-06,1.14106729850052e-05
"ABI3","green",2.28707573173954e-06,1.5637604737944e-05
"TMEM161B","green",2.15770361958473e-06,1.25647077419887e-05
"RNF141","green",1.8497509218959e-06,1.31672039544613e-05
"LYRM9","magenta",1.75086452067921e-06,1.21781499701731e-05
"SARAF","green",1.3781248119042e-06,8.00335305989288e-06
"GTF3A","green",1.36723913479707e-06,9.89238224326634e-06
"FNTB","green",1.18884604091367e-06,5.85431654446028e-06
"TMEM223","green",6.77717668771946e-07,4.80156337497566e-06
"CHURC1-FNTB","green",2.97211467153957e-07,2.06981331894575e-06
"NPIPB4","green",0,0
"NPIPB5","green",0,0
