"Drug","Module","N_targets_in_module","N_drug_targets_total","Module_size","P_value"
"CYCLOPHOSPHAMIDE ANHYDROUS","purple",5,9,73,0.000861560387536689
"ASPIRIN","purple",4,6,73,0.00125925927694718
"DASATINIB ANHYDROUS","purple",3,4,73,0.0037370517437839
"PHENYLEPHRINE HYDROCHLORIDE","purple",2,2,73,0.0101812715741842
"THEOPHYLLINE","purple",2,2,73,0.0101812715741842
"TICLOPIDINE","purple",2,2,73,0.0101812715741842
"DAUNORUBICIN HYDROCHLORIDE","magenta",4,6,136,0.0134674935707547
"ETOPOSIDE","magenta",4,6,136,0.0134674935707547
"TAMOXIFEN CITRATE","magenta",4,6,136,0.0134674935707547
"MITOXANTRONE HYDROCHLORIDE","magenta",3,4,136,0.0228827853231676
"SELICICLIB","magenta",3,4,136,0.0228827853231676
"TAMOXIFEN","purple",3,7,73,0.0260735152131565
"LINIFANIB","purple",2,3,73,0.0285274401569541
"BENZBROMARONE","magenta",2,2,136,0.0355647157728352
"DAUNORUBICIN LIPOSOMAL","magenta",2,2,136,0.0355647157728352
"ETHACRYNIC ACID","magenta",2,2,136,0.0355647157728352
"GW7647","magenta",2,2,136,0.0355647157728352
"METHYLDOPA ANHYDROUS","magenta",2,2,136,0.0355647157728352
"QUERCETIN","magenta",2,2,136,0.0355647157728352
"RESERPINE","magenta",2,2,136,0.0355647157728352
"METHOTREXATE","magenta",5,11,136,0.039364800075831
"DOXORUBICIN HYDROCHLORIDE","magenta",4,8,136,0.0459059239515509
"GW441756X","purple",2,4,73,0.0533178285701242
"HYDROXYCHLOROQUINE","purple",2,4,73,0.0533178285701242
"LAPATINIB","purple",2,4,73,0.0533178285701242
"TOZASERTIB","purple",2,4,73,0.0533178285701242
"DISULFIRAM","magenta",2,3,136,0.093400780753485
"ELLAGIC ACID","magenta",2,3,136,0.093400780753485
"MITOXANTRONE","magenta",2,3,136,0.093400780753485
"RALTITREXED","magenta",2,3,136,0.093400780753485
"TOPOTECAN HYDROCHLORIDE","magenta",2,3,136,0.093400780753485
"ACETYLCYSTEINE","purple",1,1,73,0.101529902642559
"ALPRENOLOL","purple",1,1,73,0.101529902642559
"ATORVASTATIN CALCIUM TRIHYDRATE","purple",1,1,73,0.101529902642559
"BETAXOLOL","purple",1,1,73,0.101529902642559
"CARBIMAZOLE","purple",1,1,73,0.101529902642559
"CARVEDILOL","purple",1,1,73,0.101529902642559
"CARVEDILOL PHOSPHATE","purple",1,1,73,0.101529902642559
"CEFOTETAN","purple",1,1,73,0.101529902642559
"CLENBUTEROL","purple",1,1,73,0.101529902642559
"CLENBUTEROL HYDROCHLORIDE","purple",1,1,73,0.101529902642559
"CLOPIDOGREL","purple",1,1,73,0.101529902642559
"DESIPRAMINE","purple",1,1,73,0.101529902642559
"DOBUTAMINE HYDROCHLORIDE","purple",1,1,73,0.101529902642559
"ENMD-2076","purple",1,1,73,0.101529902642559
"FLUVASTATIN","purple",1,1,73,0.101529902642559
"HYDRALAZINE","purple",1,1,73,0.101529902642559
"NEBIVOLOL HYDROCHLORIDE","purple",1,1,73,0.101529902642559
"OXCARBAZEPINE","purple",1,1,73,0.101529902642559
"OXPRENOLOL","purple",1,1,73,0.101529902642559
"OXPRENOLOL HYDROCHLORIDE","purple",1,1,73,0.101529902642559
"PINDOLOL","purple",1,1,73,0.101529902642559
"PRAVASTATIN SODIUM","purple",1,1,73,0.101529902642559
"PROCATEROL","purple",1,1,73,0.101529902642559
"PROCATEROL HYDROCHLORIDE","purple",1,1,73,0.101529902642559
"PROPRANOLOL HYDROCHLORIDE","purple",1,1,73,0.101529902642559
"SALMETEROL","purple",1,1,73,0.101529902642559
"SITAGLIPTIN","purple",1,1,73,0.101529902642559
"TARANABANT","purple",1,1,73,0.101529902642559
"TESMILIFENE HYDROCHLORIDE","purple",1,1,73,0.101529902642559
"ZIPRASIDONE","purple",1,1,73,0.101529902642559
"TAMOXIFEN","magenta",3,7,136,0.128902554025599
"CAMPTOTHECIN","magenta",2,4,136,0.163918776183802
"CLOTRIMAZOLE","magenta",2,4,136,0.163918776183802
"FLUDARABINE","magenta",2,4,136,0.163918776183802
"GW441756X","magenta",2,4,136,0.163918776183802
"IRINOTECAN HYDROCHLORIDE","magenta",2,4,136,0.163918776183802
"PALBOCICLIB","magenta",2,4,136,0.163918776183802
"TOZASERTIB","magenta",2,4,136,0.163918776183802
"GEMCITABINE","magenta",3,8,136,0.178700532070028
"7-HYDROXYFLAVONE","magenta",1,1,136,0.189151599443672
"AMCINONIDE","magenta",1,1,136,0.189151599443672
"AMONAFIDE","magenta",1,1,136,0.189151599443672
"AMSACRINE","magenta",1,1,136,0.189151599443672
"AMSACRINE HYDROCHLORIDE","magenta",1,1,136,0.189151599443672
"APIGENIN","magenta",1,1,136,0.189151599443672
"BENZO[DEF]CHRYSENE","magenta",1,1,136,0.189151599443672
"BI-2536","magenta",1,1,136,0.189151599443672
"BITHIONOLOXIDE","magenta",1,1,136,0.189151599443672
"CAPSAZEPINE","magenta",1,1,136,0.189151599443672
"CINACALCET","magenta",1,1,136,0.189151599443672
"COUMESTROL","magenta",1,1,136,0.189151599443672
"DAPHNETIN","magenta",1,1,136,0.189151599443672
"DAUNORUBICIN CITRATE","magenta",1,1,136,0.189151599443672
"DEMECLOCYCLINE","magenta",1,1,136,0.189151599443672
"DOXORUBICIN-ELUTING BEADS","magenta",1,1,136,0.189151599443672
"DOXORUBICIN-HPMA CONJUGATE","magenta",1,1,136,0.189151599443672
"DOXORUBICIN-MAGNETIC TARGETED CARRIER COMPLEX","magenta",1,1,136,0.189151599443672
"DUTASTERIDE","magenta",1,1,136,0.189151599443672
"ENCLOMIPHENE CITRATE","magenta",1,1,136,0.189151599443672
"ESTRADIOL BENZOATE","magenta",1,1,136,0.189151599443672
"ETOPOSIDE PHOSPHATE","magenta",1,1,136,0.189151599443672
"ETOPOSIDE TONIRIBATE","magenta",1,1,136,0.189151599443672
"FENDILINE HYDROCHLORIDE","magenta",1,1,136,0.189151599443672
"FLOXURIDINE","magenta",1,1,136,0.189151599443672
"FLUSPIRILENE","magenta",1,1,136,0.189151599443672
"FLUTAMIDE","magenta",1,1,136,0.189151599443672
"FRAXETIN","magenta",1,1,136,0.189151599443672
"GEMCITABINE ELAIDATE","magenta",1,1,136,0.189151599443672
"HISPIDIN","magenta",1,1,136,0.189151599443672
"ISOCONAZOLE","magenta",1,1,136,0.189151599443672
"ISOLIQUIRITIGENIN","magenta",1,1,136,0.189151599443672
"LIDOFLAZINE","magenta",1,1,136,0.189151599443672
"LOBARIC ACID","magenta",1,1,136,0.189151599443672
"LOMERIZINE","magenta",1,1,136,0.189151599443672
"METERGOLINE","magenta",1,1,136,0.189151599443672
"METHOTREXATE SODIUM","magenta",1,1,136,0.189151599443672
"METHYLDOPA (RACEMIC)","magenta",1,1,136,0.189151599443672
"METITEPINE","magenta",1,1,136,0.189151599443672
"MICONAZOLE NITRATE","magenta",1,1,136,0.189151599443672
"NIFEDIPINE","magenta",1,1,136,0.189151599443672
"OMACETAXINE MEPESUCCINATE","magenta",1,1,136,0.189151599443672
"OTSSP167","magenta",1,1,136,0.189151599443672
"PRALATREXATE","magenta",1,1,136,0.189151599443672
"PYRIMETHAMINE","magenta",1,1,136,0.189151599443672
"QUINACRINE","magenta",1,1,136,0.189151599443672
"RESCINNAMINE","magenta",1,1,136,0.189151599443672
"RITANSERIN","magenta",1,1,136,0.189151599443672
"ROMIDEPSIN","magenta",1,1,136,0.189151599443672
"SEPANTRONIUM BROMIDE","magenta",1,1,136,0.189151599443672
"STAUROSPORINE","magenta",1,1,136,0.189151599443672
"TENIPOSIDE","magenta",1,1,136,0.189151599443672
"TERFENADINE","magenta",1,1,136,0.189151599443672
"TESMILIFENE","magenta",1,1,136,0.189151599443672
"TETRAIDOFLUORESCEIN","magenta",1,1,136,0.189151599443672
"TRIFLUPROMAZINE HYDROCHLORIDE","magenta",1,1,136,0.189151599443672
"TRIMETHOPRIM","magenta",1,1,136,0.189151599443672
"VALDECOXIB","magenta",1,1,136,0.189151599443672
"VIDARABINE","magenta",1,1,136,0.189151599443672
"ZAFIRLUKAST","magenta",1,1,136,0.189151599443672
"ATORVASTATIN","purple",1,2,73,0.192878533710934
"CEDIRANIB","purple",1,2,73,0.192878533710934
"CLOZAPINE","purple",1,2,73,0.192878533710934
"FLUTICASONE","purple",1,2,73,0.192878533710934
"METHYLPREDNISOLONE","purple",1,2,73,0.192878533710934
"NEVIRAPINE","purple",1,2,73,0.192878533710934
"SALMETEROL XINAFOATE","purple",1,2,73,0.192878533710934
"WORTMANNIN","purple",1,2,73,0.192878533710934
"DISULFIRAM","purple",1,3,73,0.275054080487924
"METHIMAZOLE","purple",1,3,73,0.275054080487924
"METHOTREXATE","purple",2,11,73,0.309203078739502
"ASTEMIZOLE","magenta",1,2,136,0.342738483114508
"AT-7519","magenta",1,2,136,0.342738483114508
"CEDIRANIB","magenta",1,2,136,0.342738483114508
"CLOFARABINE","magenta",1,2,136,0.342738483114508
"FENOFIBRATE MICRONIZED","magenta",1,2,136,0.342738483114508
"GEMCITABINE HYDROCHLORIDE","magenta",1,2,136,0.342738483114508
"HALOPERIDOL DECANOATE","magenta",1,2,136,0.342738483114508
"LONAFARNIB","magenta",1,2,136,0.342738483114508
"METFORMIN HYDROCHLORIDE","magenta",1,2,136,0.342738483114508
"MG-132","magenta",1,2,136,0.342738483114508
"NEVIRAPINE","magenta",1,2,136,0.342738483114508
"OMEPRAZOLE","magenta",1,2,136,0.342738483114508
"PHA-793887","magenta",1,2,136,0.342738483114508
"PIRARUBICIN","magenta",1,2,136,0.342738483114508
"PROCHLORPERAZINE","magenta",1,2,136,0.342738483114508
"SERTRALINE HYDROCHLORIDE","magenta",1,2,136,0.342738483114508
"THIOTEPA","magenta",1,2,136,0.342738483114508
"TRIFLURIDINE","magenta",1,2,136,0.342738483114508
"WORTMANNIN","magenta",1,2,136,0.342738483114508
"CLOTRIMAZOLE","purple",1,4,73,0.348966164460524
"IRINOTECAN HYDROCHLORIDE","purple",1,4,73,0.348966164460524
"PROGESTERONE","purple",1,4,73,0.348966164460524
"VORINOSTAT","magenta",2,8,136,0.465100843609133
"LINIFANIB","magenta",1,3,136,0.46740733429502
"PERPHENAZINE","magenta",1,3,136,0.46740733429502
"R547","magenta",1,3,136,0.46740733429502
"MEDROXYPROGESTERONE ACETATE","green",2,2,510,0.502845564677031
"METFORMIN","green",2,2,510,0.502845564677031
"MYCOPHENOLATE MOFETIL","green",2,2,510,0.502845564677031
"PENTOXIFYLLINE","green",2,2,510,0.502845564677031
"SIROLIMUS","green",2,2,510,0.502845564677031
"SPIRONOLACTONE","green",2,2,510,0.502845564677031
"CLADRIBINE","magenta",1,4,136,0.56857018699876
"DASATINIB ANHYDROUS","magenta",1,4,136,0.56857018699876
"HYDROXYCHLOROQUINE","magenta",1,4,136,0.56857018699876
"LAPATINIB","magenta",1,4,136,0.56857018699876
"VORINOSTAT","green",6,8,510,0.575434597956761
"DOXORUBICIN HYDROCHLORIDE","purple",1,8,73,0.577230475991875
"GEMCITABINE","purple",1,8,73,0.577230475991875
"CLADRIBINE","green",3,4,510,0.668254929032975
"PROGESTERONE","green",3,4,510,0.668254929032975
"ALVESPIMYCIN","green",1,1,510,0.709318497913769
"AMOXAPINE","green",1,1,510,0.709318497913769
"AVN-944","green",1,1,510,0.709318497913769
"BITHIONOL","green",1,1,510,0.709318497913769
"CABOZANTINIB S-MALATE","green",1,1,510,0.709318497913769
"CDK4 INHIBITOR III","green",1,1,510,0.709318497913769
"CITALOPRAM","green",1,1,510,0.709318497913769
"CLEMASTINE","green",1,1,510,0.709318497913769
"CLOMIPRAMINE","green",1,1,510,0.709318497913769
"CRIZOTINIB","green",1,1,510,0.709318497913769
"CYCLOHEXIMIDE","green",1,1,510,0.709318497913769
"DAIDZEIN","green",1,1,510,0.709318497913769
"DIMETHYL FUMARATE","green",1,1,510,0.709318497913769
"DOXORUBICIN LIPOSOME","green",1,1,510,0.709318497913769
"EPLERENONE","green",1,1,510,0.709318497913769
"ESTRADIOL VALERATE","green",1,1,510,0.709318497913769
"ETHOPROPAZINE HYDROCHLORIDE","green",1,1,510,0.709318497913769
"FIRATEGRAST","green",1,1,510,0.709318497913769
"FLAVANONE","green",1,1,510,0.709318497913769
"FLUPHENAZINE HYDROCHLORIDE","green",1,1,510,0.709318497913769
"HYDRALAZINE HYDROCHLORIDE","green",1,1,510,0.709318497913769
"IDELALISIB","green",1,1,510,0.709318497913769
"INOSITOL","green",1,1,510,0.709318497913769
"LEVONORGESTREL","green",1,1,510,0.709318497913769
"LOPERAMIDE","green",1,1,510,0.709318497913769
"MAPROTILINE","green",1,1,510,0.709318497913769
"MYCOPHENOLATE MOFETIL HYDROCHLORIDE","green",1,1,510,0.709318497913769
"OLANZAPINE","green",1,1,510,0.709318497913769
"OSIMERTINIB","green",1,1,510,0.709318497913769
"PANOBINOSTAT","green",1,1,510,0.709318497913769
"PHENETHYLISOTHIOCYANATE","green",1,1,510,0.709318497913769
"PIMOZIDE","green",1,1,510,0.709318497913769
"PROCHLORPERAZINE EDISYLATE","green",1,1,510,0.709318497913769
"QUINACRINE DIHYDROCHLORIDE","green",1,1,510,0.709318497913769
"RABEPRAZOLE","green",1,1,510,0.709318497913769
"RIMCAZOLE","green",1,1,510,0.709318497913769
"RS-17053","green",1,1,510,0.709318497913769
"SKF96365","green",1,1,510,0.709318497913769
"SN-38","green",1,1,510,0.709318497913769
"THIORIDAZINE HYDROCHLORIDE","green",1,1,510,0.709318497913769
"TRAMETINIB DIMETHYL SULFOXIDE","green",1,1,510,0.709318497913769
"TRIFLUOPERAZINE","green",1,1,510,0.709318497913769
"TRIFLUOPERAZINE HYDROCHLORIDE","green",1,1,510,0.709318497913769
"TRIFLUPROMAZINE","green",1,1,510,0.709318497913769
"VEMURAFENIB","green",1,1,510,0.709318497913769
"ZM336372","green",1,1,510,0.709318497913769
"ASPIRIN","magenta",1,6,136,0.717178578130455
"METHIMAZOLE","green",2,3,510,0.79599681437717
"PERPHENAZINE","green",2,3,510,0.79599681437717
"R547","green",2,3,510,0.79599681437717
"ASTEMIZOLE","green",1,2,510,0.915791431150507
"AT-7519","green",1,2,510,0.915791431150507
"ATORVASTATIN","green",1,2,510,0.915791431150507
"CLOFARABINE","green",1,2,510,0.915791431150507
"CLOZAPINE","green",1,2,510,0.915791431150507
"FENOFIBRATE MICRONIZED","green",1,2,510,0.915791431150507
"FLUTICASONE","green",1,2,510,0.915791431150507
"GEMCITABINE HYDROCHLORIDE","green",1,2,510,0.915791431150507
"HALOPERIDOL DECANOATE","green",1,2,510,0.915791431150507
"LONAFARNIB","green",1,2,510,0.915791431150507
"METFORMIN HYDROCHLORIDE","green",1,2,510,0.915791431150507
"METHYLPREDNISOLONE","green",1,2,510,0.915791431150507
"MG-132","green",1,2,510,0.915791431150507
"OMEPRAZOLE","green",1,2,510,0.915791431150507
"PHA-793887","green",1,2,510,0.915791431150507
"PIRARUBICIN","green",1,2,510,0.915791431150507
"PROCHLORPERAZINE","green",1,2,510,0.915791431150507
"SALMETEROL XINAFOATE","green",1,2,510,0.915791431150507
"SERTRALINE HYDROCHLORIDE","green",1,2,510,0.915791431150507
"THIOTEPA","green",1,2,510,0.915791431150507
"TRIFLURIDINE","green",1,2,510,0.915791431150507
"CAMPTOTHECIN","green",2,4,510,0.923738699721364
"FLUDARABINE","green",2,4,510,0.923738699721364
"PALBOCICLIB","green",2,4,510,0.923738699721364
"GEMCITABINE","green",4,8,510,0.949956633660488
"ELLAGIC ACID","green",1,3,510,0.975688739537176
"MITOXANTRONE","green",1,3,510,0.975688739537176
"RALTITREXED","green",1,3,510,0.975688739537176
"TOPOTECAN HYDROCHLORIDE","green",1,3,510,0.975688739537176
"CYCLOPHOSPHAMIDE ANHYDROUS","green",4,9,510,0.979091955150312
"DOXORUBICIN HYDROCHLORIDE","green",3,8,510,0.990815043087045
"DAUNORUBICIN HYDROCHLORIDE","green",2,6,510,0.990832278074149
"ETOPOSIDE","green",2,6,510,0.990832278074149
"TAMOXIFEN CITRATE","green",2,6,510,0.990832278074149
"CLOTRIMAZOLE","green",1,4,510,0.99300541947578
"HYDROXYCHLOROQUINE","green",1,4,510,0.99300541947578
"IRINOTECAN HYDROCHLORIDE","green",1,4,510,0.99300541947578
"LAPATINIB","green",1,4,510,0.99300541947578
"MITOXANTRONE HYDROCHLORIDE","green",1,4,510,0.99300541947578
"SELICICLIB","green",1,4,510,0.99300541947578
"METHOTREXATE","green",4,11,510,0.996784982360844
"ASPIRIN","green",1,6,510,0.999427017379634
"TAMOXIFEN","green",1,7,510,0.999836864695744
