"miRNA","logFC","P.Value","adj.P.Val","AveExpr","t"
"1",0.234378037014483,0.41901749828994,0.999411333975935,12.9931576552421,0.821724260145853
"2",0.0903661025375868,0.752285010783306,0.999411333975935,10.4186346135685,0.319129386559721
"3",-0.00729941640683762,0.978737329348125,0.999411333975935,6.2865146198536,-0.0269204847223883
"4",0.0128950411385151,0.963245811695238,0.999411333975935,9.41879732988584,0.0465457912448577
"5",-0.119451810707162,0.679847453954615,0.999411333975935,4.59810383884375,-0.417550279426233
"6",0.390727370632581,0.208963351657525,0.999411333975935,8.47799239892656,1.28975576691919
"7",0.154535040292766,0.666584468516148,0.999411333975935,11.3153871571204,0.436002279270604
"8",0.268593348247503,0.473802008297207,0.999411333975935,10.0205073966297,0.727317018159024
"9",-0.065773223403923,0.851378285340251,0.999411333975935,4.0585683542552,-0.189314149876416
"10",0.107206326751386,0.762418099296878,0.999411333975935,5.00703048158104,0.305635050902346
"11",0.0546730594400842,0.849360455033286,0.999411333975935,4.9251372214781,0.191917277371362
"12",0.0891246529308329,0.764432544583401,0.999411333975935,4.74760198185242,0.302959332287715
"13",0.189694283762318,0.49684394486272,0.999411333975935,5.07839720902002,0.689545442672356
"14",0.0680893893423198,0.810287272133302,0.999411333975935,4.64207848295392,0.242614729088516
"15",0.0620898403214252,0.821196040428462,0.999411333975935,8.57897528636077,0.228401182306543
"16",0.19894125783892,0.58898424248949,0.999411333975935,7.26475717474826,0.547375566709639
"17",0.166324471654403,0.550024452460155,0.999411333975935,7.8308455640925,0.605945551149963
"18",-0.0851412960881541,0.787211461938702,0.999411333975935,4.95440294061444,-0.272853628664383
"19",0.276921234720038,0.414841430193295,0.999411333975935,4.82416925590934,0.829223384169791
"20",0.373680463769496,0.304097104204125,0.999411333975935,4.65508621378563,1.04930327975693
"21",-0.162666488718214,0.576614449550702,0.999411333975935,4.3519097488536,-0.56575392920392
"22",0.198670994452683,0.575480636337181,0.999411333975935,4.53966135807239,0.567448251084632
"23",-0.22126894092457,0.572969774255457,0.999411333975935,4.80082112853337,-0.571206347167567
"24",-0.0865325604040752,0.794867380108268,0.999411333975935,5.22200923649473,-0.262793895352484
"25",-0.423112349886154,0.202505981812486,0.999411333975935,4.53252203863562,-1.30887190219182
"26",-0.118229478123588,0.690171318217085,0.999411333975935,5.08084002459266,-0.403288580752438
"27",-0.0534312954540397,0.887451701473014,0.999411333975935,5.5438433106851,-0.142983526203773
"28",0.269656613369886,0.520829320656168,0.999411333975935,4.60207932156744,0.651265227478366
"29",-0.0863865480091679,0.741809478560226,0.999411333975935,5.1895449361384,-0.333143362977841
"30",-0.136096153519737,0.616000578118126,0.999411333975935,5.04811990173078,-0.507876822930257
"31",-0.0956852197857301,0.781256824261115,0.999411333975935,3.81629893213569,-0.280697701881017
"32",0.127453881813803,0.705752785659916,0.999411333975935,4.59329447246281,0.381922186312601
"33",0.0440016069065798,0.904007609962361,0.999411333975935,5.94022482913502,0.121832571615012
"34",-0.0511999041567821,0.96155912088599,0.999411333975935,2.60673847311768,-0.0486835470152008
"35",-0.0437142193631788,0.89669892356177,0.999411333975935,4.24294837823787,-0.131162198047743
"36",-0.462244825910743,0.197890675641458,0.999411333975935,3.9073250258138,-1.32282552144172
"37",0.491829994896816,0.105047974950862,0.999411333975935,4.81459836244826,1.68198609217934
"38",0.0282473281170814,0.932695364511481,0.999411333975935,4.87153815668368,0.0853106136701683
"39",0.0544339075343934,0.890034680083981,0.999411333975935,3.88943758026832,0.139679518962608
"40",0.0592792451858779,0.84305939747716,0.999411333975935,5.02536945337639,0.200054824557428
"41",0.0784984851969464,0.806153016670164,0.999411333975935,5.20056132244164,0.248014601465291
"42",0.295656256397474,0.363523115903094,0.999411333975935,3.98555821079847,0.925595787577063
"43",0.1728248158426,0.609383199230682,0.999411333975935,4.0911441076432,0.517474120291166
"44",-0.0174292868972667,0.959857681290653,0.999411333975935,4.26392193658051,-0.0508402302590203
"45",0.151919943222609,0.674719808355387,0.999411333975935,4.12966294120207,0.424666316603222
"46",-0.0234370579185867,0.930966331129109,0.999411333975935,5.29542611950316,-0.0875079677913703
"47",-0.0511999041567821,0.798711275543806,0.999411333975935,1.14324629527076,-0.25775353657979
"48",0.39681233511936,0.339880271316961,0.999411333975935,3.13016209845526,0.973026130528382
"49",-0.148864543794219,0.638423811049267,0.999411333975935,4.34194779798455,-0.47570441293337
"50",-0.0298406335167352,0.910794890720226,0.999411333975935,4.69068558542894,-0.113178404272658
"51",0.0597260698446247,0.8463963045918,0.999411333975935,4.04955571307221,0.195743673237833
"52",-0.152314200093384,0.639598224114398,0.999411333975935,4.28458794442446,-0.474033583556794
"53",0.259517513648216,0.456626658193254,0.999411333975935,4.38122157370434,0.756172723517977
"54",-0.0511999041567821,0.798711275543806,0.999411333975935,1.14324629527076,-0.25775353657979
"55",-0.224607167940347,0.519769864989123,0.999411333975935,4.42213238698164,-0.652935254998895
"56",-0.280744433073032,0.448255717078132,0.999411333975935,5.32420085590396,-0.770470457440387
"57",0.198835124819173,0.51225511252571,0.999411333975935,4.21680564211505,0.664834837922115
"58",-0.191036441705609,0.532703666070983,0.999411333975935,5.02466991470236,-0.632672555818964
"59",0.0834339016785233,0.802369652766483,0.999411333975935,5.30264042133041,0.252962743623668
"60",0.0404784738797579,0.888182158337569,0.999411333975935,5.0163258459718,0.142049002202257
"61",0.149497163343244,0.562697497501484,0.999411333975935,4.93847566656207,0.586668648542101
"62",0.00284837059264476,0.991677441582755,0.999411333975935,5.18323052806703,0.0105359988998361
"63",-0.039747352594631,0.926697097556819,0.999411333975935,7.94025495305498,-0.0929354584905508
"64",0.136702908352169,0.59173224037909,0.999411333975935,6.05097055294143,0.543318625559685
"65",0.153739772990994,0.599244051851276,0.999411333975935,4.39557470937903,0.532275225592053
"66",0.0830901000384774,0.796738262591319,0.999411333975935,5.18652384365016,0.260339819115157
"67",0.275898947032849,0.455388600707658,0.999411333975935,4.54375370397113,0.758277403941462
"68",0.0508905655732628,0.861301763176386,0.999411333975935,4.65711991778019,0.176531248726311
"69",-0.133538232512258,0.672790649161586,0.999411333975935,4.55952958149745,-0.427349302024436
"70",0.111402978414691,0.768362274788145,0.999411333975935,4.52741837044401,0.297746048825305
"71",-0.102106608684249,0.754620778401036,0.999411333975935,5.10671881249334,-0.316013570546441
"72",-0.0208642939850021,0.941217275043655,0.999411333975935,5.11346970376231,-0.0744865269334139
"73",0.212142968697445,0.500906088200337,0.999411333975935,4.12189159398235,0.682990902776626
"74",0.180999960980181,0.541029111805134,0.999411333975935,5.07124619706586,0.619769313093872
"75",-0.245501932916652,0.639883516349332,0.999411333975935,4.21479517000892,-0.473627906291076
"76",0.0628338148122412,0.807054692764868,0.999411333975935,5.11387182517524,0.246836261564179
"77",-0.0790538037042894,0.839700985360683,0.999411333975935,3.72969200873319,-0.204397661657039
"78",-0.090848010343274,0.788228426149617,0.999411333975935,5.03940696563339,-0.271515729287888
"79",-0.339568350892809,0.600381083597023,0.999411333975935,4.07706171157031,-0.530609467126129
"80",0.227561586304727,0.396680909766358,0.999411333975935,4.68140052342957,0.862400857733011
"81",-0.205291072542935,0.487661986011534,0.999411333975935,4.08739065901533,-0.704473954472215
"82",-0.0776457857296426,0.816363665925462,0.999411333975935,4.50084167314144,-0.234691426255089
"83",0.378522261044506,0.229947171405547,0.999411333975935,5.04356136876409,1.23060446438747
"84",-0.27977076479132,0.410428982488629,0.999411333975935,4.34884696243946,-0.837198614879611
"85",0.064834035070751,0.827593838291047,0.999411333975935,4.99191172783041,0.220087606828029
"86",0.220154478296109,0.576052610886068,0.999411333975935,4.14704523620472,0.566593308064638
"87",0.181563256776799,0.597693749478179,0.999411333975935,4.17810141146039,0.534548879039435
"88",-0.0511999041567821,0.798711275543806,0.999411333975935,1.14324629527076,-0.25775353657979
"89",-0.144441190370712,0.711051803651698,0.999411333975935,4.48452489770528,-0.374697188532136
"90",-0.0511999041567821,0.798711275543806,0.999411333975935,1.14324629527076,-0.25775353657979
"91",-0.00905084595627415,0.977822730418915,0.999411333975935,4.2158510885303,-0.0280787606048064
"92",0.189370621491155,0.528932739458034,0.999411333975935,5.46261448406223,0.638552490414075
"93",-0.200013464997392,0.521706148448573,0.999411333975935,4.69135080579691,-0.649884481276229
"94",-0.123665546653159,0.686346237636355,0.999411333975935,4.24517533599356,-0.408562626030763
"95",0.0877661872849007,0.790321588106166,0.999411333975935,4.7977176147359,0.26876358646833
"96",-0.353057483686767,0.335390536993289,0.999411333975935,3.91607084939289,-0.982283100171692
"97",-0.0471582927888443,0.886698203718965,0.999411333975935,4.3623225248517,-0.143947664013729
"98",0.237559430072454,0.426688019193716,0.999411333975935,4.95048008029394,0.808070476275333
"99",-0.252086763975764,0.520663036762279,0.999411333975935,3.98700337191713,-0.651527218982689
"100",-0.0262548974764618,0.936636839117488,0.999411333975935,5.4439699687696,-0.0803031460543627
"101",-0.27128331468603,0.40367432689811,0.999411333975935,4.00023241997517,-0.849512733195009
"102",-0.0911719237419915,0.754805063137198,0.999411333975935,4.52562083064403,-0.315767878058857
"103",-0.0833280803153107,0.788658308553957,0.999411333975935,4.83107787726167,-0.270950335576671
"104",-0.0439609726220755,0.893889654847052,0.999411333975935,4.89749021707525,-0.134751376827418
"105",-0.113180402248728,0.727762407170018,0.999411333975935,3.80237768656752,-0.352042764647142
"106",-0.00110262334726485,0.996962903453278,0.999411333975935,5.6923714589149,-0.00384476870335255
"107",-0.429579789955637,0.236336599929373,0.999411333975935,4.70218734624797,-1.21340857134045
"108",-0.29020242275699,0.374289230375786,0.999411333975935,4.45929591350906,-0.904678298772182
"109",-0.191368641467784,0.611628518816906,0.999411333975935,3.88899171503483,-0.514212238994156
"110",-0.100811310456479,0.769176482100408,0.999411333975935,4.46485775364585,-0.296666952854348
"111",-0.00560215135360664,0.983338241619652,0.999411333975935,4.28284832073486,-0.0210942863595188
"112",0.272572956380619,0.402782011978552,0.999411333975935,4.16401303503167,0.851149215424225
"113",0.0415824670444884,0.891315444033055,0.999411333975935,4.97848229329495,0.13804182447473
"114",0.236352377988317,0.443480140941244,0.999411333975935,5.31222775501966,0.778699311322719
"115",-0.171977945589774,0.562242156318516,0.999411333975935,5.15764795110609,-0.587357363498279
"116",0.418288140352753,0.125545581445189,0.999411333975935,4.21199951996045,1.58506803809971
"117",-0.00730044970771182,0.97955337511239,0.999411333975935,5.02548246221045,-0.0258870513212738
"118",0.0534164455146273,0.863688617645896,0.999411333975935,5.25862917941174,0.173461175346834
"119",0.0985913425213747,0.688865344064532,0.999411333975935,6.23534420518569,0.405087955732085
"120",-0.334569271465108,0.193417243066938,0.999411333975935,4.42817397106745,-1.33659337533197
"121",0.186346255432577,0.631921010346305,0.999411333975935,6.51630415053287,0.484980888134232
"122",0.179217012216234,0.601495621193813,0.999411333975935,4.6496757533139,0.528978131034613
"123",0.210620421946285,0.548003139356651,0.999411333975935,5.05647307217169,0.609041427431458
"124",0.10287516522276,0.756570331704648,0.999411333975935,4.74855463743956,0.313415380718061
"125",0.0714352424862756,0.796811684053026,0.999411333975935,4.7607909930128,0.260243543882294
"126",0.173523187071503,0.596302390372697,0.999411333975935,3.90124063896892,0.536591850326204
"127",0.00626606790563145,0.985384952348426,0.999411333975935,4.55574957522941,0.0185027600123875
"128",0.0149701518355041,0.962991199210092,0.999411333975935,4.1080280935249,0.0468684793001757
"129",-0.168983001300781,0.734838280214155,0.999411333975935,3.99583087084463,-0.34250681518706
"130",0.19651923759406,0.562320560284542,0.999411333975935,4.82762145482124,0.587238755171201
"131",0.344074357721225,0.175263014741449,0.999411333975935,4.76748314823206,1.39516324022942
"132",0.095126176710199,0.798356131721533,0.999411333975935,4.54744902162362,0.25821893690632
"133",-0.132149913730494,0.630154284723662,0.999411333975935,5.19967330897216,-0.487508596976731
"134",-0.172835689402648,0.654487492396915,0.999411333975935,4.99037897371477,-0.452966593118797
"135",0.109319150652533,0.756556802389397,0.999411333975935,4.02649137676632,0.313433403804706
"136",-0.103225436414227,0.809780366794227,0.999411333975935,5.10291425740639,-0.243276415053042
"137",0.0398390645290183,0.868614453858312,0.999411333975935,7.8463983138824,0.167130686773129
"138",-0.0808794058949962,0.752808505165944,0.999411333975935,4.56955944500768,-0.318430789032475
"139",0.066570622130877,0.841032082053632,0.999411333975935,14.0236803212356,0.202675916882383
"140",0.215606163076422,0.457548856584068,0.999411333975935,4.27890182990972,0.754607209959543
"141",-0.0511999041567821,0.798711275543806,0.999411333975935,1.14324629527076,-0.25775353657979
"142",-0.0534143651918031,0.89834110534882,0.999411333975935,4.83818556166031,-0.129064929366356
"143",-0.0408157911517844,0.892794349978436,0.999411333975935,4.40129096257119,-0.136151246918689
"144",-0.0212453579039513,0.953965801369987,0.999411333975935,3.80353035244138,-0.0583105310868908
"145",0.60109112012178,0.123220750516783,0.999411333975935,6.46125901708465,1.59536722455069
"146",0.0591220725800556,0.885519868052169,0.999411333975935,3.79473460516203,0.145455682207269
"147",0.430139648281541,0.125652247287796,0.999411333975935,5.38097865793482,1.58459929682626
"148",-0.266336462355949,0.380636902287656,0.999411333975935,4.95035595329892,-0.892530199096107
"149",0.0604583875439948,0.860791739945767,0.999411333975935,4.14570805713549,0.177187485382901
"150",-0.279132116324343,0.55548762804586,0.999411333975935,7.36601553905336,-0.597607644743461
"151",-0.115952560628457,0.631009267617946,0.999411333975935,7.36609385193403,-0.48628494685529
"152",0.0321533278198523,0.922984938534532,0.999411333975935,5.1523901991398,0.097657047235285
"153",0.995904672225597,0.0818620782511643,0.999411333975935,8.46586078257777,1.81312256594321
"154",0.0496627814060018,0.881575782753596,0.999411333975935,4.60109498433908,0.150505792360767
"155",0.323981324964838,0.28319163978215,0.999411333975935,3.88653321042077,1.09682563171921
"156",-0.239604858029641,0.534918436350637,0.999411333975935,3.8889756794244,-0.629229528026422
"157",0.379808953260469,0.435829075088127,0.999411333975935,4.02947936218615,0.791995822657404
"158",-0.411006886820568,0.415367833567939,0.999411333975935,3.25194987333446,-0.828275506035945
"159",-0.197416888884264,0.531868642964287,0.999411333975935,4.36301793309911,-0.633972655715537
"160",-0.136721162696421,0.656819971210147,0.999411333975935,8.38073405309571,-0.449685290600199
"161",0.00176113613985329,0.99555527052668,0.999411333975935,4.48052526666999,0.00562675782917032
"162",0.0822252342524052,0.769879942665845,0.999411333975935,6.19644088059101,0.295734921481793
"163",0.0211292572484556,0.938548706751761,0.999411333975935,11.9719817925687,0.0778749655066013
"164",-0.0222111572123911,0.942807944666997,0.999411333975935,11.4393621628355,-0.072467185422352
"165",0.359858911579247,0.374232207967712,0.999411333975935,10.6400856496689,0.904788036644872
"166",-0.175217583806789,0.601402572294699,0.999411333975935,4.57447094255573,-0.529114270215232
"167",-0.0780145631346123,0.73439233734818,0.999411333975935,5.8123664221327,-0.343106839173184
"168",0.0570811691988578,0.860923415064644,0.999411333975935,10.5715237023703,0.177018054070955
"169",0.288602997775917,0.349344415449222,0.999411333975935,4.99854918465706,0.953781504930453
"170",0.19266629312021,0.435080274317484,0.999411333975935,5.48766799168061,0.793304764276094
"171",0.15017497574095,0.633413484875296,0.999411333975935,5.25446611417668,0.482848044465684
"172",-0.0182783155407584,0.962630603520227,0.999411333975935,4.45904228542331,-0.0473254959115532
"173",-0.134502772879824,0.65595042304305,0.999411333975935,4.24152700345405,-0.450907974426874
"174",-0.131969009782027,0.669836031217344,0.999411333975935,3.8955588352113,-0.431464622337202
"175",0.150202560209348,0.680405511302906,0.999411333975935,5.44506603270888,0.416777141989185
"176",-0.103033750197699,0.717700611726918,0.999411333975935,5.58924061859404,-0.365660282661795
"177",0.0216201595230148,0.946674949596899,0.999411333975935,4.47494094109796,0.067559319805397
"178",0.0845043016323652,0.741803920248866,0.999411333975935,6.01700943515577,0.333150816546871
"179",0.276566743456852,0.362996647910481,0.999411333975935,6.28382305263626,0.926629110180998
"180",0.0119521118889558,0.9636100844793,0.999411333975935,4.51547053225478,0.046084131845233
"181",-0.0852978522892966,0.828901492724328,0.999411333975935,4.07637863270412,-0.218390345232525
"182",-0.111534943358018,0.726096595100735,0.999411333975935,5.44294647502483,-0.354292524601186
"183",0.0388361801983352,0.87107077282437,0.999411333975935,5.83417382965749,0.163976538039776
"184",-0.166541464745505,0.536520029797207,0.999411333975935,4.28192691146022,-0.626744481808372
"185",-0.0151283697232181,0.959583786825765,0.999411333975935,3.97717317348608,-0.0511874316777525
"186",-0.30710040242684,0.33692659237307,0.999411333975935,3.82917890980159,-0.979106591630581
"187",-0.110214374895276,0.743449234226373,0.999411333975935,4.17658931521724,-0.330945322489669
"188",-0.260315498812505,0.46760090105123,0.999411333975935,4.56137651668304,-0.737663061232061
"189",-0.264038090139587,0.447441620411696,0.999411333975935,4.56378530422917,-0.771869480374449
"190",-0.348667509125169,0.206466198019582,0.999411333975935,5.08399706720623,-1.29709351900876
"191",0.0386571963296412,0.872369802920259,0.999411333975935,11.3218223286027,0.162309146029553
"192",-0.25010619792977,0.473073988931804,0.999411333975935,3.67173098146414,-0.728527538488601
"193",-0.169805068560203,0.591224770688357,0.999411333975935,3.97145855020815,-0.544067122671014
"194",0.00902026469382466,0.978090390336116,0.999411333975935,3.65436353311598,0.027739783967236
"195",-0.0739578331564026,0.803965180626883,0.999411333975935,4.79575475349962,-0.250875226821489
"196",-0.21753504780803,0.685951584269714,0.999411333975935,4.28423194733923,-0.409107442837229
"197",0.320086751904012,0.240233635036226,0.999411333975935,4.66487463562996,1.20309117147882
"198",-0.224153544596594,0.517776502904162,0.999411333975935,3.87534766090453,-0.65608246648746
"199",0.0676531137237282,0.820510335257553,0.999411333975935,4.28219967838021,0.229293179697098
"200",-0.381732498847419,0.281182206813943,0.999411333975935,4.41605462811108,-1.10152405761034
"201",-0.153949971858316,0.609094977699238,0.999411333975935,4.65954033761462,-0.517893243139887
"202",0.194828211701925,0.619482210254735,0.999411333975935,4.98829037656371,0.502846676408215
"203",-0.126130350541945,0.64261344110411,0.999411333975935,5.73213718038654,-0.469750080431535
"204",0.187289795748514,0.614929418437753,0.999411333975935,6.80396786243004,0.509427057743073
"205",0.00860672416818087,0.979865066267549,0.999411333975935,5.01755553960054,0.0254923359499089
"206",-0.15087261480717,0.678388974289624,0.999411333975935,5.02244557918972,-0.419572088966834
"207",0.0136190355571095,0.968462642735128,0.999411333975935,5.1584002263026,0.0399351990618057
"208",-0.383640175257222,0.194532842994152,0.999411333975935,4.36152816982547,-1.33313690304315
"209",-0.296391720062713,0.346787937836225,0.999411333975935,4.98109256564999,-0.958944790663994
"210",-0.12482926390667,0.584238653453674,0.999411333975935,8.10924121039305,-0.554403518066614
"211",0.182583849932415,0.637916604050549,0.999411333975935,5.35423079887848,0.47642643601666
"212",-0.0550488882533147,0.808924940996434,0.999411333975935,8.08911502166349,-0.244393291031902
"213",0.0666152955703359,0.834076757169415,0.999411333975935,6.60437021419083,0.211679495245959
"214",0.0707816746180203,0.847320673908273,0.999411333975935,6.98100970107457,0.194550096317377
"215",-0.106398014278551,0.715321072825086,0.999411333975935,4.87611392262924,-0.368890909014525
"216",0.176908645306301,0.548859086208374,0.999411333975935,4.63695897007457,0.60772971657115
"217",0.109465552081361,0.66712063431839,0.999411333975935,5.09517204396632,0.435253407430696
"218",-0.000870754215054781,0.998100049827651,0.999411333975935,3.78910734350596,-0.00240521085032385
"219",0.17877269301988,0.593855776452959,0.999411333975935,4.24849297903485,0.540189881245972
"220",0.00236517537589886,0.993635551290096,0.999411333975935,4.88132671746301,0.00805705235021903
"221",0.0670333338545128,0.788465836594204,0.999411333975935,3.99492263282156,0.271203469121825
"222",0.332180004273082,0.338792142104733,0.999411333975935,4.77574736800471,0.975261957032126
"223",-0.226460488630169,0.386335428813317,0.999411333975935,5.89552904013521,-0.881736424739188
"224",-0.0602046261980753,0.863129276331518,0.999411333975935,4.38945558421452,-0.174180470390162
"225",-0.526921024932827,0.0801440735185578,0.999411333975935,4.31241536789528,-1.82405846090438
"226",-0.00736305198914167,0.984890305054572,0.999411333975935,4.84319827142279,-0.0191290653480246
"227",0.365743413494227,0.309419494365483,0.999411333975935,4.21629251568487,1.03757589420457
"228",0.108457552686567,0.715148719177406,0.999411333975935,7.77571401894734,0.369125062571356
"229",0.234067359064897,0.587771904329706,0.999411333975935,11.1405712665077,0.549168316947768
"230",-0.0489495474852442,0.879171323878759,0.999411333975935,4.67363238073216,-0.153586474139258
"231",0.0654923656089537,0.835270196061431,0.999411333975935,4.00483571804847,0.210133358240649
"232",0.124412366811485,0.780278224797265,0.999411333975935,4.40457778824892,0.281988517422444
"233",-0.107933951849835,0.760233873436918,0.999411333975935,4.49449667652743,-0.308538848262478
"234",-0.347972604988589,0.285116067058236,0.999411333975935,4.92542489482225,-1.09234837655396
"235",-0.18299014675251,0.623243192502429,0.999411333975935,4.53423387455549,-0.497427609362695
"236",-0.12825732844912,0.671388218585318,0.999411333975935,4.34922118619544,-0.429301732265756
"237",-0.0431573380485952,0.890324933795326,0.999411333975935,4.77486808979063,-0.139308341748857
"238",0.0592883789591108,0.842098663251004,0.999411333975935,5.63235707746716,0.201296767512948
"239",0.187302471401142,0.550461536414974,0.999411333975935,4.46489475772755,0.605276889280645
"240",0.122176858103329,0.708887072431176,0.999411333975935,5.40225161892261,0.377646246956384
"241",0.097969440722645,0.747168855869823,0.999411333975935,4.96271573806805,0.325965399927493
"242",0.00234629314813883,0.994677769860653,0.999411333975935,4.80819470308545,0.0067376364720322
"243",0.0441949960794714,0.904556170544252,0.999411333975935,4.86407712047786,0.121132782404515
"244",-0.125500441044387,0.624400262600266,0.999411333975935,4.82808058142937,-0.495763456754762
"245",-0.509586740964222,0.0576833558161583,0.999411333975935,4.3392128394507,-1.98976724974701
"246",0.409650031943776,0.222219341507182,0.999411333975935,4.5228671535154,1.25189120713609
"247",0.230347237226258,0.469913916927938,0.999411333975935,4.38666177755154,0.733794635804103
"248",-0.0626194348468978,0.860487755540727,0.999411333975935,5.32499490116585,-0.17757865370192
"249",0.298153036995972,0.351697355833397,0.999411333975935,8.42129579162054,0.949051748651822
"250",0.270139928254834,0.362337205897945,0.999411333975935,6.41073804590121,0.927924832102802
"251",0.144149765216755,0.593067786768743,0.999411333975935,4.50178235981049,0.541350241982706
"252",0.01303987243974,0.963480122338751,0.999411333975935,6.6926210413356,0.0462488375754487
"253",-0.0366057814667329,0.909262309202345,0.999411333975935,15.4259470783262,-0.115131738410353
"254",-0.103681390826459,0.782877641215289,0.999411333975935,5.18068531936397,-0.278560838391945
"255",0.387864429841196,0.297218610779253,0.999411333975935,3.92599290997589,1.06467573070521
"256",0.0193994641334765,0.933734969027435,0.999411333975935,11.9855907003385,0.0839896318808029
"257",0.172642589094925,0.444481136557375,0.999411333975935,5.3915555399773,0.776970060838612
"258",-0.128564078134996,0.687933752475695,0.999411333975935,4.45581720936219,-0.406372333647545
"259",-0.0271342403854975,0.927351688141544,0.999411333975935,6.38063223044538,-0.0921030946914528
"260",0.0851928552702539,0.779672962773469,0.999411333975935,9.87930755106559,0.282787128279122
"261",0.0205091602577001,0.953385723683263,0.999411333975935,4.80187472388892,0.0590461862069481
"262",-0.23437538631218,0.568930681538919,0.999411333975935,4.56610025336758,-0.577269254978212
"263",0.268866692908388,0.371757414227401,0.999411333975935,8.23790962737048,0.909561321283485
"264",0.153945087793733,0.593343701984326,0.999411333975935,8.02307580839264,0.540943855570683
"265",0.0142044193803645,0.954144554209529,0.999411333975935,5.61366254335561,0.0580838431851926
"266",-0.049156809651139,0.86211522451,0.999411333975935,5.41627959451837,-0.175484747627004
"267",0.135709878130933,0.600158403603729,0.999411333975935,5.06744931043857,0.530935575317946
"268",-0.0828662675713634,0.781396468412245,0.999411333975935,8.34778297930625,-0.280513544711742
"269",-0.0100169244787613,0.975358808691915,0.999411333975935,4.39354532193757,-0.0311993454717897
"270",0.222249855413265,0.477448320832433,0.999411333975935,4.16942025681331,0.721270326465334
"271",0.1806936930122,0.63606598565116,0.999411333975935,3.96330010279896,0.479063018092173
"272",0.00663898069463453,0.983374078573499,0.999411333975935,4.99047224318323,0.0210489087227478
"273",0.148485658161272,0.622528558148318,0.999411333975935,5.3752840296931,0.498456138950558
"274",-0.133727731074064,0.686282388313307,0.999411333975935,5.27337464658614,-0.408650761171241
"275",-0.0474252211150956,0.910193183798226,0.999411333975935,7.14268524964878,-0.113945248953185
"276",0.141516832846159,0.72238901019364,0.999411333975935,11.0006096066291,0.359306486569572
"277",0.139553478814253,0.737026909786752,0.999411333975935,6.72880995400162,0.339563820603982
"278",-0.0675010790154182,0.819658757534304,0.999411333975935,4.50187297227799,-0.230401215616655
"279",0.147648082034505,0.562289898958697,0.999411333975935,7.04007832946012,0.587285138149297
"280",0.226182330907377,0.443477183716716,0.999411333975935,5.38409525630156,0.778704423520403
"281",0.107640735056393,0.715085418454739,0.999411333975935,5.46898933584064,0.369211065945536
"282",0.135007432458608,0.676546669257819,0.999411333975935,4.37944484833335,0.422128509928011
"283",0.32864887748577,0.307162321781412,0.999411333975935,4.43717670030671,1.04253191199532
"284",-0.140722009919298,0.670751654431173,0.999411333975935,4.20202949025024,-0.430188498985415
"285",-0.150379381813785,0.65843170103136,0.999411333975935,5.13499192372453,-0.447420845966246
"286",0.409769729573275,0.27083131689621,0.999411333975935,4.54003805726068,1.12611816219418
"287",-0.360210674612838,0.687676028483539,0.999411333975935,7.63368037636969,-0.406727777924057
"288",0.089058789705267,0.792896221364412,0.999411333975935,4.66783633963343,0.265381283517832
"289",-0.134935858786002,0.636573585313754,0.999411333975935,4.90888017914284,-0.47833949832308
"290",0.348406343228395,0.347055091143001,0.999411333975935,4.38540332690682,0.958404025221793
"291",-0.0511999041567821,0.798711275543806,0.999411333975935,1.14324629527076,-0.25775353657979
"292",0.178689544360228,0.654642953030536,0.999411333975935,4.21646071129107,0.452747736848479
"293",-0.0666512580020493,0.850830749090835,0.999411333975935,4.86774551251908,-0.190020373466473
"294",-0.0628240927480981,0.829222838271468,0.999411333975935,4.66268907385013,-0.217973357002522
"295",0.408390827433578,0.281185913405597,0.999411333975935,7.0786345290936,1.10151536870148
"296",0.247924585860546,0.281747265854934,0.999411333975935,6.14988329654871,1.10020040981993
"297",0.0188817859658723,0.957425151295761,0.999411333975935,5.43490091328634,0.053924047023597
"298",0.0177141994595855,0.937071357465747,0.999411333975935,6.27588802685648,0.0797512403601908
"299",0.12476900704447,0.748237548236749,0.999411333975935,6.24800941963684,0.324536160300702
"300",-0.333465814016112,0.419713604940122,0.999411333975935,3.92004424826078,-0.820478783688344
"301",-0.146957441927891,0.672387077758383,0.999411333975935,4.71113600373461,-0.427910971777473
"302",-0.194621268404223,0.622680305422654,0.999411333975935,4.97447725155631,-0.498237692985561
"303",-0.2869969182136,0.361716405926552,0.999411333975935,5.06794343030013,-0.929146060119627
"304",0.145206111754928,0.642036443379391,0.999411333975935,4.39137350469831,0.470569090158204
"305",-0.0934371716291942,0.800615182171522,0.999411333975935,3.23448496884599,-0.255259535225398
"306",-0.43528186607466,0.162614565849528,0.999411333975935,3.92090672906429,-1.4388733130992
"307",-0.478741276590515,0.649125012421703,0.999411333975935,6.06952916106112,-0.460529658071376
"308",0.18621121924646,0.595713349390439,0.999411333975935,4.39530983728045,0.537457449387516
"309",-0.100263078007957,0.745370243413381,0.999411333975935,5.04261402734051,-0.328372374108193
"310",-0.495403884209944,0.108007315262196,0.999411333975935,4.0783281758431,-1.66706621838342
"311",-0.0917700429939288,0.749947723376814,0.999411333975935,4.88360175013208,-0.322250445654057
"312",-0.0557109739640751,0.851235282082234,0.999411333975935,4.30054237900118,-0.189498588963197
"313",0.160207844985685,0.633201841704695,0.999411333975935,4.21561492620549,0.483150358476228
"314",0.266551911188397,0.41347801926027,0.999411333975935,4.26076640837944,0.831681949502964
"315",0.0939934662577926,0.800222179502371,0.999411333975935,4.1815186741662,0.255774209297278
"316",0.0921142007097027,0.784053142766086,0.999411333975935,4.13750482608809,0.277011898056145
"317",0.167068090014776,0.538445113260255,0.999411333975935,5.09887553485985,0.623762739602234
"318",-0.055990673434148,0.882640891696943,0.999411333975935,5.00926320497588,-0.149141611361068
"319",-0.1029443935757,0.758165810522078,0.999411333975935,3.98326525653159,-0.311290700143531
"320",-0.008452806260272,0.979127286954223,0.999411333975935,4.53221927692147,-0.0264266420735397
"321",0.269207677641373,0.401499511052251,0.999411333975935,4.35245160541105,0.853505332337771
"322",-0.323217496796331,0.177387023567455,0.999411333975935,4.64999290690788,-1.38807067697078
"323",-0.33048187827056,0.441036409661905,0.999411333975935,4.25611563175346,-0.782930900618525
"324",-0.584731055670874,0.134496257991033,0.999411333975935,4.20406521397868,-1.54682932157709
"325",0.594014052746946,0.0839727952016397,0.999411333975935,3.70862938169093,1.79995399587937
"326",-0.434586501546622,0.381669413587308,0.999411333975935,7.12794217509076,-0.890566728439816
"327",0.077153380288439,0.863977698955028,0.999411333975935,4.76817069140757,0.173089462592213
"328",-0.114768027522155,0.719924040160924,0.999411333975935,4.77111263605084,-0.362645167331163
"329",-0.137540204989768,0.653070230593484,0.999411333975935,4.04203961482337,-0.454962837373372
"330",0.493591357789499,0.0789115117558509,0.999411333975935,3.97392373939826,1.83202942924521
"331",0.0606547025982502,0.831043475875226,0.999411333975935,4.06964761844653,0.215611580043589
"332",-0.130329965048789,0.717283828663018,0.999411333975935,5.3070534713929,-0.366225850028086
"333",0.037453378856326,0.901981059954706,0.999411333975935,4.39615882468966,0.124418346932278
"334",0.0314144957467861,0.94425712930145,0.999411333975935,3.74595010299783,0.070627725579576
"335",-0.134521173018013,0.731774453460555,0.999411333975935,4.1090474889758,-0.346631836479865
"336",0.123364209298061,0.756824855898849,0.999411333975935,4.74874387080367,0.313076335785629
"337",0.0190525539475939,0.951113168309867,0.999411333975935,5.46087974249481,0.0619285673092926
"338",-0.13722333878812,0.608420139478545,0.999411333975935,5.18431167975561,-0.518874938519804
"339",0.198887744873703,0.491955813465931,0.999411333975935,5.23447803146973,0.697473088844417
"340",-0.0866389944618646,0.786683064541701,0.999411333975935,4.09950937976136,-0.273548978378339
"341",0.143700450531816,0.543311992863935,0.999411333975935,4.38402754418965,0.616249652495286
"342",-0.150063302532178,0.591590701830805,0.999411333975935,4.84904722537941,-0.543527357669471
"343",0.322990030538366,0.40136153084534,0.999411333975935,3.78607114161671,0.853759104779618
"344",0.00662957328028657,0.982081906291788,0.999411333975935,4.8599022115308,0.0226851184557791
"345",-0.116333211432885,0.722738898817576,0.999411333975935,4.24649066921475,-0.358832916200665
"346",0.229658167256232,0.440630727882277,0.999411333975935,4.37408183625192,0.783634760691881
"347",-0.00360157353549351,0.988014246540211,0.999411333975935,5.56044817453759,-0.0151737589603782
"348",0.0983373253033619,0.684801358319107,0.999411333975935,4.20141813380406,0.410696040103577
"349",0.279520289939336,0.305987771571697,0.999411333975935,4.86624325008666,1.04512096664985
"350",-0.145247846556074,0.58332408941749,0.999411333975935,4.65602484665031,-0.555761164766947
"351",-0.132083056605879,0.644143034774922,0.999411333975935,4.67572478645744,-0.467580493655274
"352",0.0436033402914138,0.894640235688681,0.999411333975935,4.27130115314174,0.133792244844715
"353",-0.00113368907329825,0.997328345079988,0.999411333975935,4.46701784046704,-0.00338214117049319
"354",0.309621210638703,0.407427167198092,0.999411333975935,4.62989735785079,0.842655138486971
"355",-0.0431966489820832,0.86960163124606,0.999411333975935,5.39467835669022,-0.165862850693342
"356",-0.068443309149238,0.824193467733887,0.999411333975935,4.77242692351457,-0.2245041917037
"357",-0.0667645507928487,0.859336833095671,0.999411333975935,8.82782031664788,-0.17905992150391
"358",0.305180227592595,0.279806369574372,0.999411333975935,7.9523122149894,1.1047549804431
"359",-0.0389970245024416,0.924365855056646,0.999411333975935,3.69049827727617,-0.0959003660975617
"360",0.142555512024571,0.677318949892165,0.999411333975935,4.46087445889476,0.421056531322366
"361",0.224130105556103,0.365041057949475,0.999411333975935,4.71600763614001,0.922622001714865
"362",0.0747349513068674,0.839259075790975,0.999411333975935,4.82404442433268,0.20496940099983
"363",-0.00224560393499207,0.994191806964379,0.999411333975935,5.10576518822633,-0.0073528485265599
"364",-0.514794327108368,0.141663177495373,0.999411333975935,4.39395361970691,-1.51768914959788
"365",0.327301378525375,0.361514039961513,0.999411333975935,4.62670473583406,0.929544452461184
"366",-0.0344495345761162,0.924069801097043,0.999411333975935,4.05936614358558,-0.0962769539307992
"367",0.117558669209522,0.741130122567673,0.999411333975935,3.73553901130197,0.334054506035731
"368",0.189072430400665,0.581992711852627,0.999411333975935,4.7014880679429,0.557739444141867
"369",0.0378254257245576,0.893340467816712,0.999411333975935,6.65960083838183,0.135453238701702
"370",0.260728263085048,0.435618050189958,0.999411333975935,7.12212111271838,0.792364565458174
"371",0.244526212119873,0.476342524319216,0.999411333975935,4.50970711208357,0.723101225548573
"372",-0.244704572902744,0.345339950982619,0.999411333975935,4.19409939160311,-0.961880679575159
"373",0.0636606317283563,0.823914257007369,0.999411333975935,4.79792247129443,0.22486704648615
"374",0.197691356866753,0.544771380830969,0.999411333975935,4.54386531309534,0.614003716573236
"375",0.187580764421567,0.573515629158109,0.999411333975935,4.50207045116145,0.570388643809495
"376",0.00249119680980581,0.994272964052348,0.999411333975935,5.30493436591852,0.00725010629280875
"377",0.0229048360133239,0.926165548460481,0.999411333975935,6.52110142518283,0.0936114145162303
"378",-0.185698028344474,0.531911162231501,0.999411333975935,6.1429649257536,-0.633906428306893
"379",-0.180653634794412,0.591092322684098,0.999411333975935,4.63784051349087,-0.54426252963121
"380",-0.0151638211225249,0.953189054343024,0.999411333975935,5.72964023244926,-0.0592956099896793
"381",0.00608488629057025,0.983552617629284,0.999411333975935,4.07715181453748,0.0208228388270239
"382",0.351403951406667,0.345322469678043,0.999411333975935,4.43366510201117,0.961916174873361
"383",0.223139061742443,0.474716662261976,0.999411333975935,4.69944126101143,0.725797706319195
"384",-0.168286734729636,0.607071740018164,0.999411333975935,4.26642986229564,-0.520838015135349
"385",-0.112874628316874,0.73928586247401,0.999411333975935,4.45365161875941,-0.33652945382534
"386",0.174806367227661,0.605270875851315,0.999411333975935,4.725616904708,0.523463041941254
"387",0.10830820944846,0.738489212717648,0.999411333975935,3.92154069538073,0.337599196052162
"388",0.123685948587146,0.734964933686091,0.999411333975935,5.0591977927677,0.342336423991572
"389",0.101338177772745,0.768906679625216,0.999411333975935,4.70072627486131,0.297024491302342
"390",0.166869256758151,0.630947137340905,0.999411333975935,4.47555847190493,0.486373842311335
"391",-0.107544302789864,0.728505943282558,0.999411333975935,4.38959857340251,-0.351039178723552
"392",-0.090605969613212,0.786348618420688,0.999411333975935,4.62711130705654,-0.273989166884118
"393",-0.0771887931544413,0.818844478579941,0.999411333975935,10.0071945640387,-0.231460994630775
"394",-0.0718993480272561,0.842160886318235,0.999411333975935,6.44803691030361,-0.201216321892263
"395",-0.121465646606405,0.728354771052081,0.999411333975935,4.15743413167874,-0.351243193378895
"396",0.102153115251414,0.77257009982161,0.999411333975935,3.89453854857781,0.292173116122212
"397",-0.227694382547956,0.560953352581695,0.999411333975935,4.47991199410482,-0.589308263326862
"398",0.305469159064446,0.291001378920264,0.999411333975935,5.19624869630116,1.07878897851873
"399",0.459096333560772,0.165977382555564,0.999411333975935,4.41387455542092,1.42699501717085
"400",-0.254370406528796,0.370217854578133,0.999411333975935,4.29925000622546,-0.91254131744367
"401",0.156812104909763,0.680115301447662,0.999411333975935,4.19616362688271,0.417179169068818
"402",0.00547047187835314,0.984034404229721,0.999411333975935,5.20777750211039,0.0202127960216364
"403",0.007340929086606,0.97969963746281,0.999411333975935,4.53478583178645,0.0257018289990914
"404",0.0124012029551679,0.971817867557901,0.999411333975935,3.92179027364134,0.035684549154888
"405",0.0849773765225548,0.806432749675981,0.999411333975935,4.71992924415316,0.247648999045986
"406",-0.0511999041567821,0.798711275543806,0.999411333975935,1.14324629527076,-0.25775353657979
"407",-0.0374688324256507,0.904449067375975,0.999411333975935,5.31157517718265,-0.121269407201591
"408",-0.0139892742853878,0.951715302313894,0.999411333975935,6.18942402623898,-0.061164803407421
"409",0.0615952746435484,0.81357795698306,0.999411333975935,4.65902387393483,0.238321917455606
"410",-0.0987524169274048,0.673904892839451,0.999411333975935,6.35532138383389,-0.425799277236494
"411",-0.131492733696728,0.628798319904756,0.999411333975935,5.48663988716161,-0.48945079583055
"412",-0.0564836357983518,0.851528940172739,0.999411333975935,4.94867983662112,-0.189119849372057
"413",-0.0304911442482387,0.929801007302261,0.999411333975935,4.52879452115401,-0.0889891748831973
"414",0.173960804310194,0.635427417877251,0.999411333975935,4.78561028920013,0.479973583792567
"415",0.253726182327787,0.468622295079944,0.999411333975935,4.48974707467824,0.73595343888381
"416",-0.0909764591606477,0.761077507715335,0.999411333975935,4.5842970385246,-0.307416968905265
"417",0.307479267020862,0.400230615975971,0.999411333975935,3.91371249076942,0.855841175299341
"418",0.0875120811286427,0.761679979240104,0.999411333975935,4.60803379790283,0.306616037317247
"419",-0.00444316902383157,0.988868439524844,0.999411333975935,3.85872666997759,-0.0140922879311643
"420",0.263906768997185,0.445398599335117,0.999411333975935,4.22206237491555,0.775387185629697
"421",-0.0274864112809219,0.932810716897044,0.999411333975935,4.88087421011061,-0.0851640326481583
"422",0.0267394062938537,0.93208739986116,0.999411333975935,4.69721204055937,0.0860832003946249
"423",0.190604022164715,0.520178975186518,0.999411333975935,3.93678653712807,0.65229015120534
"424",0.301017091795863,0.381912890457427,0.999411333975935,3.87437062702334,0.89010422581579
"425",0.215722913516055,0.440523220213114,0.999411333975935,4.84607820814948,0.783821353137742
"426",-0.0042021486145023,0.988664283333339,0.999411333975935,5.17642830694236,-0.0143507630493982
"427",0.223230541567665,0.52501693418847,0.999411333975935,4.78947397554034,0.644682340554008
"428",0.176897982354565,0.486243102058868,0.999411333975935,6.17137947608272,0.706795117264937
"429",-0.0511999041567821,0.798711275543806,0.999411333975935,1.14324629527076,-0.25775353657979
"430",0.227646406762985,0.316633889813028,0.999411333975935,5.93394746073859,1.0219031750733
"431",0.0851378990005847,0.743991580868068,0.999411333975935,6.58367732608524,0.330218688773765
"432",-0.359476657978141,0.349431873657436,0.999411333975935,7.82424188201912,-0.953605318011207
"433",0.000759053783264463,0.997625489527707,0.999411333975935,5.96488660237649,0.0030059743953691
"434",0.240550570718032,0.539630775811206,0.999411333975935,3.97380800065542,0.621929102805373
"435",-0.0287234504929934,0.900221612037123,0.999411333975935,5.5698989836876,-0.126664014321105
"436",0.0839972596999372,0.817521620017568,0.999411333975935,3.93886005824329,0.233183262800777
"437",0.0451508276456107,0.922764600442818,0.999411333975935,3.63009585974545,0.0979373709124094
"438",-0.188936976267271,0.558056081616762,0.999411333975935,4.72979824080135,-0.593702376255186
"439",0.204071444691817,0.52644228449203,0.999411333975935,4.53184869475185,0.642448221899967
"440",0.171528651759087,0.555693023163005,0.999411333975935,4.63413940389386,0.59729500343766
"441",-0.328944303021368,0.364304381696375,0.999411333975935,4.01468235894301,-0.924064190789393
"442",0.00615291357200576,0.982568782913673,0.999411333975935,4.37444244559867,0.0220686050507098
"443",-0.021467223584505,0.939125181534154,0.999411333975935,4.44256661249655,-0.0771429041256325
"444",-0.167702497550605,0.629166538613391,0.999411333975935,4.14293812082941,-0.488923194637216
"445",-0.0815971713358365,0.848441009627495,0.999411333975935,7.85267589251252,-0.193103866510673
"446",0.55276894735672,0.122581574123903,0.999411333975935,4.09538315129921,1.59822700880888
"447",0.0761611952309762,0.85793685444075,0.999411333975935,4.75510106019893,0.180862281907776
"448",0.371432444086944,0.359152026368506,0.999411333975935,11.8914447891663,0.934205501147623
"449",0.0781194434975756,0.78354848408186,0.999411333975935,5.44870941473186,0.2776767944106
"450",0.00282710016256349,0.993053943581566,0.999411333975935,3.89312783432376,0.00879335557639
"451",0.00589922858395386,0.986329348589725,0.999411333975935,4.53137477023278,0.0173070188267909
"452",-0.0124310112112038,0.968550648364609,0.999411333975935,4.69272687627185,-0.0398236977090953
"453",0.0793630590132812,0.817319938185576,0.999411333975935,4.28332504368552,0.233445901206559
"454",0.154976011722454,0.647401536977196,0.999411333975935,4.59719286388858,0.462966150048987
"455",-0.205522495714477,0.599688865729555,0.999411333975935,4.21947092714777,-0.531623389911683
"456",-0.146785559743889,0.710854270606331,0.999411333975935,4.91199026737685,-0.374966151819817
"457",0.0191118354610111,0.95807457950007,0.999411333975935,4.26462568056389,0.0531006896692742
"458",0.142779092024615,0.617298131223604,0.999411333975935,4.66875172180544,0.506000621422919
"459",0.24134144548759,0.447738769557862,0.999411333975935,4.52289579897413,0.771358652638692
"460",-0.00146454764605508,0.996777336888469,0.999411333975935,7.66009523249494,-0.00407968534434873
"461",-0.0305151831629598,0.928468065626797,0.999411333975935,4.82307480783475,-0.090683684976632
"462",-0.198700447504066,0.464061482755288,0.999411333975935,4.60582259892905,-0.7436044528346
"463",0.0198267503229621,0.951233129384393,0.999411333975935,7.1873883994935,0.0617764022874678
"464",-0.20617913483874,0.773691935502666,0.999411333975935,8.03557317216173,-0.290688927220412
"465",0.242481978522274,0.526330981081204,0.999411333975935,4.10616707944489,0.642622562595503
"466",0.0452303034868251,0.904737206555779,0.999411333975935,3.88140881937057,0.120901851456894
"467",0.36726491765818,0.364783390622518,0.999411333975935,3.63059644279948,0.923126216742618
"468",-0.142648452111953,0.698909383614265,0.999411333975935,4.6265766383638,-0.391283553291459
"469",0.31685722807674,0.383390163253484,0.999411333975935,4.07640320679105,0.887302139430624
"470",-0.0200416959022931,0.954359231687652,0.999411333975935,4.81297179835248,-0.0578116010542797
"471",-0.0821015603173674,0.803807373853979,0.999411333975935,6.02272724619983,-0.251081643408899
"472",0.038686180702757,0.891310799622304,0.999411333975935,5.83135971371659,0.138047762518299
"473",0.0363985220974756,0.916191711599495,0.999411333975935,3.91617628000059,0.106303468124818
"474",-0.0307999011411502,0.910580542734843,0.999411333975935,4.46371202612077,-0.113451571853515
"475",-0.064765669689038,0.865552250600708,0.999411333975935,4.35274729643341,-0.171065273378696
"476",0.0371523515099694,0.89063540073357,0.999411333975935,4.56556631992915,0.138911337883083
"477",-0.0593815845486931,0.838047613184348,0.999411333975935,5.00178702334216,-0.206537139841479
"478",-0.0796421915172827,0.790542249528768,0.999411333975935,4.51208137880918,-0.268473578538501
"479",0.0429419532387314,0.884835244911973,0.999411333975935,5.42679309669667,0.146332011404921
"480",-0.0181980574504319,0.958767618037647,0.999411333975935,4.08717632380846,-0.052222083585514
"481",-0.0741632964245662,0.811887223754167,0.999411333975935,4.85863956535872,-0.240526962728208
"482",0.0547735465650367,0.85344143951357,0.999411333975935,4.31799549683885,0.186653928474823
"483",0.326557512260977,0.310543272191111,0.999411333975935,4.38013576301211,1.03511789255797
"484",0.352154034126506,0.301042951671462,0.999411333975935,4.32054633872176,1.05609820926373
"485",0.27918783102035,0.285214964464075,0.999411333975935,5.1774210398812,1.09211887471428
"486",-0.162614762842497,0.515076991329667,0.999411333975935,5.27371140888237,-0.660355204579693
"487",0.162463065483467,0.591637760055704,0.999411333975935,4.81986886484136,0.543457956471379
"488",0.584518596990362,0.0906200985655633,0.999411333975935,4.91863985467796,1.7602588116108
"489",-0.235188031581287,0.485279056248915,0.999411333975935,4.59699074498324,-0.708374424508112
"490",0.0114951736015305,0.974711071643919,0.999411333975935,4.17355355072182,0.0320197629710018
"491",0.0821677386922461,0.828248782236629,0.999411333975935,4.48246625695024,0.219237444628196
"492",-0.10649481589212,0.705017899564346,0.999411333975935,4.47295379682108,-0.382925794882086
"493",-0.188603515455743,0.558385755623748,0.999411333975935,4.44356624040225,-0.59320178834073
"494",-0.368859145931782,0.444755609619474,0.999411333975935,4.2579068306436,-0.776496312338877
"495",-0.107792863804016,0.763884238191438,0.999411333975935,3.73883270284777,-0.303687405436243
"496",0.210831355975936,0.493804930841591,0.999411333975935,4.46607759205049,0.694468927402488
"497",0.131999073165843,0.715779583253393,0.999411333975935,4.40700424220766,0.36826809480698
"498",0.11777402409468,0.66362897820398,0.999411333975935,4.0317296581973,0.440134810344024
"499",0.0821139596681277,0.775471524181424,0.999411333975935,4.46018541709789,0.288335890331679
"500",-0.0511999041567821,0.798711275543806,0.999411333975935,1.14324629527076,-0.25775353657979
"501",-0.190667349559275,0.53303843686001,0.999411333975935,4.17117940603251,-0.632151637537173
"502",-0.0168066707902605,0.960551101524757,0.999411333975935,6.95842074263317,-0.0499612467710744
"503",0.0583055801799937,0.828516976345993,0.999411333975935,4.73560423313416,0.218889357765515
"504",-0.15737880302605,0.584964382391861,0.999411333975935,4.38749441785532,-0.553326938932838
"505",0.0953971066815047,0.755964310810936,0.999411333975935,4.57949873418266,0.314222795426955
"506",-0.129700447113232,0.68659213120376,0.999411333975935,4.2458631896887,-0.408223234663211
"507",-0.0678894163239949,0.813439639535243,0.999411333975935,4.55027294814156,-0.238502265028254
"508",-0.0171422196591013,0.956319561868526,0.999411333975935,6.28027804380861,-0.0553258219680581
"509",0.0486889706997182,0.869429986835275,0.999411333975935,4.77691212229746,0.166083274381475
"510",0.216382731099029,0.43496508526946,0.999411333975935,4.73970386366868,0.793506242933045
"511",-0.139351719195895,0.617742633430766,0.999411333975935,4.53912953017054,-0.505358313681689
"512",-0.276968221359342,0.431516799591665,0.999411333975935,4.47052249224849,-0.79955290090747
"513",-0.139213828496779,0.62969020943892,0.999411333975935,5.00098460544896,-0.488173095668904
"514",-0.0815604664043117,0.788284253888956,0.999411333975935,3.92997108970363,-0.271442297956465
"515",0.221281282086902,0.522052202573725,0.999411333975935,4.16321593803961,0.649339896384353
"516",-0.124564591878738,0.695106207426449,0.999411333975935,4.0380112981476,-0.396501382931405
"517",-0.128156160573575,0.746299794973407,0.999411333975935,4.88533798008559,-0.327128166434561
"518",-0.0511999041567821,0.798711275543806,0.999411333975935,1.14324629527076,-0.25775353657979
"519",0.00336137233414657,0.991030088483544,0.999411333975935,4.52536584777777,0.011355555233109
"520",-0.0169673117840938,0.941669556831067,0.999411333975935,6.15601558370561,-0.0739123273015335
"521",0.0672606613954638,0.860401946968777,0.999411333975935,4.1349104983434,0.177689077612977
"522",0.000233159416202611,0.999411333975935,0.999411333975935,4.47564105785527,0.00074521145098937
"523",0.0959315652989252,0.679745509678127,0.999411333975935,5.21615556640222,0.417691541739109
"524",0.230568834813435,0.509996694595425,0.999411333975935,4.3826884283523,0.668429841281644
"525",-0.009046632748686,0.97672190235353,0.999411333975935,5.19623590484608,-0.0294729348308261
"526",0.229224601579556,0.483268308595554,0.999411333975935,4.45163793474684,0.711674259701569
"527",-0.187859840912856,0.6240543501204,0.999411333975935,5.01168666591411,-0.496260815969181
"528",0.41248523236871,0.198410648266212,0.999411333975935,4.54191084280227,1.32124094221216
"529",-0.211088636818068,0.507547504144949,0.999411333975935,4.70724249301762,-0.672338525261343
"530",-0.0939178857344647,0.780646375683127,0.999411333975935,3.99829556509698,-0.281502853243379
"531",0.0803105294538504,0.835607679923817,0.999411333975935,4.64085208150912,0.209696232200037
"532",0.0637913872426763,0.89411706257854,0.999411333975935,4.25900620424707,0.134460769612511
"533",-0.19212634344519,0.592198475087165,0.999411333975935,3.83135905259972,-0.542631224056186
"534",-0.129531855750899,0.617120118773178,0.999411333975935,4.58264468883683,-0.506257910501435
"535",-0.166969851989904,0.568337405966793,0.999411333975935,3.78183770396286,-0.57816162729131
"536",0.00736317543168052,0.981042589074122,0.999411333975935,4.51250357750901,0.0240011967528769
"537",-0.046934156509753,0.897192512868157,0.999411333975935,4.67032264386314,-0.130531761030878
"538",-0.0879790705401895,0.842312720091275,0.999411333975935,4.31082829707969,-0.201020027983977
"539",0.152682274052012,0.595947979600842,0.999411333975935,4.63099020991243,0.53711260938329
"540",-0.239846538819174,0.373236532476246,0.999411333975935,4.6335781518827,-0.906705955273272
"541",0.14542460068987,0.701110742779554,0.999411333975935,4.30048171033548,0.388268396186645
"542",-0.142434416743988,0.612511787691686,0.999411333975935,4.96039940410713,-0.512930616334958
"543",-0.059169209034553,0.891458307702481,0.999411333975935,4.14269537462375,-0.137859170685578
"544",-0.256716926549132,0.426501237598538,0.999411333975935,4.94689314220954,-0.808401136595463
"545",0.249913432209918,0.369042177501311,0.999411333975935,4.81252073389113,0.914822480517033
"546",-0.139484525889627,0.633024196837317,0.999411333975935,4.27145875797401,-0.483404143971471
"547",0.017729235602256,0.963393101196174,0.999411333975935,4.57029933533804,0.0463591233519282
"548",-0.135368722031096,0.632304882909495,0.999411333975935,4.77129525745124,-0.48443209235535
"549",-0.0870421421155383,0.845843094349912,0.999411333975935,3.6950917816555,-0.196458135440726
"550",-0.119655221047051,0.698414526979919,0.999411333975935,4.33109606842921,-0.391961853937252
"551",-0.00127890378280071,0.996778235288584,0.999411333975935,5.07380003284308,-0.00407854802071379
"552",0.200058004218282,0.419099022990941,0.999411333975935,4.49677116441181,0.82157832914813
"553",0.00320985655392114,0.993242726109494,0.999411333975935,4.35281869260388,0.00855436031078256
"554",0.0900509474737898,0.745920593610203,0.999411333975935,4.5584787452144,0.327635665201054
"555",0.318068367318574,0.443518159493331,0.999411333975935,4.31974776534692,0.778633589931101
"556",-0.316285559339459,0.455005530256295,0.999411333975935,3.67584273423426,-0.758929310300821
"557",0.142082050192865,0.697090129862267,0.999411333975935,4.03086228379929,0.393778125326709
"558",-0.122052296809557,0.729619211526892,0.999411333975935,4.93954840023573,-0.349537231276442
"559",0.145982480682221,0.640736560365605,0.999411333975935,5.10479165793373,0.472415381310227
"560",-0.110286236098285,0.718036031638741,0.999411333975935,4.86165731160402,-0.365205211544836
"561",0.364220953443023,0.309885525213678,0.999411333975935,3.90692547646413,1.03655580263244
"562",-0.0358618084194537,0.90858343375615,0.999411333975935,4.31081709359062,-0.115997136800908
"563",-0.348903910401277,0.275315190083028,0.999411333975935,4.74286907803675,-1.11538222915978
"564",0.0350294278464567,0.899130610038973,0.999411333975935,4.83115696747613,0.128056845085243
"565",0.123551513055097,0.697585066178212,0.999411333975935,4.21496266838825,0.39309921539565
"566",-0.468952849430724,0.189529972868681,0.999411333975935,3.61076527156374,-1.34876012244894
"567",0.115113836101506,0.693433123969586,0.999411333975935,4.91801458927895,0.398800327038241
"568",0.116400898845258,0.740075548818927,0.999411333975935,4.13203619369583,0.335469455453298
"569",-0.343760043495354,0.206944261895643,0.999411333975935,4.87357774921314,-1.29568348751317
"570",-0.26067751387516,0.4072143961705,0.999411333975935,4.87150271567226,-0.84304286398921
"571",0.244049598096622,0.487387996368071,0.999411333975935,4.07041882820442,0.70492187433372
"572",0.194851731652918,0.578148251788721,0.999411333975935,3.69978572928342,0.563464530914039
"573",-0.214873084791249,0.473569395535772,0.999411333975935,4.46347811946227,-0.727703678910992
"574",-0.0333585887534706,0.939374006279437,0.999411333975935,4.50217469349583,-0.0768269365900201
"575",-0.213579003778279,0.491181392365522,0.999411333975935,5.01674011644208,-0.698733157998532
"576",-0.129926039466906,0.784878165487961,0.999411333975935,3.67624499393129,-0.275925189931235
"577",0.0646518549581518,0.883261357396626,0.999411333975935,4.52559953905301,0.148347058123098
"578",-0.0635564210852735,0.873354356985913,0.999411333975935,4.41612992076439,-0.161045717552988
"579",0.405813268634907,0.19850711707157,0.999411333975935,3.67387601434527,1.32094731487186
"580",-0.14158640909275,0.635599426922809,0.999411333975935,4.13610182214837,-0.479728267169662
"581",0.0738684589331982,0.820197439214982,0.999411333975935,5.13428125436921,0.229700272398813
"582",-0.0323015590036198,0.918262266733895,0.999411333975935,4.88223527107565,-0.103667220538209
"583",-0.0372198676569289,0.922114483441215,0.999411333975935,4.61594357999985,-0.0987645246829139
"584",-0.0542090409056879,0.842765729282286,0.999411333975935,5.08954514375521,-0.200434415896615
"585",0.254919700575321,0.474291728705109,0.999411333975935,4.78315902382663,0.726503341780797
"586",0.104775101198044,0.724255822001515,0.999411333975935,4.25309884607896,0.356780738657402
"587",-0.200438625176642,0.637529587151538,0.999411333975935,4.05641279860067,-0.476977537415409
"588",-0.032640433411042,0.929209124035291,0.999411333975935,4.48205116496184,-0.0897415769396424
"589",0.0283412267010696,0.925603953811874,0.999411333975935,4.93389806946928,0.0943256269479662
"590",-0.39697231755108,0.2924988570986,0.999411333975935,4.82520592182014,-1.07537019587266
"591",0.146580813934073,0.60641900594235,0.999411333975935,5.29476261405771,0.521789044374669
"592",-0.310252115396156,0.431667088212615,0.999411333975935,4.2340228049978,-0.799288748687193
"593",-0.126412671587968,0.657305961262917,0.999411333975935,4.67587583769367,-0.44900223534317
"594",0.0724964732707516,0.809994537069491,0.999411333975935,4.67028398278605,0.242996835651888
"595",-0.0892632615475755,0.791828780587762,0.999411333975935,4.83503190228371,-0.266783199093524
"596",-0.0511999041567821,0.798711275543806,0.999411333975935,1.14324629527076,-0.25775353657979
"597",0.00456070107516915,0.986664888153209,0.999411333975935,5.12383996361813,0.0168821838697334
"598",0.00368079546166022,0.991006194212423,0.999411333975935,6.15623961885312,0.0113858057984449
"599",-0.04893179079001,0.885391072594312,0.999411333975935,4.56681228617064,-0.145620533685759
"600",-0.0501303208747723,0.882159348926006,0.999411333975935,4.22947055075563,-0.149758330700032
"601",-0.00167678612442312,0.995303777843121,0.999411333975935,4.81029865601571,-0.00594513610407754
"602",0.0519423727568098,0.86527648467432,0.999411333975935,5.45264886020041,0.17141973569369
"603",0.725424131972558,0.500803728824881,0.999411333975935,2.3797274157728,0.683155697904193
"604",0.116715307514684,0.726047022907591,0.999411333975935,4.33853054682902,0.354359502635704
"605",0.26114785244985,0.50883684577073,0.999411333975935,4.09188890049814,0.670279549718683
"606",-0.266712677760351,0.389931238224396,0.999411333975935,4.43200292438427,-0.874978490302483
"607",0.48545253583119,0.0463290822022231,0.999411333975935,4.47001050650848,2.09662572986264
"608",-0.467099157540918,0.227139377379051,0.999411333975935,4.02062667890624,-1.23827516334276
"609",0.0160503147849527,0.951957263735154,0.999411333975935,5.18892514841166,0.0608579031330637
"610",-0.0617212261636322,0.868710567976845,0.999411333975935,5.18289045683358,-0.167007234774644
"611",-0.0588555352563986,0.897722089183535,0.999411333975935,3.83573402265671,-0.129855419551881
"612",-0.235306292173981,0.478801099655271,0.999411333975935,4.88392938574882,-0.719033836026573
"613",0.0543612741096586,0.881305346043873,0.999411333975935,4.40856823899112,0.150852211255918
"614",0.256299023093345,0.370398719648783,0.999411333975935,4.83490733504912,0.912190809510442
"615",0.042608739327628,0.896868460703788,0.999411333975935,4.63482757320874,0.130945650611206
"616",-0.221105801745253,0.573805974609721,0.999411333975935,4.28637071760966,-0.569953859073111
"617",-0.0239633945029958,0.933063386825377,0.999411333975935,4.81152951275463,-0.0848429655994506
"618",0.203989972530425,0.5464116764725,0.999411333975935,4.55171002217903,0.611483152916501
"619",0.159287441075493,0.597176470897268,0.999411333975935,3.92315168979308,0.535308145223088
"620",-0.0839048124330759,0.756741554497015,0.999411333975935,4.28810937197836,-0.313187295268598
"621",0.0556395413460029,0.8441449541804,0.999411333975935,4.89844001332272,0.198651908711085
"622",0.0954959313657495,0.747867633364119,0.999411333975935,5.341889556116,0.325030796377291
"623",-0.0966521266862834,0.722801501352476,0.999411333975935,4.90473680598736,-0.358748193149307
"624",-0.0281439911538959,0.92528255388513,0.999411333975935,5.21577991904523,-0.094734392328516
"625",-0.152358757461166,0.598006330833316,0.999411333975935,3.32556263416998,-0.534090222875831
"626",-0.093154815889303,0.846037107877635,0.999411333975935,4.41226217737324,-0.196207558226558
"627",-0.0429297738637144,0.897957934888105,0.999411333975935,5.04904167488559,-0.129554232177029
"628",0.0239526586976213,0.940759536228453,0.999411333975935,5.00182634670102,0.0750676806019996
"629",0.0161453272938656,0.965370847500087,0.999411333975935,4.91686360881151,0.0438527792731827
"630",-0.193875619844832,0.522372924180875,0.999411333975935,4.54317121598987,-0.648835353049686
"631",0.0998873397603814,0.697343599792736,0.999411333975935,4.9381575378588,0.39343041424259
"632",0.251316805893212,0.482182581149215,0.999411333975935,4.3642353608382,0.713459333066378
"633",0.0667714257617353,0.81854624481118,0.999411333975935,4.45014226175414,0.231849211481947
"634",-0.0519176017234857,0.88667244120687,0.999411333975935,4.44300950012345,-0.143980630881143
"635",-0.0871234411555433,0.784063943609771,0.999411333975935,4.41972620702222,-0.276997669150771
"636",-0.127130456148608,0.749019941516148,0.999411333975935,3.96056372860305,-0.323490244495132
"637",0.0714826837683491,0.832012314660148,0.999411333975935,4.40828424170475,0.214355287634683
"638",-0.0341003021559816,0.920097302490936,0.999411333975935,4.35751288430197,-0.101331464640106
"639",0.105321856602774,0.7557239886399,0.999411333975935,4.77222250294869,0.314543040583287
"640",-0.16328560269272,0.65885698346468,0.999411333975935,4.17117516127471,-0.44682372857967
"641",0.180520111961012,0.515085782504325,0.999411333975935,4.24285834049529,0.660341270089428
"642",-0.0511999041567821,0.798711275543806,0.999411333975935,1.14324629527076,-0.25775353657979
"643",-0.294267383391577,0.293634120987037,0.999411333975935,4.71782337230722,-1.0727866607916
"644",0.092566439843127,0.732289370644747,0.999411333975935,4.39101090561198,0.345938146328806
"645",-0.0768892027282959,0.79414475565791,0.999411333975935,4.75475518511745,-0.26374221598613
"646",0.0312208030827428,0.883547706434606,0.999411333975935,5.54781486066599,0.147980399381286
"647",-0.0382853831062944,0.890826754874213,0.999411333975935,4.85809437822632,-0.138666658645998
"648",-0.198783227613422,0.491282839701904,0.999411333975935,5.34619027276714,-0.698568027523536
"649",-0.0224063399115391,0.946046862071546,0.999411333975935,4.402190419633,-0.068356347898781
"650",0.36297627161953,0.31006043261093,0.999411333975935,4.50504552415993,1.03617322655225
"651",-0.143224448072177,0.638256924366495,0.999411333975935,5.1353383899766,-0.475941952473196
"652",-0.0510037365111247,0.867058076019244,0.999411333975935,4.20820775137273,-0.16913011728086
"653",-0.0511999041567821,0.798711275543806,0.999411333975935,1.14324629527076,-0.25775353657979
"654",0.119849000504122,0.66760355659961,0.999411333975935,4.82657653078643,0.434579117336084
"655",0.283164645102444,0.362103500298015,0.999411333975935,3.78411447763951,0.92838441073389
"656",-0.397555697523632,0.180400367450607,0.999411333975935,4.54572993289932,-1.3781226314563
"657",0.200816233074121,0.591988017443753,0.999411333975935,7.16787962440221,0.542941483402989
"658",0.120768051847573,0.71338078964615,0.999411333975935,5.13704640459432,0.371528120838653
"659",-0.0498312520760953,0.887648574373266,0.999411333975935,4.86316438140631,-0.142731640342747
"660",-0.116848300666267,0.733483010141391,0.999411333975935,5.63215063572612,-0.344330751567925
"661",0.068205014773139,0.827377310012441,0.999411333975935,4.9716409572301,0.220368711690579
"662",0.176727018378465,0.600531681381737,0.999411333975935,4.48056779147554,0.530388954067545
"663",-0.278889529257957,0.393130810514351,0.999411333975935,4.40938248000022,-0.868998967347402
"664",0.175381027873624,0.514728887529548,0.999411333975935,5.58332961700985,0.660907073449665
"665",-0.388724822755692,0.218793042087006,0.999411333975935,4.71952291714706,-1.26150922479905
"666",-0.152464710081952,0.626244546527843,0.999411333975935,4.77746439728433,-0.493113838804291
"667",-0.0188838927946957,0.954097963873677,0.999411333975935,5.23273931493787,-0.058142927068569
"668",0.00105791643532704,0.997452100490056,0.999411333975935,5.01145149495059,0.00322547430057324
"669",-0.289462634909637,0.319004271715166,0.999411333975935,4.57478857350599,-1.01680808629901
"670",-0.274538833367088,0.398157745780535,0.999411333975935,5.04452948786633,-0.85966719865568
"671",-0.0936025435045824,0.762737091639205,0.999411333975935,5.03374441826167,-0.305211193691725
"672",-0.0992391795093575,0.802048317472433,0.999411333975935,3.72206301006408,-0.253383302335732
"673",-0.0610215510150907,0.859786708174763,0.999411333975935,4.36085883474456,-0.17848087191121
"674",-0.483048189444392,0.195269124125434,0.999411333975935,3.87266496587469,-1.33086412117975
"675",-0.0511999041567821,0.798711275543806,0.999411333975935,1.14324629527076,-0.25775353657979
"676",0.119665839684026,0.71657331371937,0.999411333975935,4.35873418936663,0.367190286027868
"677",-0.112657327274966,0.774084333615262,0.999411333975935,4.80379991867985,-0.290169941234884
"678",0.306764551857537,0.276800441673559,0.999411333975935,4.34590448496539,1.11185397791882
"679",-0.0937006638431441,0.757760490446168,0.999411333975935,5.38566842807037,-0.31183032184499
"680",-0.13383818381568,0.618597546802925,0.999411333975935,5.68218503381657,-0.504123562779713
"681",-0.0996794747891983,0.755139742686205,0.999411333975935,3.99490933607161,-0.315321726356968
"682",-0.065951450738333,0.936396996980309,0.999411333975935,7.87694193556881,-0.0806077936502455
"683",0.450631193741782,0.195819277327824,0.999411333975935,4.04980958025185,1.3291702343045
"684",0.522104871091681,0.145466633506323,0.999411333975935,4.19059974877866,1.50271018056814
"685",0.0821887283911593,0.794158076608953,0.999411333975935,5.14959907698271,0.263724732299783
"686",0.0362263804537033,0.912549942307917,0.999411333975935,4.09169048077349,0.110942074256976
"687",0.151867854023687,0.620278380169159,0.999411333975935,4.7555789511202,0.501698239262734
"688",0.287212254467981,0.482317483718968,0.999411333975935,4.06353077573266,0.713237410162659
"689",0.231408514474132,0.530567036487253,0.999411333975935,4.03908600279702,0.636001399323933
"690",-0.0128960981077322,0.967694949012818,0.999411333975935,4.92392375474402,-0.0409078735384774
"691",0.131294905313943,0.715391401456707,0.999411333975935,3.78141012654866,0.368795369039156
"692",0.0601045488408642,0.817762254216811,0.999411333975935,4.70539568460348,0.23286992085198
"693",-0.0561359125115022,0.890888527480202,0.999411333975935,4.74789814190836,-0.138587673569337
"694",-0.218275120006697,0.448230259590138,0.999411333975935,4.88067449136229,-0.770514182854729
"695",-0.0511999041567821,0.798711275543806,0.999411333975935,1.14324629527076,-0.25775353657979
"696",-0.166028143340593,0.598652959818569,0.999411333975935,4.63488629623874,-0.533141779152942
"697",-0.329552201270516,0.178588683736668,0.999411333975935,4.71030953794554,-1.3840877310109
"698",0.249337582067908,0.413228811171194,0.999411333975935,4.8413068719183,0.832131883043746
"699",0.0252320711569185,0.931356416065517,0.999411333975935,4.97967037724645,0.0870121876473468
"700",-0.252099022405335,0.402417667804752,0.999411333975935,4.02652406418784,-0.851818075850492
"701",-0.270831997196851,0.421885359081536,0.999411333975935,4.55664446541972,-0.816601328386568
"702",0.205739562805096,0.571883833462013,0.999411333975935,4.70000418732908,0.57283427923074
"703",-0.0562854888254867,0.888842599424536,0.999411333975935,4.51141108534127,-0.141204165217998
"704",-0.0323560064781558,0.91503220054687,0.999411333975935,5.036535006866,-0.107780101333713
"705",0.174007991927392,0.60880295511716,0.999411333975935,4.30970117422578,0.518317988856084
"706",-0.00999242432214231,0.979713620740291,0.999411333975935,4.324248346837,-0.0256841210374781
"707",-0.103060832112816,0.773221178008037,0.999411333975935,4.21230516850793,-0.29131165849259
"708",-0.0475515311243786,0.85361010798451,0.999411333975935,5.08919871728288,-0.186436509048425
"709",-0.185793234753015,0.479618575430262,0.999411333975935,5.21773814447211,-0.717684113828905
"710",0.0103147351653936,0.976708905494126,0.999411333975935,5.32453178701071,0.029489395414116
"711",0.096583312506028,0.740585269956491,0.999411333975935,4.4057625257663,0.334785462504898
"712",-0.114024786164355,0.662240388685114,0.999411333975935,4.14643242671414,-0.442079090981862
"713",0.359320271267763,0.287787372676288,0.999411333975935,3.89667190156355,1.08616926957724
"714",-0.294332145694546,0.33471825034198,0.999411333975935,4.31675456391691,-0.983676492189421
"715",-0.0784057473164612,0.784391966000638,0.999411333975935,3.89529885910993,-0.276565563966739
"716",-0.178453023424156,0.542227898514732,0.999411333975935,5.35418095742439,-0.61792009081867
"717",-0.0753126850003287,0.778320088681412,0.999411333975935,4.04433924966839,-0.284572850399518
"718",0.337268856080306,0.285079397560693,0.999411333975935,4.25068224189264,1.09243348649761
"719",0.165654674194013,0.490154070144779,0.999411333975935,5.12380656094023,0.700406474101621
"720",0.341777142892142,0.444080442572,0.999411333975935,4.23031975927852,0.777661988476557
"721",-0.125974637228447,0.745111367464732,0.999411333975935,3.90892244125568,-0.328718974032286
"722",0.31198718297475,0.289179788380949,0.999411333975935,4.65573847588165,1.08296468440211
"723",0.286484377597863,0.422721459124526,0.999411333975935,3.93006660041789,0.815111865786751
"724",-0.188798380432945,0.625949661283241,0.999411333975935,5.04739516164277,-0.493537250168292
"725",-0.232108504739736,0.468134038654006,0.999411333975935,4.62827727533619,-0.736770415232965
"726",0.02733870516147,0.913815255683036,0.999411333975935,5.86011858823091,0.109330139168073
"727",-0.162142777612983,0.60756142687836,0.999411333975935,4.94832753549448,-0.520124862727144
"728",0.121103662543145,0.7373800713822,0.999411333975935,4.76556846827095,0.339089219034287
"729",0.306737735903202,0.246112026417708,0.999411333975935,5.36259808966532,1.18776220248139
"730",0.166438716807014,0.563340826020667,0.999411333975935,5.08615122037412,0.585696084307455
"731",0.589657222774536,0.0927028179008941,0.999411333975935,3.966740642632,1.7483336596253
"732",-0.0554101293614586,0.857516756620039,0.999411333975935,4.57787833763533,-0.18140324299567
"733",0.211873253842479,0.580018284303979,0.999411333975935,3.76873227607254,0.56067736133842
"734",-0.0544347953456423,0.862031249625302,0.999411333975935,4.80553068656875,-0.175592770310276
"735",-0.115324536357184,0.732724085402347,0.999411333975935,4.32356164955189,-0.345352638037423
"736",-0.145970895253279,0.659246517448758,0.999411333975935,5.33844113441401,-0.446276947974924
"737",0.0849244199078107,0.778771662956042,0.999411333975935,4.99174346927276,0.283976691966527
"738",0.4992483674171,0.143430920418958,0.999411333975935,4.52243706597836,1.51068714623108
"739",0.123140560919462,0.65504083113184,0.999411333975935,5.6794352061607,0.452187709003325
"740",0.120384689262357,0.731527075677209,0.999411333975935,3.75369362882253,0.346965162200387
"741",0.0908201618951692,0.796669069013006,0.999411333975935,5.20532652103933,0.260430552749669
"742",-0.0294462500184327,0.933334315343241,0.999411333975935,4.44780934925921,-0.0844987075086186
"743",0.363231968927388,0.216837079439697,0.999411333975935,4.06215900947918,1.26705138378983
"744",-0.163293708920374,0.594684468760484,0.999411333975935,4.34624308813464,-0.538970389629107
"745",-0.111562400032911,0.755957429278137,0.999411333975935,4.4054613393782,-0.314231965059206
"746",-0.0606762810743557,0.842442625387358,0.999411333975935,5.15738642766054,-0.200852090058324
"747",-0.0771626272975006,0.810758107575156,0.999411333975935,4.67256212114701,-0.242000225482889
"748",0.102214048872949,0.766590211595247,0.999411333975935,4.90892778856171,0.30009586754635
"749",0.105391026853859,0.747748756577381,0.999411333975935,3.80753445126426,0.325189771370797
"750",0.433562966654301,0.224698901795764,0.999411333975935,3.85025454168288,1.24500085125205
"751",0.0161164824194087,0.961034374026643,0.999411333975935,4.44742261792947,0.0493486715401478
"752",-0.155655232859569,0.653078685528158,0.999411333975935,4.21983777864468,-0.454950922874084
"753",-0.0179525753963921,0.949770144284741,0.999411333975935,5.03234392044186,-0.0636322332313429
"754",0.135628697388515,0.698336941236645,0.999411333975935,4.96269192682619,0.392068217717452
"755",0.013180008136346,0.96809054303368,0.999411333975935,4.90233160438035,0.0404066475825277
"756",0.0907342662291093,0.838290217026126,0.999411333975935,4.90991350153643,0.206223147115651
"757",-0.0490851427096484,0.859745477923609,0.999411333975935,4.00599507606974,-0.178533938186379
"758",0.178230532828069,0.629072612261492,0.999411333975935,3.9694981244974,0.489057763433361
"759",-0.354268643787513,0.270951928451996,0.999411333975935,4.0089864505501,-1.12582769396156
"760",0.429857047719033,0.206355588552374,0.999411333975935,4.08400975417155,1.29742011566106
"761",0.392215542970344,0.255316559939982,0.999411333975935,4.75002449209701,1.16429728047279
"762",0.0559843591339257,0.903211154034439,0.999411333975935,3.83162501893511,0.122848707109523
"763",0.175479258845933,0.597722811589215,0.999411333975935,4.69914943558201,0.534506230814177
"764",-0.0809230643464778,0.776991690023052,0.999411333975935,4.50267092061136,-0.286327182076116
"765",-0.0738561662900246,0.790765503501452,0.999411333975935,4.32975217075753,-0.268180187136287
"766",-0.127540460228754,0.696771246100967,0.999411333975935,4.00766783375143,-0.394215641287822
"767",0.0201504027281842,0.9462052671179,0.999411333975935,4.68362298820814,0.0681553314345958
"768",0.14989052502172,0.581113827178296,0.999411333975935,4.88910247209256,0.559046598542645
"769",-0.254526670761929,0.484497617227673,0.999411333975935,4.57496009393448,-0.70965590695661
"770",0.210406195031034,0.47629294000121,0.999411333975935,4.3239315847035,0.723183381559657
"771",-0.154829468644747,0.651438904956599,0.999411333975935,4.68825294795404,-0.457262913332366
"772",0.0878128856252731,0.782121718180061,0.999411333975935,5.05876346300329,0.279557272536473
"773",-0.000447234854448197,0.998902727357045,0.999411333975935,4.21328931331083,-0.00138907342999944
"774",0.428576795823845,0.132893392277697,0.999411333975935,4.11096063872973,1.55351990551759
"775",0.250826558477024,0.27594106203355,0.999411333975935,5.0553270780682,1.11389378013035
"776",0.0984555573263837,0.795240183447271,0.999411333975935,4.8284881060754,0.262304750810514
"777",0.180615970595571,0.594621173698609,0.999411333975935,3.66052742562374,0.539063504642266
"778",0.294581141273068,0.390459723520248,0.999411333975935,4.87083306008918,0.873988656466227
"779",0.186817143076748,0.493285330490371,0.999411333975935,5.85294177127608,0.695312447136592
"780",0.281490902974014,0.440373783252887,0.999411333975935,4.51255145504177,0.784080764918574
"781",0.0158125544644427,0.956432937628445,0.999411333975935,9.24252976787617,0.0551820678818013
"782",0.0431731324092697,0.879617645965315,0.999411333975935,4.71199876003667,0.153014516163055
"783",0.0708956133617162,0.782956238623033,0.999411333975935,4.19177162244109,0.278457250217204
"784",0.0951445857291446,0.791249936247871,0.999411333975935,4.11608187903883,0.267543647370015
"785",-0.15889750035273,0.608590154232931,0.999411333975935,4.62777375888322,-0.518627567532636
"786",0.043675107579034,0.871889749226943,0.999411333975935,4.97163187552783,0.162925272181782
"787",0.0406453516025786,0.884384023568595,0.999411333975935,4.97516829233879,0.146909646166089
"788",0.193889816148615,0.583831109189108,0.999411333975935,4.10923499459447,0.555008377174883
"789",0.378201868236061,0.245006313343426,0.999411333975935,4.59563363835501,1.19062455343164
"790",-0.0791739900535919,0.807656300333371,0.999411333975935,3.7919776369213,-0.246050258894409
"791",0.0303720743597324,0.918171855379218,0.999411333975935,4.65045856895155,0.103782317232209
"792",0.343802205027989,0.458285143930291,0.999411333975935,3.63481671649381,0.753358645813682
"793",0.14239304018967,0.661262861529974,0.999411333975935,4.9164623026208,0.443448843414188
"794",0.141237716433088,0.669295873568864,0.999411333975935,5.0299516170853,0.432217791620503
"795",0.21194785407916,0.489965031973969,0.999411333975935,4.09294455263341,0.700714599886263
"796",0.125073450489699,0.646440993736834,0.999411333975935,8.47274235542287,0.464325308280743
"797",0.0934016207836468,0.776020313309658,0.999411333975935,4.65949514734706,0.287610595742497
"798",0.298824178998577,0.579128520281287,0.999411333975935,4.22261080873303,0.562002941205077
"799",NA,NA,NA,NA,NA
"800",NA,NA,NA,NA,NA
"801",NA,NA,NA,NA,NA
"802",NA,NA,NA,NA,NA
"803",NA,NA,NA,NA,NA
"804",NA,NA,NA,NA,NA
"805",NA,NA,NA,NA,NA
"806",NA,NA,NA,NA,NA
"807",NA,NA,NA,NA,NA
"808",NA,NA,NA,NA,NA
"809",NA,NA,NA,NA,NA
"810",NA,NA,NA,NA,NA
"811",NA,NA,NA,NA,NA
"812",NA,NA,NA,NA,NA
"813",NA,NA,NA,NA,NA
"814",NA,NA,NA,NA,NA
"815",NA,NA,NA,NA,NA
"816",NA,NA,NA,NA,NA
"817",NA,NA,NA,NA,NA
"818",NA,NA,NA,NA,NA
"819",NA,NA,NA,NA,NA
"820",NA,NA,NA,NA,NA
"821",NA,NA,NA,NA,NA
"822",NA,NA,NA,NA,NA
"823",NA,NA,NA,NA,NA
"824",NA,NA,NA,NA,NA
"825",NA,NA,NA,NA,NA
"826",NA,NA,NA,NA,NA
"827",NA,NA,NA,NA,NA
"828",NA,NA,NA,NA,NA
