"Gene","Module","GS_TB","p_GS_TB","MM","p_MM"
"ENSG00000163191","green",0.375161331101826,0.0111061031551932,0.911081373180001,3.7326349033286e-18
"ENSG00000122122","green",0.386083575831716,0.00880643889195629,0.908491589017545,6.73895502540876e-18
"ENSG00000196230","green",0.40029463616442,0.00643690969057839,0.897261739388844,7.23490379692188e-17
"ENSG00000075624","green",0.320652406193874,0.0317506408052805,0.890850412939716,2.48888219445492e-16
"ENSG00000184009","green",0.32684368404639,0.0284219200625567,0.890406387332294,2.7034837664881e-16
"ENSG00000100650","green",-0.539531818005897,0.000130999925433053,-0.888388767106458,3.91941577453653e-16
"ENSG00000132424","green",-0.395556639117602,0.00715655899411139,-0.884435391107357,7.95239187604464e-16
"ENSG00000197061","green",0.457269384377835,0.00158892482896082,0.88420365126179,8.28251463361246e-16
"ENSG00000147443","green",0.414315529212812,0.0046622943502222,0.88076742325354,1.4988799491068e-15
"ENSG00000029363","green",-0.325351412926372,0.0291964539730317,-0.880629478904338,1.53441439034988e-15
"ENSG00000128340","green",0.379954518360561,0.010040332940388,0.879786235080321,1.76960261862887e-15
"ENSG00000152795","green",-0.293324528537541,0.0505166088308897,-0.878197599908635,2.30838276152183e-15
"ENSG00000138107","green",0.46781463850059,0.00119355934331772,0.876283454760946,3.16430363973721e-15
"ENSG00000137078","green",0.435757065878268,0.00277160733110932,0.875870895818378,3.38456890758943e-15
"ENSG00000108798","green",0.396180549192256,0.00705798084784551,0.874681704144566,4.10362358118732e-15
"ENSG00000109971","green",0.380000295421658,0.0100305936562264,0.873509549711905,4.95230162884628e-15
"ENSG00000127824","green",0.385999927276365,0.0088223561635541,0.871357595973675,6.95992106828858e-15
"ENSG00000123416","green",0.595962425662757,1.56468779345526e-05,0.867857595496167,1.1951465008757e-14
"ENSG00000167797","green",0.468010447878957,0.00118713262812132,0.867200101126033,1.32065150187799e-14
"ENSG00000188229","green",0.550422930138267,8.95297193598673e-05,0.866434279731602,1.48255483611002e-14
"ENSG00000055044","green",-0.223909179146864,0.139245197484589,-0.863965588921587,2.142034513742e-14
"ENSG00000168439","green",0.350615743251035,0.0182100314659603,0.863658772845587,2.24114905023003e-14
"ENSG00000184203","green",-0.374362235481807,0.0112928903386247,-0.863598761769707,2.26103593137364e-14
"ENSG00000109062","green",0.299897248721154,0.0453393424835647,0.862884703535262,2.51085078129018e-14
"ENSG00000110876","green",0.252535826717439,0.0942013437165488,0.860878135944269,3.36019522836433e-14
"ENSG00000013275","green",0.388670033960536,0.00832632904857843,0.859545142017626,4.06768339065251e-14
"ENSG00000133872","green",-0.424510839181912,0.00365595821798861,-0.85895335695852,4.42502422080658e-14
"ENSG00000225648","green",-0.414360516714438,0.00465737002774109,-0.858760698942795,4.54762848525298e-14
"ENSG00000130303","green",0.418793380603561,0.00419387218501558,0.858079386923128,5.00748591572984e-14
"ENSG00000240065","green",0.5620006261798,5.88641679789753e-05,0.857917380108881,5.12313241721869e-14
"ENSG00000180549","green",0.506695029752269,0.000382730067482026,0.856862059242062,5.9406043885662e-14
"ENSG00000164054","green",0.253622578330311,0.0927459870936367,0.856069716661907,6.63388890523197e-14
"ENSG00000156587","green",0.514163503494018,0.000302770810885134,0.855425277312626,7.25349999058675e-14
"ENSG00000105281","green",0.494629229885882,0.000552682273504432,0.853729739060884,9.15568912885848e-14
"ENSG00000205220","green",0.397098780227128,0.00691503902747032,0.851035746798811,1.31768858475811e-13
"ENSG00000159131","green",0.4727870340735,0.00103960920983921,0.851005197909582,1.32308580867141e-13
"ENSG00000131446","green",0.274099046755475,0.0684486643387774,0.850468620596503,1.42136260118975e-13
"ENSG00000240038","green",-0.396494952513196,0.00700875202973632,-0.85024285162328,1.46474277953844e-13
"ENSG00000172081","green",0.448020621961582,0.00202719402449122,0.848931429010665,1.742539287834e-13
"ENSG00000070756","green",-0.386820937036871,0.00866719540517012,-0.84849210952547,1.8462455780661e-13
"ENSG00000111335","green",0.341611885774533,0.0216364724784237,0.848207366460624,1.91655021038677e-13
"ENSG00000069667","green",-0.261084073611254,0.0832187971210907,-0.847881759867914,2.00004481876964e-13
"ENSG00000115524","green",-0.348040034239028,0.0191398640493,-0.847587316735892,2.07849855382312e-13
"ENSG00000121864","green",-0.326342226696548,0.0286802643276691,-0.847237299655784,2.17554483345322e-13
"ENSG00000125910","green",0.345849864914815,0.0199617042460874,0.846674350960481,2.34066600140828e-13
"ENSG00000132109","green",0.44698128119017,0.0020825799399878,0.846502867056701,2.39327372517857e-13
"ENSG00000179115","green",0.2571002983199,0.0882054841173375,0.845867457407515,2.5981126694331e-13
"ENSG00000133398","green",-0.411104973041666,0.00502567140178773,-0.84580735931426,2.61832173804086e-13
"ENSG00000074800","green",0.361015248268237,0.014833955063502,0.84337548423696,3.57276607293547e-13
"ENSG00000117602","green",-0.339555804941258,0.0224905600578808,-0.841611742405591,4.4614966906e-13
"ENSG00000150593","green",-0.46115298292247,0.00143152385509884,-0.841601167390048,4.46740664181984e-13
"ENSG00000181284","green",0.375786028970583,0.0109619302939597,0.839563832527275,5.75493805210903e-13
"ENSG00000166012","green",-0.267874560746139,0.0752295237691605,-0.838777043613319,6.34026894143816e-13
"ENSG00000139626","green",0.406166135125001,0.00563286399347578,0.833767299938981,1.160921205688e-12
"ENSG00000096746","green",-0.223810641527134,0.139423856133317,-0.828212874710946,2.21868655055738e-12
"ENSG00000182149","green",0.235031805191963,0.120152320831589,0.827418055916876,2.42956668300948e-12
"ENSG00000164967","green",0.343987538180036,0.0206837058795208,0.827391712645918,2.43686994165128e-12
"ENSG00000027869","green",0.55122744908023,8.7001872522645e-05,0.826977648890784,2.55442096487252e-12
"ENSG00000174903","green",0.37582159982938,0.0109537694493769,0.82689559150145,2.5783434412091e-12
"ENSG00000183255","green",0.32859524388627,0.0275346627937619,0.826824865605654,2.59913194744598e-12
"ENSG00000146112","green",0.288954384576331,0.0542160134425586,0.826476756188593,2.70377841588913e-12
"ENSG00000071073","green",-0.232491364273179,0.124328372716895,-0.826401009536406,2.72706975820756e-12
"ENSG00000138279","green",-0.249076468678416,0.0989518154628712,-0.826144293580037,2.80742389315893e-12
"ENSG00000272888","green",-0.243263614947512,0.107346777350854,-0.826124749012911,2.81363217299343e-12
"ENSG00000105088","green",0.351394502269734,0.0179365238900166,0.825257255030652,3.10261764424991e-12
"ENSG00000128228","green",0.37859820822761,0.0103326026021512,0.824884809988753,3.23509421517994e-12
"ENSG00000108654","green",-0.453643078838086,0.00174957533362684,-0.824831958925083,3.25431997207262e-12
"ENSG00000204264","green",0.574283998197099,3.70743347982353e-05,0.824495055178165,3.37943415305345e-12
"ENSG00000168394","green",0.584666428947862,2.47165979102022e-05,0.824087024623972,3.5370422015714e-12
"ENSG00000213719","green",0.529280985203552,0.00018525254082518,0.823595718503538,3.73602349165057e-12
"ENSG00000198133","green",0.203430830862944,0.180141896125444,0.822260765333496,4.33138870296216e-12
"ENSG00000111860","green",-0.382634649851193,0.0094836211327072,-0.819274707603825,6.00289489130779e-12
"ENSG00000111640","green",0.522922830426002,0.00022841061576,0.818993871199602,6.18809762833475e-12
"ENSG00000125753","green",0.323596428959912,0.0301296765985655,0.818757167277563,6.34836960080185e-12
"ENSG00000146859","green",0.431109641978528,0.00311115795508981,0.818035151977497,6.86178023447395e-12
"ENSG00000031698","green",0.246237343880254,0.10298661278828,0.81798179654088,6.90123447092563e-12
"ENSG00000130772","green",0.322604176154912,0.0306681634398211,0.81642170732052,8.15411817605314e-12
"ENSG00000136003","green",-0.299113063646767,0.0459333884061251,-0.816234874141677,8.31778480259265e-12
"ENSG00000169714","green",-0.361144707131106,0.0147955357724349,-0.81446390462001,1.00308163302494e-11
"ENSG00000234545","green",-0.293875664545113,0.0500649112744667,-0.813871667404794,1.06743509642953e-11
"ENSG00000133884","green",0.148217808550207,0.331211255298717,0.813724469857932,1.08402342394495e-11
"ENSG00000187688","green",0.402716015455569,0.00609400420838885,0.813451965014339,1.11537670375336e-11
"ENSG00000125898","green",0.273150159918955,0.0694498580717824,0.812972216230303,1.17266255302275e-11
"ENSG00000242125","green",-0.348570152879348,0.0189452877444661,-0.812705514067995,1.20569742621112e-11
"ENSG00000122705","green",0.396996236534682,0.00693087668978205,0.811327055557333,1.39089664685646e-11
"ENSG00000175334","green",0.295663845980854,0.0486218013265426,0.811149459932233,1.41661972071152e-11
"ENSG00000149923","green",0.262930673252686,0.0809833590325546,0.810171828422825,1.56644165857393e-11
"ENSG00000196544","green",0.194541549564139,0.200342487205146,0.803931496110904,2.93646259284397e-11
"ENSG00000185670","green",0.395297957168751,0.00719777907883171,0.803033582115914,3.20843244036665e-11
"ENSG00000120910","green",-0.366088999832149,0.0133901902551382,-0.800872853212053,3.96335728361126e-11
"ENSG00000100804","green",0.482928272447973,0.000779339805288764,0.800081543310251,4.27949630053119e-11
"ENSG00000108523","green",0.304910758986596,0.0416874297793427,0.799356821705678,4.58973684415067e-11
"ENSG00000188452","green",-0.49428358997488,0.000558419908724607,-0.799105494759863,4.70218558514066e-11
"ENSG00000130706","green",0.40429232947133,0.00587939927123392,0.798321608347419,5.06981232855028e-11
"ENSG00000183978","green",0.137161120784901,0.368935271335803,0.797308052422148,5.58536208696718e-11
"ENSG00000068079","green",0.450623778753531,0.00189415249220133,0.797075491367758,5.71042650168902e-11
"ENSG00000142347","green",0.39086134360531,0.00793740776380785,0.79360750512033,7.91821347037897e-11
"ENSG00000179958","green",0.410985162568863,0.00503969678890274,0.79359623030116,7.92655241838429e-11
"ENSG00000134884","green",-0.266985871921694,0.076239353664299,-0.793053073225921,8.33821295647774e-11
"ENSG00000186395","green",-0.372125372141026,0.0118301209381478,-0.792322554154673,8.92368342583414e-11
"ENSG00000066322","green",0.40841601192601,0.00534877171920519,0.79098128601598,1.01006932087204e-10
"ENSG00000168569","green",0.261399203465416,0.0828339362239342,0.790324358622411,1.07290855766726e-10
"ENSG00000115484","green",0.333344676544825,0.0252440745701679,0.788976217336345,1.21356826459185e-10
"ENSG00000153283","green",-0.397833646886871,0.00680245497273243,-0.787230471182193,1.42158526189391e-10
"ENSG00000256537","green",-0.203577942699927,0.179820356850145,-0.786936937235126,1.45969809323637e-10
"ENSG00000106638","green",0.236093468997265,0.118438858777127,0.786834796315663,1.47318419495419e-10
"ENSG00000112096","green",-0.305955475164812,0.0409575373276283,-0.785952445715186,1.59466512954417e-10
"ENSG00000204568","green",0.221779681745624,0.14314419893697,0.783645679493275,1.95830534508461e-10
"ENSG00000185669","green",0.25901186918884,0.0857844423826075,0.781426068081248,2.38071011541559e-10
"ENSG00000189159","green",0.528332611009198,0.000191181119819253,0.780928221462264,2.48655484301646e-10
"ENSG00000159720","green",0.27871967247085,0.0637357625248128,0.780898191822529,2.49307875838255e-10
"ENSG00000154814","green",-0.535109675970561,0.000152330237197533,-0.77859090259324,3.04538472473175e-10
"ENSG00000167208","green",0.485488966542897,0.000723628683629221,0.778455435256591,3.08114794819521e-10
"ENSG00000247596","green",0.260248007809869,0.0842466372440755,0.777712696869446,3.2843520014647e-10
"ENSG00000159445","green",-0.281870926159345,0.0606725751953449,-0.777032231121909,3.48151792908952e-10
"ENSG00000165898","green",0.373056917774483,0.0116037918948104,0.776888493054065,3.52456556831622e-10
"ENSG00000130724","green",0.284661240647665,0.0580595200684145,0.776444528491005,3.66070833357831e-10
"ENSG00000135114","green",0.512898763607776,0.000315148029738324,0.776211438356592,3.73415007442805e-10
"ENSG00000100351","green",0.251499278533109,0.0956058634240254,0.775989390710505,3.80539887699667e-10
"ENSG00000137955","green",-0.244214489214187,0.105937511032336,-0.775776244300877,3.87499201143062e-10
"ENSG00000117222","green",0.300260709449907,0.0450661352451456,0.775410738450458,3.99712349763839e-10
"ENSG00000103150","green",0.391294288545679,0.0078624521364576,0.775312338593328,4.03061610678466e-10
"ENSG00000122140","green",0.509985037111127,0.000345418207923963,0.774332809034559,4.37871724911479e-10
"ENSG00000137207","green",0.193367227632884,0.203125774482584,0.770984301017862,5.79417841771663e-10
"ENSG00000062716","green",0.505027209027814,0.000402998924376769,0.769315399908978,6.65060009574154e-10
"ENSG00000271856","green",-0.400556424486487,0.00639904670858907,-0.768369427067795,7.18746211246333e-10
"ENSG00000203880","green",-0.434271573336594,0.00287640623364992,-0.768158579447367,7.31254708062521e-10
"ENSG00000159479","green",0.404677117493119,0.00582802147676131,0.767541483215651,7.69049185766798e-10
"ENSG00000134758","green",-0.379020365399344,0.0102408597500254,-0.767191190555303,7.91311743621842e-10
"ENSG00000141510","green",0.321355410972196,0.031357160975152,0.7667920668154,8.1741508786429e-10
"ENSG00000186827","green",0.456381588801456,0.00162699467648992,0.766570079850845,8.32281235953304e-10
"ENSG00000135148","green",0.28754739070005,0.0554524083254387,0.76455159209117,9.79609131918532e-10
"ENSG00000181830","green",0.205846340144556,0.174914350321872,0.763158569076388,1.09520547125678e-09
"ENSG00000079999","green",0.336744153871636,0.023704109435959,0.762200790459096,1.18198592566653e-09
"ENSG00000136888","green",-0.284894706385011,0.0578450401894427,-0.761790943749857,1.22105823873506e-09
"ENSG00000166669","green",-0.278076743073282,0.0643756013567382,-0.761189516181443,1.28059539374882e-09
"ENSG00000147894","green",-0.255233167033295,0.0906212140135664,-0.760007488791456,1.40563387162698e-09
"ENSG00000189091","green",0.192919637264844,0.204193733838977,0.758596596659083,1.5698771767606e-09
"ENSG00000106305","green",0.251077444898395,0.0961820548116243,0.758197639124541,1.61948859419882e-09
"ENSG00000183891","green",-0.239659183076027,0.112819134572024,-0.757987194683471,1.64624700124813e-09
"ENSG00000155876","green",0.296240049674548,0.048164032800838,0.75753788695165,1.7047721459238e-09
"ENSG00000223745","green",-0.345188988551073,0.0202154503390446,-0.757511960337712,1.70820813404746e-09
"ENSG00000113141","green",-0.384638771592623,0.00908487186476212,-0.757315318972342,1.73448088239588e-09
"ENSG00000213593","green",0.252842753690807,0.0937885354090042,0.75724238684514,1.74432119801478e-09
"ENSG00000132581","green",0.413450838637985,0.00475783057501684,0.757143242834694,1.75778217082004e-09
"ENSG00000204389","green",0.468765036241166,0.00116265340413882,0.75669672705439,1.81962359818369e-09
"ENSG00000160446","green",0.453518371531289,0.00175534734908885,0.75656703995143,1.83796400206148e-09
"ENSG00000131779","green",0.286987889080254,0.055950323982005,0.755985475593745,1.92236274746332e-09
"ENSG00000173786","green",0.489538980004437,0.000642771740613218,0.755700901428037,1.96497366520877e-09
"ENSG00000166289","green",0.407977716552313,0.00540311559557196,0.755412380711559,2.00907910883722e-09
"ENSG00000131876","green",-0.454289003350368,0.00171994748220437,-0.75526784166631,2.0315220416892e-09
"ENSG00000204438","green",0.197510225603272,0.193426401407383,0.755230753027371,2.03731869125345e-09
"ENSG00000135439","green",0.321929762095647,0.0310386926271312,0.75497432575891,2.0778227393951e-09
"ENSG00000167900","green",0.54573758542042,0.000105628043605769,0.754435484558611,2.16541005694711e-09
"ENSG00000057608","green",0.58201232362682,2.74520354516593e-05,0.754269311250548,2.19311231528953e-09
"ENSG00000005059","green",-0.498412290018719,0.000493256213316403,-0.753221624528815,2.37557208211688e-09
"ENSG00000198393","green",-0.442203312211629,0.00235478552192212,-0.751511416504496,2.70431101518366e-09
"ENSG00000103018","green",0.440806579517596,0.00244007689899482,0.750567927479313,2.90346869657592e-09
"ENSG00000030110","green",0.419675915001981,0.00410657266580294,0.746734765246084,3.86286973933103e-09
"ENSG00000177971","green",0.320230712009055,0.031988620875141,0.74648974342434,3.93333781683408e-09
"ENSG00000123395","green",0.414236443361968,0.00467096209110492,0.746127891853711,4.03961306836158e-09
"ENSG00000273015","green",-0.367076011575764,0.013123714771275,-0.745538093878984,4.21862379177826e-09
"ENSG00000108826","green",0.35846163794849,0.0156092970201533,0.74552193132207,4.22363242646141e-09
"ENSG00000169062","green",-0.441288024666581,0.00241037455826533,-0.744456881082129,4.56624681216802e-09
"ENSG00000178927","green",0.312061071919369,0.0368979175286209,0.744401639386803,4.58470924337206e-09
"ENSG00000260708","green",-0.347208247979992,0.0194485596542638,-0.743234372869693,4.9915708070892e-09
"ENSG00000133265","green",0.263466430783665,0.0803436667509178,0.742800785342217,5.1511393364779e-09
"ENSG00000156052","green",-0.272950774222612,0.0696617020902964,-0.742369988523082,5.31440519849348e-09
"ENSG00000133313","green",0.350053109053435,0.0184098180586982,0.74144545407529,5.68130019664562e-09
"ENSG00000123353","green",0.320446345207832,0.0318667462650073,0.741236837690838,5.76730666888642e-09
"ENSG00000111276","green",-0.565800979108341,5.11190071558764e-05,-0.741059170564017,5.84151399711175e-09
"ENSG00000028137","green",0.270317693390199,0.0725075785199645,0.740038810774042,6.28531197235191e-09
"ENSG00000258297","green",-0.400606298832539,0.00639185523684199,-0.739868451160307,6.36241687721962e-09
"ENSG00000169217","green",0.277675021226782,0.0647779810237976,0.739096980282585,6.72280917222991e-09
"ENSG00000145494","green",0.355819924775996,0.0164473067141925,0.738959374547204,6.78906779060647e-09
"ENSG00000204387","green",-0.531390473930779,0.000172658526093502,-0.738417804823868,7.05582706448779e-09
"ENSG00000150753","green",0.330229397447232,0.0267277738558956,0.737183245601977,7.7010730568943e-09
"ENSG00000197989","green",-0.31478118904599,0.0351989198382372,-0.73646968331624,8.09880555011605e-09
"ENSG00000170619","green",0.44558366737947,0.0021591662303775,0.735009849447188,8.97317494315521e-09
"ENSG00000081721","green",-0.303453376812866,0.0427233395239748,-0.734488046392134,9.30659954927551e-09
"ENSG00000171135","green",0.114858117235492,0.452471193225081,0.733469850382585,9.99087610771604e-09
"ENSG00000279602","green",0.527431519134793,0.000196972834666609,0.732491006339123,1.06928718939022e-08
"ENSG00000104518","green",0.257005561375615,0.0883268379321434,0.730747134661278,1.20592142416895e-08
"ENSG00000092330","green",0.415150241826134,0.00457166337226889,0.730541303749447,1.22308516992297e-08
"ENSG00000107281","green",0.563208796851395,5.62929962340149e-05,0.729833765818573,1.28384482349859e-08
"ENSG00000138172","green",0.12172586375408,0.425711078808671,0.729701377670418,1.29552277769542e-08
"ENSG00000257815","green",-0.353243218836165,0.0173011047707607,-0.729521740139973,1.31152761318177e-08
"ENSG00000274997","green",0.36601103647733,0.0134114340840096,0.728818434032307,1.37598636715661e-08
"ENSG00000245164","green",-0.562407149841161,5.79872973368467e-05,-0.728007548569376,1.45398057756173e-08
"ENSG00000142676","green",-0.38695581580381,0.00864193124193729,-0.726785019615088,1.5794235847857e-08
"ENSG00000143368","green",0.358430101755475,0.0156190831167303,0.726781045131842,1.57984743433851e-08
"ENSG00000119718","green",0.328641184699842,0.0275117051003263,0.726690142796098,1.58957060161745e-08
"ENSG00000197471","green",0.368445288014839,0.0127615324457833,0.725607071544468,1.70980925953108e-08
"ENSG00000114446","green",-0.257145214376755,0.0881479939721743,-0.725020291823453,1.77845314892342e-08
"ENSG00000112578","green",0.317949293940609,0.033301830302669,0.724602239475791,1.82892188965137e-08
"ENSG00000235863","green",0.20624670966565,0.174058549858815,0.722946553959198,2.04225864605099e-08
"ENSG00000233355","green",-0.527541562268567,0.00019625711989904,-0.720403050713732,2.415784883941e-08
"ENSG00000142252","green",0.448664032871926,0.00199356381934173,0.720011720915167,2.4786271390781e-08
"ENSG00000126456","green",0.244171541327805,0.106000856256493,0.71973873727457,2.52336592710625e-08
"ENSG00000123810","green",0.425065026052263,0.00360718725474761,0.717004872152279,3.01501316182849e-08
"ENSG00000135821","green",0.590718297572681,1.9388162033704e-05,0.715197396655107,3.38775244628e-08
"ENSG00000255717","green",-0.345102957011552,0.0202486812768539,-0.715058176308444,3.41817937937855e-08
"ENSG00000255150","green",-0.296408179386394,0.0480311212946184,-0.714217484232416,3.60740914499919e-08
"ENSG00000151239","green",-0.164423756727554,0.280446672497319,-0.713810046890203,3.702598577076e-08
"ENSG00000107951","green",-0.271427706023215,0.0712968676639291,-0.712968138907185,3.90677470976513e-08
"ENSG00000100605","green",0.31065297073294,0.0378035407163072,0.712378203093117,4.05605887148491e-08
"ENSG00000158985","green",-0.314393458791008,0.0354370869980118,-0.712195864567247,4.10326713205674e-08
"ENSG00000179454","green",-0.54183057172221,0.000121018803309917,-0.712018549681075,4.14966653989511e-08
"ENSG00000004478","green",0.225421303270093,0.136524845201659,0.710472413227979,4.57553913503064e-08
"ENSG00000165355","green",-0.191012985719714,0.20878717289308,-0.709499263038368,4.86415779939469e-08
"ENSG00000136518","green",0.517907349157082,0.000268661432165529,0.709123468981504,4.98009340069874e-08
"ENSG00000168061","green",0.164683867672127,0.279675932207759,0.707656068184025,5.45796399203331e-08
"ENSG00000102409","green",-0.444800088700263,0.00220318497741348,-0.707561959063042,5.49002715448294e-08
"ENSG00000103653","green",0.261331057494501,0.0829170432217767,0.707415720640572,5.54019999533419e-08
"ENSG00000175895","green",-0.236111937185118,0.118409216662315,-0.70700955723584,5.68180495794462e-08
"ENSG00000141543","green",0.31419192459311,0.0355614042119416,0.705251677413656,6.33452529564751e-08
"ENSG00000204282","green",-0.359321517401324,0.0153444628309478,-0.705123559610556,6.38473372987714e-08
"ENSG00000108953","green",0.659009453845738,8.56439608685284e-07,0.701851194942314,7.80029766342552e-08
"ENSG00000177733","green",-0.264460591611969,0.0791671387105741,-0.700822405982677,8.30259263491303e-08
"ENSG00000103550","green",0.219915861086353,0.146622562187134,0.700151255945054,8.64636555842861e-08
"ENSG00000235954","green",-0.388490451216454,0.00835891861216248,-0.699801073104513,8.83096144867341e-08
"ENSG00000230673","green",-0.333197356912987,0.0253126549032848,-0.699012648892063,9.26011148096426e-08
"ENSG00000100162","green",0.48202084564321,0.000799984493051738,0.696455559034779,1.07895838302153e-07
"ENSG00000113732","green",0.392206272683808,0.00770655879295467,0.696039975075875,1.10593558780927e-07
"ENSG00000185946","green",-0.214005771988256,0.158064527138172,-0.694572435736351,1.2063139746927e-07
"ENSG00000103415","green",0.118684962421244,0.437448357689282,0.69454134264545,1.20852980495975e-07
"ENSG00000126749","green",0.362913541865378,0.0142790142576912,0.694007453025092,1.24717400844318e-07
"ENSG00000215712","green",-0.334182702182892,0.0248569002911468,-0.693149116047961,1.31172503057646e-07
"ENSG00000241839","green",0.484519860307535,0.000744278757647587,0.691934494323188,1.40840497159775e-07
"ENSG00000007968","green",0.507277083848844,0.000375875657704235,0.69182531398488,1.41741301517625e-07
"ENSG00000197451","green",0.462032667731414,0.00139785742582611,0.691384196798579,1.45435734833797e-07
"ENSG00000128394","green",0.225974989200379,0.135538709281528,0.690495474652336,1.53153004966361e-07
"ENSG00000247287","green",-0.346787817363096,0.0196061807269109,-0.690490174456778,1.53200153104054e-07
"ENSG00000269893","green",-0.363819252703392,0.0140205285617042,-0.690469857945913,1.53381004874427e-07
"ENSG00000213782","green",-0.146432315858913,0.337134257057755,-0.690440044905351,1.53646752175085e-07
"ENSG00000198876","green",0.335597908115086,0.0242143274974132,0.68986054575121,1.58898274362364e-07
"ENSG00000169045","green",-0.199446458856074,0.189007739965969,-0.688766927892397,1.69267268486439e-07
"ENSG00000184357","green",0.417259103591304,0.00434951028630801,0.68839608175503,1.729241572545e-07
"ENSG00000141098","green",0.277761378882701,0.0646913135102197,0.688136283948053,1.7552969560528e-07
"ENSG00000173914","green",0.326328685468945,0.0286872675436192,0.68707870549338,1.8651830346798e-07
"ENSG00000272034","green",-0.327187413736343,0.0282459542444302,-0.687012071373795,1.87231670338789e-07
"ENSG00000138867","green",0.129820831127296,0.395345341828011,0.686906426266858,1.88367888101984e-07
"ENSG00000101811","green",0.380799082941948,0.00986194932249953,0.68634679058113,1.94494659045266e-07
"ENSG00000243646","green",0.272293843582308,0.070363302348868,0.686042868457607,1.97899188686396e-07
"ENSG00000144591","green",0.266358425005342,0.0769587303925686,0.684467896408482,2.16448655331484e-07
"ENSG00000122257","green",-0.0950084483091889,0.534725869726138,-0.68431670382418,2.18312000340926e-07
"ENSG00000121390","green",-0.380374714522118,0.00995123838099559,-0.684305686492919,2.18448363497196e-07
"ENSG00000172354","green",0.274717976874988,0.0678018060989089,0.684037490724934,2.21792424789371e-07
"ENSG00000010165","green",0.198680580625447,0.190746881735182,0.684027383166597,2.21919380238756e-07
"ENSG00000129255","green",0.322037949176505,0.0309790053442094,0.683155609036572,2.3312739069095e-07
"ENSG00000119138","green",-0.255897144375985,0.089756335049879,-0.681472837948208,2.5626691317999e-07
"ENSG00000163754","green",0.523278380050395,0.000225775883668498,0.681194014131657,2.6030137204953e-07
"ENSG00000244509","green",0.303482365516367,0.0427025315987181,0.680697078459671,2.67638722303364e-07
"ENSG00000131051","green",-0.0724777111821783,0.636115629076894,-0.680641020817885,2.68478395790648e-07
"ENSG00000069329","green",0.224503748419784,0.138170789524184,0.680542058353578,2.69966716596488e-07
"ENSG00000126870","green",-0.246455614534317,0.102672011361063,-0.680536026845876,2.70057673683461e-07
"ENSG00000166377","green",-0.387558659256658,0.00852978690513384,-0.67963266985299,2.84007230339935e-07
"ENSG00000101695","green",-0.242111145570422,0.109073969403055,-0.67904102211797,2.93503638358206e-07
"ENSG00000163832","green",0.280172482159249,0.0623085918791162,0.678354108323947,3.04899457163558e-07
"ENSG00000037757","green",-0.389747242607084,0.00813313540251442,-0.677715702229589,3.15858310293686e-07
"ENSG00000052802","green",0.389378960573954,0.00819874559674922,0.677701182519656,3.1611176396986e-07
"ENSG00000267737","green",0.454378431758928,0.00171588075956653,0.67629396209734,3.41593674308843e-07
"ENSG00000114125","green",-0.15093520179099,0.322322302784253,-0.675930017786349,3.48488087065618e-07
"ENSG00000009307","green",-0.336303819515187,0.0238990370810682,-0.675776623173612,3.51432516129681e-07
"ENSG00000155330","green",-0.0281888712699495,0.854161013334928,-0.673861060701959,3.9020420279367e-07
"ENSG00000280077","green",-0.471103424236492,0.00108962605155795,-0.673314350117087,4.01978282489547e-07
"ENSG00000166135","green",0.106188224713574,0.487523002389013,0.672109657018036,4.29098180518916e-07
"ENSG00000161980","green",0.11994252662454,0.43257277162142,0.671496922962135,4.43535448575126e-07
"ENSG00000184260","green",0.381497892029421,0.00971641666135672,0.671227674296751,4.50021193305433e-07
"ENSG00000133816","green",0.291215976426304,0.0522752197617529,0.670422558559096,4.69944776600377e-07
"ENSG00000140743","green",-0.30928490060947,0.0387008049382523,-0.670345789180413,4.71886728533883e-07
"ENSG00000273338","green",-0.265701624221248,0.0777174669984279,-0.669360720447914,4.97475853843307e-07
"ENSG00000101146","green",0.312036440329331,0.0369136048392713,0.668766905520176,5.13518195326106e-07
"ENSG00000123728","green",-0.087937951067618,0.565683393012287,-0.668304059100068,5.26354242691452e-07
"ENSG00000196839","green",0.397954711940157,0.0067840606233183,0.666947115264151,5.65724837830997e-07
"ENSG00000142961","green",0.109246734799187,0.474998824149415,0.666707465327595,5.72956026036879e-07
"ENSG00000060762","green",-0.22719720274582,0.133380700537617,-0.666508352483108,5.79029251710073e-07
"ENSG00000165929","green",-0.281136109848231,0.0613761180587216,-0.666334828196331,5.84370697060867e-07
"ENSG00000172922","green",0.422675826119665,0.00382159924658589,0.665672158007122,6.05193067297511e-07
"ENSG00000108344","green",0.385230296315922,0.00896997418186565,0.665664735936158,6.0543013702907e-07
"ENSG00000275418","green",-0.512422640022757,0.000319924618179214,-0.664784500705823,6.34165658817647e-07
"ENSG00000100714","green",0.360297073219154,0.0150486298136774,0.66460151612636,6.40296062111648e-07
"ENSG00000273344","green",-0.627443161816539,3.97476204923932e-06,-0.664130258470128,6.56338568587328e-07
"ENSG00000141101","green",0.353828506886497,0.0171039479873061,0.664062865537916,6.58663017534641e-07
"ENSG00000128335","green",0.445507291769267,0.00216342228216319,0.663811385535248,6.67404462261752e-07
"ENSG00000033011","green",0.113047841937195,0.45967442465517,0.663702677822869,6.71216386203868e-07
"ENSG00000163389","green",0.335920703466766,0.0240697243471878,0.662402818608111,7.18390625227513e-07
"ENSG00000265808","green",0.359365154418304,0.0153311254033238,0.661326181331642,7.59774841627479e-07
"ENSG00000161547","green",-0.0922873113978592,0.546541936995409,-0.660478769345644,7.93892658235384e-07
"ENSG00000184451","green",0.451856666512288,0.00183388569068621,0.660246014454872,8.03509511807575e-07
"ENSG00000138777","green",-0.155098193174541,0.308998802539905,-0.659481451686565,8.35865543896493e-07
"ENSG00000240291","green",-0.0918437116671297,0.548479948863009,-0.659403468341329,8.39232845017048e-07
"ENSG00000213185","green",-0.350106250329287,0.0183908692625677,-0.656912969384269,9.53630596558448e-07
"ENSG00000133422","green",0.267234755092078,0.0759554752203768,0.65687981334778,9.5524675998927e-07
"ENSG00000172336","green",0.402669578070937,0.00610042818352674,0.655967388361237,1.0007319189308e-06
"ENSG00000111481","green",0.111890473763238,0.464311935783791,0.655967189312814,1.00074205720113e-06
"ENSG00000002834","green",0.212895566989097,0.160284713475362,0.655876022128122,1.00539556555265e-06
"ENSG00000181929","green",-0.0240419306598894,0.875432158334271,0.654337816169125,1.08700063039547e-06
"ENSG00000129518","green",-0.222799349317169,0.141267278701039,-0.654230627088108,1.09291014421486e-06
"ENSG00000115875","green",-0.0711247102666745,0.642445997527304,-0.654010840417082,1.10512063777928e-06
"ENSG00000106049","green",-0.272710979502765,0.0699171574179377,-0.653954166656388,1.10828966227867e-06
"ENSG00000135446","green",0.0963726042320215,0.528849421575418,0.653544509795687,1.13144824361909e-06
"ENSG00000133134","green",-0.498491501659852,0.000492075826619465,-0.653134189408303,1.15509344537208e-06
"ENSG00000121741","green",-0.165183119759125,0.278200482217859,-0.653047315251069,1.16015808074023e-06
"ENSG00000109920","green",-0.303105612580823,0.0429736078715796,-0.652498406956462,1.19263765638682e-06
"ENSG00000281649","green",-0.308230178045461,0.0394044076520609,-0.651999785945515,1.22287034497222e-06
"ENSG00000114784","green",-0.0522788595871332,0.733056955166409,-0.65051322886122,1.31727284387994e-06
"ENSG00000111716","green",-0.583217919950381,2.61768334347129e-05,-0.650268114251989,1.33347232899745e-06
"ENSG00000232810","green",0.197084046191395,0.194408727313744,0.649840587977318,1.36216990431435e-06
"ENSG00000108439","green",0.254838634586927,0.0911381753890332,0.649376347571614,1.39397940960613e-06
"ENSG00000100911","green",0.668929752374397,5.09071592879563e-07,0.649055623222445,1.41635581688723e-06
"ENSG00000164530","green",0.401022233891759,0.00633215342833025,0.648995553616304,1.42058360167794e-06
"ENSG00000113649","green",-0.269350725877342,0.0735754458918547,-0.648908059842179,1.4267624626318e-06
"ENSG00000250461","green",-0.102073745199068,0.504638597910191,-0.64777260309339,1.50924059819781e-06
"ENSG00000164111","green",0.615156353506539,6.90648955339781e-06,0.647246188536561,1.54895826060849e-06
"ENSG00000134910","green",0.271108328555303,0.0716435689860742,0.646894420493819,1.57603629603616e-06
"ENSG00000131236","green",0.173064694902671,0.25558509155648,0.645165704513673,1.71559618007268e-06
"ENSG00000196182","green",0.164601283854516,0.279920487457427,0.645125064303165,1.71901068513737e-06
"ENSG00000103274","green",0.322174359582012,0.0309038825952943,0.64457730729972,1.76565039072223e-06
"ENSG00000151923","green",-0.180426909417339,0.2356044584894,-0.64445826732819,1.7759400280611e-06
"ENSG00000116133","green",0.287250700352553,0.0557159956892411,0.644181094218263,1.80011400420515e-06
"ENSG00000104419","green",0.297137387384452,0.0474580969138064,0.643029474997324,1.90385327329269e-06
"ENSG00000146729","green",-0.300759955835272,0.0446930441958056,-0.64263761189751,1.94039640038038e-06
"ENSG00000126461","green",0.165556086888792,0.277101585875152,0.641053010596861,2.09489051688202e-06
"ENSG00000089127","green",0.569958066579208,4.37215838189285e-05,0.640710961304355,2.12969940333663e-06
"ENSG00000163026","green",0.171142795364405,0.260982573360516,0.639969470362722,2.20700351453858e-06
"ENSG00000212694","green",-0.553291758438129,8.08102333005636e-05,-0.639816006599395,2.22332374395e-06
"ENSG00000152484","green",-0.13462136720895,0.37795089060563,-0.63954129889709,2.25281694574881e-06
"ENSG00000112079","green",0.115781083106479,0.448822456267172,0.639055957669144,2.30581070488024e-06
"ENSG00000100532","green",-0.0790793537324535,0.6056012644258,-0.638769329077826,2.33764663345565e-06
"ENSG00000112118","green",0.306367883150612,0.0406722982287149,0.637890878074957,2.43776745080587e-06
"ENSG00000226742","green",-0.451039700732792,0.00187362794255095,-0.63644821409206,2.61083988906537e-06
"ENSG00000010292","green",0.311283049405104,0.0373960753514718,0.636001604603524,2.66667931817329e-06
"ENSG00000158792","green",0.356006516672233,0.0163868901245739,0.635610196449455,2.71652300134715e-06
"ENSG00000132481","green",0.357333740963358,0.0159625496353602,0.635295726241553,2.75719173447546e-06
"ENSG00000221978","green",-0.34498132573537,0.0202957415525338,-0.635140165209886,2.7775170768553e-06
"ENSG00000184967","green",0.0989636573869234,0.517775831569231,0.634658474426612,2.8413360958151e-06
"ENSG00000081014","green",-0.362863595135889,0.0142933859998202,-0.634121532036745,2.91407191759136e-06
"ENSG00000263934","green",0.496661791924859,0.000519999836426417,0.634103385891623,2.91655985799299e-06
"ENSG00000146670","green",0.52328946490398,0.000225694185374613,0.633508139777407,2.99926865989725e-06
"ENSG00000089486","green",0.151420153260575,0.320751902284285,0.632748443785779,3.10797755075964e-06
"ENSG00000146872","green",-0.215337239658163,0.155431590095921,-0.632105581581656,3.20280107797329e-06
"ENSG00000124613","green",-0.215627845825379,0.154861219854457,-0.631104974023585,3.35572602973331e-06
"ENSG00000219665","green",-0.393768613432583,0.00744569824882082,-0.628797967998125,3.73438086056357e-06
"ENSG00000122481","green",-0.28813094731645,0.054936886129863,-0.628257103094578,3.82868758439274e-06
"ENSG00000136485","green",0.305847496647851,0.0410324893431068,0.628071671818875,3.86152302476409e-06
"ENSG00000119640","green",-0.308659523412576,0.0391167388562575,-0.627488606015294,3.96647259538757e-06
"ENSG00000178096","green",0.172311251902208,0.257692079840283,0.62725453619554,4.00934049069025e-06
"ENSG00000122034","green",-0.193226925989951,0.20346011388754,-0.627212780123689,4.01703258768047e-06
"ENSG00000113595","green",-0.307852853495959,0.0396586495328673,-0.626806106575013,4.09266405714636e-06
"ENSG00000244879","green",-0.265278952624586,0.0782088365619731,-0.626021867193527,4.24223987472735e-06
"ENSG00000169258","green",0.262394200254811,0.0816278948576471,0.625940519710579,4.25804061762933e-06
"ENSG00000186792","green",0.26194156535592,0.0821748212042013,0.625468923128761,4.3507182769968e-06
"ENSG00000210194","green",0.576967155996428,3.34302563883259e-05,0.625324687860527,4.37943300014777e-06
"ENSG00000205482","green",-0.346092233824239,0.0198693202280987,-0.624206477256692,4.60805807141633e-06
"ENSG00000270231","green",-0.336657696400982,0.0237422772004394,-0.624155177508077,4.61880632121286e-06
"ENSG00000119333","green",0.30774457524069,0.0397318550199942,0.623799278065871,4.69401348473464e-06
"ENSG00000167377","green",-0.353370833764585,0.017257954064017,-0.623433916144065,4.77239480900258e-06
"ENSG00000166532","green",-0.4174795961272,0.00432683727357017,-0.62273811705754,4.92501604388451e-06
"ENSG00000160695","green",0.064051067309998,0.675942443004508,0.622610269711353,4.9535441159726e-06
"ENSG00000161654","green",-0.26400834507015,0.0797006577958808,-0.621889665614407,5.11721369602342e-06
"ENSG00000067182","green",0.0165787420104677,0.913923224995848,0.621719145542954,5.1566668911911e-06
"ENSG00000100124","green",0.292088579834844,0.051541540153762,0.620164025313306,5.52964980533016e-06
"ENSG00000103005","green",0.220277227424875,0.145943333999897,0.619549848466569,5.68369212764571e-06
"ENSG00000149636","green",0.23254249147307,0.124243265503716,0.618953345074977,5.8370821569223e-06
"ENSG00000165071","green",-0.443434966880588,0.00228176983833119,-0.617197786509074,6.31095668483741e-06
"ENSG00000075218","green",0.276644235087428,0.0658196158101101,0.61703600863227,6.35636396802591e-06
"ENSG00000177556","green",0.197682904202534,0.193029387100593,0.616180044480963,6.60166763885744e-06
"ENSG00000178896","green",0.216486469369675,0.153184965926666,0.616037689767878,6.64330039670131e-06
"ENSG00000141741","green",0.387166153507838,0.0086026595363591,0.615919737053626,6.67797983183716e-06
"ENSG00000273271","green",-0.162868069821405,0.28508539118299,-0.615828180307557,6.70501352585265e-06
"ENSG00000025708","green",0.408418232894062,0.00534849755980459,0.61486238766681,6.99639074989684e-06
"ENSG00000234608","green",-0.348216190041248,0.0190750212623373,-0.614639997939887,7.06511775235268e-06
"ENSG00000188917","green",-0.410884998565935,0.00505144847576679,-0.614577540920345,7.08453099938564e-06
"ENSG00000151623","green",-0.38391630666508,0.00922692027946907,-0.61324108726411,7.51190172531247e-06
"ENSG00000229153","green",-0.413331008023004,0.00477120405700572,-0.612792123764232,7.66071953751218e-06
"ENSG00000130713","green",0.330341712873628,0.0266730474282268,0.612005965658127,7.92786757414296e-06
"ENSG00000162063","green",0.255595472564135,0.0901484866674504,0.611591094255308,8.07228187132223e-06
"ENSG00000248268","green",-0.497113265285315,0.000512980497192049,-0.611238677456741,8.19685570037207e-06
"ENSG00000274929","green",-0.464054924434181,0.00132311881821181,-0.610960658795799,8.29637798383094e-06
"ENSG00000085978","green",-0.224926747710287,0.137410174550723,-0.609848859550811,8.70559758423987e-06
"ENSG00000111665","green",0.399140655185732,0.00660613840173962,0.609465868643905,8.85081549224061e-06
"ENSG00000273356","green",-0.192323877341451,0.205621332898735,-0.609321489545592,8.9061360256572e-06
"ENSG00000273148","green",-0.251392429753619,0.0957515576866324,-0.609021845630025,9.02196571532124e-06
"ENSG00000113088","green",-0.346228898249067,0.0198173866115369,-0.607818029081435,9.50143156126178e-06
"ENSG00000090581","green",-0.171311154594446,0.260506736273211,-0.60730494494083,9.71282854790585e-06
"ENSG00000147162","green",-0.195043653867816,0.199160672569893,-0.606089878820393,1.02308354187338e-05
"ENSG00000049768","green",0.347580690452642,0.0193098226786481,0.605539711945038,1.04736445587324e-05
"ENSG00000171700","green",0.0016326599454798,0.991507464391919,0.604177472570795,1.10978543857925e-05
"ENSG00000279570","green",-0.358261890213233,0.0156713693583309,-0.603798326409921,1.12775781296913e-05
"ENSG00000123131","green",0.595586155090598,1.58914229143055e-05,0.600733914006788,1.28315273259452e-05
"ENSG00000243725","green",-0.048498581627043,0.751722039052055,0.599002428270484,1.37943155253801e-05
"ENSG00000100360","green",0.302358676789767,0.0435151808875269,0.598260250256777,1.42269811561303e-05
"ENSG00000126822","green",0.169384225037391,0.265987511001883,0.59818712098258,1.42702813408738e-05
"ENSG00000109079","green",0.479030413563157,0.000871527468996789,0.597350217590148,1.47745156947214e-05
"ENSG00000156171","green",-0.322094060184481,0.0309480860970374,-0.596886571410379,1.5060860713845e-05
"ENSG00000148840","green",0.150092481075393,0.325062743051097,0.596795891990602,1.51174565333231e-05
"ENSG00000164180","green",-0.387950343127701,0.00845759806543698,-0.596239281676716,1.54691575460339e-05
"ENSG00000087460","green",-0.106219151557002,0.487395506793594,-0.59509985890224,1.62126772388927e-05
"ENSG00000260083","green",-0.203065477113152,0.180942224064273,-0.594575572583838,1.65657038334001e-05
"ENSG00000076321","green",-0.207067204465657,0.172314154334452,-0.59337455957554,1.74011768611704e-05
"ENSG00000165322","green",-0.372696978971059,0.0116907997677914,-0.592378677202679,1.8123112010114e-05
"ENSG00000186020","green",-0.287733328816073,0.0552877276188296,-0.592081326593157,1.83439391194891e-05
"ENSG00000282988","green",0.174699100572837,0.251054300793485,0.590895000337869,1.92497780267433e-05
"ENSG00000173209","green",-0.400888450604579,0.0063513031771904,-0.589989992701491,1.99682236973383e-05
"ENSG00000198563","green",-0.0180912252214778,0.906104019010011,-0.589659670209812,2.02365247009642e-05
"ENSG00000115902","green",0.403588854462322,0.00597434727112194,0.589346168567574,2.0494219310877e-05
"ENSG00000106268","green",0.366566333514029,0.0132607484430187,0.589237923637265,2.05838924264315e-05
"ENSG00000123427","green",-0.230905428500079,0.12699018794838,-0.588825392617985,2.09289557392691e-05
"ENSG00000266338","green",-0.352163249738125,0.0176699444679429,-0.588759286364034,2.0984741458626e-05
"ENSG00000203644","green",-0.133788822555661,0.380934504619963,-0.587066270129948,2.24607813377896e-05
"ENSG00000167920","green",0.123841842372987,0.417649569456722,0.58620329038711,2.32492601967543e-05
"ENSG00000231752","green",-0.334336104268594,0.0247865671830233,-0.585272152864433,2.41284257240642e-05
"ENSG00000227039","green",-0.292063581028044,0.0515624427212246,-0.584725161591414,2.46589969180612e-05
"ENSG00000179163","green",0.309975024004733,0.0382460226581797,0.584468125041521,2.49119936406579e-05
"ENSG00000246898","green",-0.440230646452341,0.00247603251414472,-0.58408366388736,2.52948568723045e-05
"ENSG00000143771","green",0.411102162874362,0.00502599997858529,0.583882906504129,2.54969167680267e-05
"ENSG00000135637","green",0.0710757294377451,0.64267564122603,0.583027928327977,2.63741207356243e-05
"ENSG00000213638","green",0.230918428955146,0.126968195643458,0.582850206557645,2.65598998401703e-05
"ENSG00000162521","green",0.296613159294031,0.04786948088372,0.582663104774386,2.67567797184289e-05
"ENSG00000177889","green",0.4777353719123,0.000904246077028383,0.580701457757695,2.89030039849277e-05
"ENSG00000175265","green",-0.0703066063039018,0.646285938045044,-0.580096504975736,2.95960241394078e-05
"ENSG00000224086","green",-0.110585867318181,0.469569391079029,-0.579938278358104,2.97797793580531e-05
"ENSG00000123989","green",0.310179002626904,0.0381124456044556,0.579444544857841,3.03599128447199e-05
"ENSG00000204856","green",-0.479842338597337,0.00085155832301701,-0.579116088829258,3.07515610426945e-05
"ENSG00000135912","green",0.47963415129341,0.000856639258037201,0.578371158301129,3.16570180917746e-05
"ENSG00000183963","green",0.13081550556248,0.39170340063027,0.577161581047118,3.31793924198834e-05
"ENSG00000206337","green",0.373233891617087,0.0115612156573955,0.576819031544472,3.36225435306806e-05
"ENSG00000129932","green",0.417416767761897,0.00433328729674542,0.576739006944333,3.37268479333455e-05
"ENSG00000095564","green",-0.368691571719938,0.0126973024216547,-0.576691893006845,3.37883949021405e-05
"ENSG00000256043","green",-0.329415169375649,0.0271273147887148,-0.576457789154143,3.40957425387758e-05
"ENSG00000278867","green",-0.139418605409991,0.361030999541856,-0.576416701043035,3.41499491193847e-05
"ENSG00000255733","green",-0.612404278638053,7.79146055919519e-06,-0.576365348609237,3.42178080983027e-05
"ENSG00000185864","green",-0.391093882261873,0.00789707205974909,-0.575761492422056,3.50250792157919e-05
"ENSG00000227963","green",-0.195258503940664,0.19865647918638,-0.575325137070985,3.56192346806429e-05
"ENSG00000067167","green",-0.123777898080024,0.417891907116805,-0.573699860417413,3.79143524768968e-05
"ENSG00000152147","green",0.234383539526872,0.121207749450322,0.573362064205094,3.84080307247123e-05
"ENSG00000174243","green",0.289648782772412,0.0536140413730993,0.573133341137878,3.87456339035021e-05
"ENSG00000215788","green",-0.387689920066147,0.00850553607374649,-0.573071786121062,3.88369537311216e-05
"ENSG00000076513","green",-0.242515720380391,0.10846523992097,-0.570825005024128,4.23080427889891e-05
"ENSG00000084090","green",0.292776216459382,0.0509692543677032,0.569514160514124,4.44619663322942e-05
"ENSG00000187446","green",0.235871561564169,0.118795467330265,0.56938617242028,4.46775540616371e-05
"ENSG00000127483","green",-0.502950378591567,0.00042958737802881,-0.569383440983878,4.46821653883486e-05
"ENSG00000184465","green",-0.404263517825269,0.00588326206272477,-0.568588992676912,4.60420069466995e-05
"ENSG00000263753","green",-0.40857494166774,0.00532918407639315,-0.567752688831821,4.75142739148006e-05
"ENSG00000233822","green",0.0811724580407012,0.596060245195109,0.566829544672522,4.91892854448868e-05
"ENSG00000133104","green",-0.371403088005972,0.0120081962599261,-0.566714919883458,4.94009910921905e-05
"ENSG00000163875","green",-0.248222980991155,0.100151731238594,-0.56665323536834,4.95152632325124e-05
"ENSG00000116863","green",0.215878192892821,0.154371096439721,0.565607997518484,5.14886790692065e-05
"ENSG00000155158","green",-0.33689486353697,0.0236376994594854,-0.562882249013008,5.69776305445235e-05
"ENSG00000100092","green",0.348593003094183,0.0189369383756145,0.562605548227233,5.75636971965639e-05
"ENSG00000096996","green",0.507843585719954,0.000369310829355263,0.562514925142025,5.77568346866512e-05
"ENSG00000137767","green",0.337343203808862,0.023441058862904,0.562124276511395,5.85961820902096e-05
"ENSG00000106144","green",0.15370702550198,0.313411540116404,0.561467920440186,6.00315351706069e-05
"ENSG00000189114","green",0.240155158727901,0.11205379491516,0.560877286545753,6.13505197858237e-05
"ENSG00000224877","green",-0.372144601132068,0.0118254111644549,-0.560096350372453,6.3135084908479e-05
"ENSG00000197142","green",0.35092773699879,0.0181000364177301,0.559838715243025,6.37341328740683e-05
"ENSG00000229151","green",-0.42413653514273,0.00368922491542051,-0.55976978188272,6.3895292395357e-05
"ENSG00000223401","green",0.414835506029905,0.00460565423639842,0.559353682965203,6.4876013222611e-05
"ENSG00000167615","green",-0.372149680914221,0.0118241672367446,-0.558245642411432,6.75549544180694e-05
"ENSG00000204104","green",-0.31615833316776,0.0343636226708607,-0.557969737402662,6.82375221525588e-05
"ENSG00000085788","green",-0.38542361160226,0.00893269698617542,-0.557679090643918,6.89633581342075e-05
"ENSG00000198919","green",-0.466893039290188,0.00122422551260955,-0.55754888386884,6.92908032812137e-05
"ENSG00000113328","green",-0.111160671951383,0.467249073421877,-0.556786247707233,7.12373288789771e-05
"ENSG00000170540","green",0.234565763833211,0.120910369412025,0.555808476935011,7.38058767183035e-05
"ENSG00000137692","green",0.427973268056785,0.00336048804490785,0.554067772323569,7.85884828555021e-05
"ENSG00000184178","green",0.0204218155444632,0.894072802689473,0.552218313716341,8.39779142854247e-05
"ENSG00000111371","green",-0.260887684028625,0.0834593489905373,-0.551176218439029,8.71608833661168e-05
"ENSG00000275111","green",0.203052265098963,0.180971213352412,0.5511489045563,8.72457689585501e-05
"ENSG00000121350","green",-0.173631742783979,0.254006991340759,-0.5508919855018,8.80479100920902e-05
"ENSG00000134283","green",-0.129534597440729,0.396397015296458,-0.550853434201682,8.8168851042021e-05
"ENSG00000198169","green",-0.303927567860069,0.0423840046895305,-0.550447856936359,8.94504044785387e-05
"ENSG00000209042","green",0.248546276568427,0.0996959013573025,0.550120974929062,9.04956141365558e-05
"ENSG00000214517","green",-0.0821819484252782,0.591482426978341,0.550068054793397,9.06658690399926e-05
"ENSG00000117280","green",0.496878963058285,0.000516612639637185,0.548859047082675,9.46358172541389e-05
"ENSG00000163528","green",0.145399673991701,0.340589616586938,0.546895301052927,0.00010142244793454
"ENSG00000167553","green",0.499214944734597,0.000481412246122905,0.546864165515843,0.000101533529420626
"ENSG00000273437","green",-0.290559028736011,0.0528331163856488,-0.545858646142586,0.00010518096076207
"ENSG00000092421","green",-0.233925941508485,0.121956956917278,-0.545756677449236,0.000105557421241184
"ENSG00000216331","green",0.218442237817992,0.149416560276022,0.545575330091573,0.00010622997121375
"ENSG00000101057","green",0.401420685438522,0.00627541561130085,0.543013758809584,0.000116155579328838
"ENSG00000259658","green",-0.208650165210186,0.168984444438371,-0.541806153153447,0.000121121090932548
"ENSG00000135749","green",-0.209694282215347,0.166813813648907,-0.541475997423925,0.000122511824408599
"ENSG00000256594","green",-0.421956611355931,0.0038882924440057,-0.541430962589842,0.000122702647772863
"ENSG00000177628","green",0.214317266764753,0.157445655785363,0.54138633300648,0.000122892020432983
"ENSG00000158796","green",0.130841506955943,0.391608462270418,0.540997748977211,0.000124552122383398
"ENSG00000229052","green",-0.207641557728023,0.1711005915089,-0.539834297296741,0.000129645183439574
"ENSG00000123485","green",0.592681221844011,1.79009351621704e-05,0.53950353781336,0.000131127241611338
"ENSG00000156973","green",-0.455996071430526,0.00164377669057625,-0.539326342159578,0.000131927530437885
"ENSG00000169105","green",0.258723986352273,0.086145701539766,0.53920339835031,0.000132485399779626
"ENSG00000243836","green",-0.311959344497867,0.0369627408659056,-0.539026680473332,0.000133291028060513
"ENSG00000134575","green",0.200970078270967,0.185581526455593,0.538717206339243,0.000134712597213172
"ENSG00000151651","green",0.366556105227214,0.0132635108911088,0.538380355472415,0.000136275560890351
"ENSG00000169490","green",0.33843393639654,0.0229683780922347,0.537412922378576,0.000140856385515957
"ENSG00000135404","green",0.278976831750392,0.0634812622811995,0.53737621273594,0.000141032927975763
"ENSG00000264229","green",0.532307361894653,0.000167430730164838,0.536166499026226,0.00014696423360448
"ENSG00000186666","green",0.123137001431306,0.420325202721135,0.535950790807549,0.000148045344057813
"ENSG00000003509","green",-0.0421395173284864,0.78343312470687,-0.535936395561418,0.000148117748041283
"ENSG00000243716","green",-0.238275798428258,0.114974835527287,-0.535574446857586,0.000149948843511214
"ENSG00000120509","green",0.443413256337498,0.0022830393780397,0.534020127532469,0.000158047973402509
"ENSG00000181896","green",-0.407398257485779,0.00547569973197908,-0.533895082387814,0.000158716489172684
"ENSG00000231259","green",-0.194882042990697,0.199540522311433,-0.533386980111294,0.000161459374530711
"ENSG00000136448","green",0.419269617011745,0.00414656377066648,0.533042676503767,0.000163342391262754
"ENSG00000128294","green",0.306241092140326,0.0407598189279835,0.532902033428143,0.000164117289891504
"ENSG00000146918","green",0.315448682940931,0.0347919925001213,0.532474260525057,0.000166494720049024
"ENSG00000276368","green",0.3115876114995,0.0372004145883681,0.532274048923085,0.000167618128133592
"ENSG00000064932","green",0.40920726095396,0.00525186986317874,0.530792340106361,0.000176148193787126
"ENSG00000148843","green",0.0404409068364869,0.791965103595256,0.529931585383816,0.000181282326929806
"ENSG00000110315","green",-0.159971695727645,0.293854344181431,-0.528527282847021,0.000189950329068605
"ENSG00000138442","green",0.426553696801101,0.00347899147880421,0.528073896710872,0.000192827993198187
"ENSG00000161010","green",-0.543534929707884,0.000114070347957746,-0.527817660323925,0.000194471750857453
"ENSG00000115211","green",0.0995030533893213,0.515485216473914,0.52704579331923,0.000199500282262401
"ENSG00000023734","green",-0.130161128772341,0.394097146733505,-0.526576123826237,0.000202617405512015
"ENSG00000120798","green",-0.155949614396244,0.306317764066987,-0.526557219742554,0.000202743787322118
"ENSG00000163806","green",-0.160887836715144,0.291062008095047,-0.526081367031893,0.000205948674005711
"ENSG00000180822","green",-0.546373505936645,0.000103298723902674,-0.525884465120335,0.00020728818161098
"ENSG00000138604","green",-0.2197150377888,0.147001038691134,-0.525570294420579,0.000209441801234291
"ENSG00000171657","green",-0.241595465166465,0.109853643518707,-0.525478922258846,0.000210071942956178
"ENSG00000136830","green",0.0318344994253612,0.835544866059486,0.525315653208374,0.000211202191875634
"ENSG00000276141","green",-0.376663558434081,0.0107621174793209,-0.524812482525315,0.000214720163767293
"ENSG00000232162","green",-0.243826004179224,0.106511554902934,-0.524704104444658,0.000215484808964405
"ENSG00000184384","green",-0.576805846903222,3.36397081016492e-05,-0.524611039757065,0.000216143378965863
"ENSG00000134954","green",-0.389855837814104,0.00811387567534057,-0.524423193965888,0.000217478218184904
"ENSG00000261490","green",-0.471229624489985,0.00108580383075562,-0.524339310639544,0.000218076702612002
"ENSG00000160685","green",0.261928455239802,0.082190704980774,0.523193981301345,0.00022639880279502
"ENSG00000163611","green",-0.367540502546754,0.0129998838426482,-0.523118952832374,0.00022695386829557
"ENSG00000245146","green",-0.316052378369946,0.0344273032960641,-0.52275475993792,0.00022966572667741
"ENSG00000173598","green",-0.143281726572726,0.347744731983118,-0.522229790744274,0.000233626362790482
"ENSG00000108349","green",0.190851952239753,0.20917840983965,0.521973586822587,0.000235581643375807
"ENSG00000135631","green",0.505510995932254,0.000397022220155765,0.521140914690672,0.000242039045193969
"ENSG00000200156","green",0.329171692143549,0.027247749914415,0.520169224255296,0.000249776656988531
"ENSG00000143753","green",0.213224413170974,0.159624730881663,0.518730744067808,0.000261642380691077
"ENSG00000007264","green",0.192542504415073,0.205096634051445,0.518344838620383,0.000264911137002605
"ENSG00000167785","green",-0.257617467728068,0.0875452974123484,-0.518224782483324,0.000265935556089065
"ENSG00000136463","green",0.496155326518822,0.000527976789535759,0.517782911478791,0.000269736879252383
"ENSG00000104064","green",-0.459736064897499,0.00148726760599545,-0.517763137402963,0.00026990813357002
"ENSG00000184857","green",0.321996216012113,0.031002018445408,0.517395096600499,0.000273113553102543
"ENSG00000276291","green",-0.356976197477432,0.016075936159697,-0.516047205114953,0.000285148693506879
"ENSG00000263826","green",-0.149662498521046,0.326466618815139,-0.514277939273178,0.000301672844486908
"ENSG00000105053","green",0.212797863988549,0.16048118274844,0.513554447796608,0.000308675392107897
"ENSG00000149483","green",0.2798970441606,0.0625771918879642,0.511753960306786,0.000326743299323451
"ENSG00000147383","green",0.322631515377011,0.0306532206271782,0.511249618820107,0.000331972631095255
"ENSG00000163481","green",0.175341863151952,0.24928738206309,0.510882763444719,0.000335823724890013
"ENSG00000121289","green",0.213378228733254,0.159316709960684,0.510478838416183,0.000340110534606801
"ENSG00000213551","green",-0.169015497563713,0.267044946853105,-0.509940151598975,0.000345904348516191
"ENSG00000164073","green",-0.207631234010711,0.171122350073965,-0.509319706471071,0.000352687696687237
"ENSG00000100036","green",-0.0452567828725643,0.767841197074872,0.508934338409622,0.000356961091520022
"ENSG00000253816","green",-0.195801510684532,0.197386207344014,-0.507363040455199,0.000374872841757662
"ENSG00000059573","green",0.183450871782003,0.227715238581095,0.507296288241671,0.000375651399452965
"ENSG00000084652","green",0.060640024343277,0.692324036681838,0.50640169131834,0.00038622699711174
"ENSG00000187239","green",-0.278256657535843,0.064196038656275,-0.505274915857837,0.00039992870587164
"ENSG00000173821","green",0.291139426065056,0.0523399826595716,0.505069832003295,0.000402469123762114
"ENSG00000068654","green",0.296551476572618,0.047918075402653,0.504429957905332,0.000410489071079625
"ENSG00000033122","green",0.0389859695217557,0.79929233288619,-0.504260542251551,0.00041263642021994
"ENSG00000203804","green",0.362563266236765,0.014380062775198,0.50360434568715,0.000421049526646775
"ENSG00000167977","green",0.0388515114809805,0.799970350448864,0.503491132328395,0.000422516556778883
"ENSG00000253309","green",0.311958154343006,0.0369634998164669,0.502589766170796,0.00043436171052668
"ENSG00000119403","green",0.276988028713869,0.0654707343047595,0.502543780195354,0.000434973963223568
"ENSG00000105519","green",-0.270019744570151,0.0728353046273033,-0.502181725166435,0.000439821524387382
"ENSG00000248559","green",-0.284548829562234,0.0581630167550637,-0.501708436099862,0.000446231702494707
"ENSG00000275764","green",-0.156358578803363,0.305035280329331,-0.500918764349216,0.000457114284692308
"ENSG00000249784","green",0.500636359951063,0.000461063726003135,0.4999945286929,0.000470154161597681
"ENSG00000122694","green",0.350357358845114,0.0183015530523681,0.499336311246226,0.000479643795519873
"ENSG00000185722","green",0.270157385397982,0.0726837628376605,0.499135997265422,0.000482565747310621
"ENSG00000139946","green",-0.047115382237109,0.758587375033655,-0.498544627260271,0.000491285589194961
"ENSG00000163162","green",0.394708103632477,0.00729253946404678,0.498088660570707,0.000498105327204737
"ENSG00000223705","green",-0.370931721368241,0.012125640755943,-0.4974898248446,0.000507191147919091
"ENSG00000177302","green",0.134407355974625,0.37871651950045,0.496828575473333,0.000517396758494323
"ENSG00000255121","green",0.222994370335434,0.140910388092125,0.496724006504648,0.000519027448047399
"ENSG00000168092","green",0.29900680917687,0.046014363838521,0.496440410173924,0.000523473232677561
"ENSG00000103343","green",0.339887653226236,0.0223508291632868,0.496101189129283,0.000528835937341184
"ENSG00000167986","green",0.200804823809072,0.185950982717079,0.495963882773341,0.000531020592731672
"ENSG00000133943","green",0.475305508809757,0.000968610229256287,0.495553634411853,0.000537596363413481
"ENSG00000131943","green",0.483605008596109,0.000764255295687724,0.495331160257762,0.000541192852752124
"ENSG00000145569","green",-0.0901559669376164,0.555883193963897,-0.495003891715931,0.000546522720101285
"ENSG00000248544","green",-0.193818221125155,0.202053669753896,-0.494872860431685,0.000548669867221273
"ENSG00000172869","green",-0.126677504253208,0.406983467660409,-0.494396805230861,0.000556534668069793
"ENSG00000100445","green",-0.387626443663443,0.00851725609737143,-0.49435022359431,0.000557309644221294
"ENSG00000170629","green",-0.206244205734687,0.174063892686247,-0.493581104938489,0.000570246298249467
"ENSG00000140750","green",0.258762813378146,0.0860969091420686,0.492588722724039,0.00058733637392752
"ENSG00000196968","green",0.421392682764811,0.00394129673446966,0.49253551174805,0.000588265585210063
"ENSG00000122068","green",-0.161654687056521,0.288737977535532,-0.492382021379642,0.000590953349754978
"ENSG00000197568","green",0.301632757319967,0.044046831024312,0.492295452750769,0.000592474106155066
"ENSG00000108465","green",-0.195303188487931,0.19855173015053,-0.490877107018159,0.000617895526108377
"ENSG00000181038","green",-0.391324019459041,0.00785732734411252,-0.490451274249741,0.000625716543407708
"ENSG00000231707","green",-0.143191293749349,0.348052281387541,-0.490278377456055,0.00062891729927111
"ENSG00000100418","green",0.255938577280562,0.0897025788794172,0.490248534563222,0.000629471250243363
"ENSG00000106610","green",-0.198867813271765,0.190320671802404,-0.490163062551592,0.000631060224757622
"ENSG00000167325","green",0.233361051138197,0.122886639537521,0.48969898027021,0.000639750748127953
"ENSG00000006125","green",0.358792763681849,0.0155068580506138,0.489645572996598,0.000640757721261409
"ENSG00000270553","green",-0.146981941214968,0.335304033305414,-0.48899421049659,0.00065315379272969
"ENSG00000126243","green",0.250910085761166,0.0964113953684091,0.488899846804493,0.00065496734658024
"ENSG00000238000","green",0.657681358692329,9.16879210332212e-07,0.486648648103259,0.000699593213277119
"ENSG00000160796","green",0.309585864498125,0.0385019317399701,0.48319372575811,0.000773391354711952
"ENSG00000229809","green",0.23633806912899,0.118046721511262,0.482109672597052,0.00079794222388261
"ENSG00000221829","green",0.240032087371242,0.112243336758475,0.481970982283724,0.000801132977293256
"ENSG00000143153","green",-0.0957640297578489,0.53146708847052,-0.48190072451757,0.000802753702034513
"ENSG00000198171","green",0.335196904328286,0.0243949766953661,0.480159491904085,0.000843869791950858
"ENSG00000125462","green",0.177987534524767,0.242102977668925,0.477494518762754,0.000910450749261837
"ENSG00000257365","green",0.321147135655656,0.0314733121575141,0.474929072621324,0.000978939344824353
"ENSG00000178035","green",0.0494115345229955,0.747201036514849,0.474611554701192,0.000987728125925824
"ENSG00000124222","green",-0.267804526584576,0.075308720274511,-0.474476390893674,0.000991490736960358
"ENSG00000178234","green",-0.338610373253446,0.0228926727132602,-0.474153974915797,0.0010005176748739
"ENSG00000124541","green",0.361872767858656,0.0145810419072997,0.473177247329732,0.00102831331237539
"ENSG00000130766","green",0.31582269413934,0.0345656813108724,0.472974730056954,0.00103416203987282
"ENSG00000136816","green",0.243529905472125,0.106950679151038,0.471807220241325,0.00106846237012468
"ENSG00000272583","green",-0.388054386363963,0.00843851129572422,-0.471691894049957,0.0010719049988776
"ENSG00000087266","green",0.277661993444773,0.0647910635678119,0.471592136401554,0.00107489086371193
"ENSG00000116014","green",0.150939124551119,0.322309580475222,0.469430541757777,0.00114143841443361
"ENSG00000207523","green",0.0637701955095544,0.677285882463955,-0.469166250591754,0.00114982183312667
"ENSG00000279330","green",-0.275827988055992,0.0666538636933191,-0.468848599383539,0.00115997043050682
"ENSG00000231365","green",-0.301083237494318,0.0444527963244871,-0.467526283362116,0.00120307995769585
"ENSG00000160753","green",0.235757271233291,0.118979450057922,0.466516635469767,0.0012369507957564
"ENSG00000227213","green",-0.395029514454196,0.00724077161796189,-0.465567647965268,0.0012695580237246
"ENSG00000166405","green",-0.139412655696857,0.361051695994899,-0.464359329364496,0.00131218200525243
"ENSG00000236188","green",-0.121698557926659,0.425815678374869,-0.464350645909241,0.00131249287077692
"ENSG00000131849","green",0.253307081072664,0.0931666894981972,0.463977096926403,0.00132592802954037
"ENSG00000198925","green",-0.0258016738811776,0.86639430590257,0.463721521726691,0.0013351904675778
"ENSG00000180389","green",0.247787386548095,0.100768429115382,-0.463260696549639,0.0013520370351696
"ENSG00000279474","green",-0.151303323972613,0.321129784547157,-0.462658744285357,0.00137432749856911
"ENSG00000161381","green",-0.394036388412796,0.00740176380192883,-0.462616095762756,0.00137591911208763
"ENSG00000144589","green",-0.0652038066659144,0.67043922643144,0.461708495208815,0.00141018103038385
"ENSG00000138035","green",0.0155198000090796,0.919402553866513,-0.461131870732247,0.00143234061980018
"ENSG00000103888","green",-0.158820230632442,0.297388429862204,-0.460655599151209,0.00145087648504109
"ENSG00000129465","green",0.122713699883006,0.421936745993785,0.458191993026956,0.0015502019918624
"ENSG00000196935","green",-0.131104052239966,0.390650590955162,-0.457227014268296,0.00159072358621313
"ENSG00000213939","green",-0.0204544571696019,0.893904457159001,-0.456074676367841,0.00164034251564128
"ENSG00000232593","green",-0.236705378067788,0.117459706642023,-0.455812517516336,0.00165182083864541
"ENSG00000221923","green",-0.429490309765805,0.00323777971418924,-0.455280492337375,0.00167533422236648
"ENSG00000131791","green",-0.448835669456833,0.00198467645061176,-0.454495736614548,0.00171055929505453
"ENSG00000063660","green",0.168670929872705,0.268035614589351,0.453214050331118,0.00176950362297196
"ENSG00000129667","green",0.302340719062674,0.0435282694401047,0.45286082604759,0.00178606156912168
"ENSG00000140105","green",0.381844921244031,0.00964483360635755,0.452837917002051,0.0017871401932728
"ENSG00000166965","green",0.0942898003511523,0.537834353635933,0.452544378989752,0.00180101199130278
"ENSG00000124098","green",-0.441532704471572,0.00239540190831756,-0.452281848439997,0.00181349920625944
"ENSG00000186715","green",-0.355657574224063,0.0165000276171737,-0.451915659334782,0.00183104504502805
"ENSG00000150403","green",-0.232489423424154,0.124331604351431,-0.451413413803113,0.00185535454840763
"ENSG00000145687","green",-0.426479974416867,0.00348524463440169,-0.450702624388868,0.00189024646166019
"ENSG00000088970","green",-0.202235567779414,0.182769641648945,-0.450389247157576,0.00190581352802993
"ENSG00000203705","green",-0.145987228605546,0.338620904734462,-0.448176809170402,0.002018984529147
"ENSG00000198246","green",0.295008818114263,0.0491464650422009,0.443440483303738,0.00228144736086488
"ENSG00000014919","green",0.481387144793846,0.000814690471975046,0.442934574693176,0.00231118961751934
"ENSG00000126790","green",-0.475842780679153,0.000954036465183785,-0.440358849724378,0.00246798856442338
"ENSG00000173482","green",-0.265218276972203,0.0782795737564996,-0.437104436922128,0.00267947628860337
"ENSG00000186564","green",0.202029958292927,0.183224415579958,0.436551751739753,0.00271693634403752
"ENSG00000245149","green",-0.300350712511697,0.0449986886959956,-0.436548916074676,0.00271712972420665
"ENSG00000171621","green",0.298044265696229,0.0467532038602613,0.434944253159122,0.00282852539751564
"ENSG00000189136","green",-0.191938701614312,0.206548031374996,-0.43388915888458,0.0029039430721308
"ENSG00000183172","green",-0.136350597213991,0.371798343565754,-0.433364148127846,0.00294212577683701
"ENSG00000104973","green",0.271938076531609,0.0707455879146465,0.432930325758544,0.00297400920257373
"ENSG00000270361","green",0.0748573235971385,0.625044167633786,0.432613931068541,0.00299745367959042
"ENSG00000270344","green",-0.40045113811322,0.00641425119737811,-0.429674455059417,0.00322315612997567
"ENSG00000100908","green",0.129059146146055,0.398147503701822,0.427104165883418,0.00343261091425063
"ENSG00000274020","green",-0.348953435203296,0.0188056480209069,-0.426356911943507,0.00349570480658932
"ENSG00000217165","green",-0.288957168338267,0.0542135893926857,-0.424517403098916,0.00365537719682792
"ENSG00000164347","green",0.224342956323571,0.138460736773274,0.423116429750761,0.00378123877397288
"ENSG00000183837","green",-0.430827374563621,0.00313291107847162,-0.422947014012141,0.00379671329112919
"ENSG00000265817","green",-0.145960377230496,0.338710721346898,-0.421236203486669,0.00395611608604989
"ENSG00000196700","green",0.136556545327763,0.371069601468689,0.420749694678874,0.00400250297339079
"ENSG00000139190","green",-0.23414252174337,0.121601924456977,-0.420011859418664,0.00407376163846275
"ENSG00000221838","green",0.134742867091652,0.377516632297099,0.418095442631356,0.00426405688074178
"ENSG00000138050","green",0.0591511901311709,0.699518485728714,-0.414783099368937,0.00461133543698155
"ENSG00000104863","green",-0.557726200470284,6.8845234030743e-05,-0.409675551075569,0.00519524315834426
"ENSG00000164048","green",-0.256018207138454,0.089599335150157,-0.408993743020617,0.00527786689658393
"ENSG00000225889","green",-0.302008319832013,0.043771119466919,-0.408407717886372,0.00534979565523659
"ENSG00000099251","green",-0.274978221780604,0.0675312706197981,-0.407044055788902,0.00552048441266326
"ENSG00000182247","green",-0.418146001461242,0.0042589383948042,-0.405699138107428,0.00569344956174364
"ENSG00000145491","green",0.117034472291199,0.443893362626394,0.405663590820395,0.00569808439213947
"ENSG00000125834","green",0.231415632545926,0.126129241856929,0.405351715499306,0.00573888912454309
"ENSG00000182752","green",-0.013720923322783,0.928718892991718,-0.404293550034068,0.00587923567847358
"ENSG00000187824","green",-0.449151044442038,0.0019684376552457,-0.40358597594126,0.0059747385058352
"ENSG00000262879","green",-0.196809619865429,0.195043134531962,-0.401810725475377,0.00622030350439105
"ENSG00000116198","green",0.118677285718774,0.437478213686965,0.39712129491565,0.00691156588057984
"ENSG00000165501","green",0.0830138988311643,0.58772147114468,0.395113189697294,0.00722734680298735
"ENSG00000155957","green",-0.262956755348514,0.0809521250501513,-0.38747257569279,0.0085457234534319
"ENSG00000196923","green",-0.090169594818968,0.555823227780732,0.386408708071435,0.00874480506605321
"ENSG00000068724","green",0.281735035861061,0.0608021939911275,0.385060640659551,0.00900279936774606
"ENSG00000144136","green",0.314756289799061,0.0352141747525041,0.37775533028812,0.0105178878818111
"ENSG00000267472","green",0.128690238130717,0.399508817185465,0.375443065693745,0.0110408823064859
"ENSG00000233264","green",-0.109291912087804,0.474815115474222,-0.362634954003551,0.0143593327259544
"ENSG00000249592","green",-0.328631659457119,0.027516463776716,-0.362164268060834,0.0144959073241075
"ENSG00000216809","green",-0.247110817593194,0.101732071270042,-0.355311493556406,0.0166128900781018
"ENSG00000225507","green",-0.11500011773453,0.451908776421729,-0.341038855950633,0.0218717237345719
"ENSG00000113272","green",-0.108197690079222,0.479275217613088,-0.33950300104471,0.0225128615121889
"ENSG00000278493","green",-0.215235150490496,0.155632324262087,-0.322146969170429,0.030918954689855
"ENSG00000117632","magenta",0.471648452287026,0.00107320435191378,0.940060294822098,1.04029249149609e-21
"ENSG00000171848","magenta",0.549615934000596,9.21323679143925e-05,0.906424275583901,1.06661285309869e-17
"ENSG00000157456","magenta",0.498844982667482,0.000486839256958767,0.894247988952425,1.30597328969493e-16
"ENSG00000175063","magenta",0.561797457000633,5.93069244831934e-05,0.873889426054303,4.66055773626247e-15
"ENSG00000089685","magenta",0.510604754400489,0.000338768937952396,0.869945815145731,8.67232692059336e-15
"ENSG00000137804","magenta",0.495585829568071,0.000537077682690591,0.834476417726157,1.06696365879629e-12
"ENSG00000176890","magenta",0.437079182154095,0.00268117803805222,0.809887205649389,1.6127920707744e-11
"ENSG00000088325","magenta",0.512603970952873,0.000318097812905622,0.807271603263958,2.10367026249385e-11
"ENSG00000164032","magenta",0.450363435391628,0.00190710077787767,0.801557778277493,3.70761360567566e-11
"ENSG00000134057","magenta",0.609888948403664,8.69052473519082e-06,0.796298447179598,6.14769541177732e-11
"ENSG00000164611","magenta",0.483903466809616,0.000757686092390293,0.796268225433506,6.16532320083048e-11
"ENSG00000117399","magenta",0.404647026151923,0.00583202522680441,0.784214190692022,1.86206420888666e-10
"ENSG00000097021","magenta",0.59639085107554,1.5372649112272e-05,0.782644960016817,2.13917568295481e-10
"ENSG00000154839","magenta",0.31726695469168,0.0337031250613589,0.779796618246821,2.74382993969521e-10
"ENSG00000035499","magenta",0.28315794228584,0.0594558765166438,0.776580118354956,3.61861379272961e-10
"ENSG00000145386","magenta",0.470465520731191,0.00110913040474025,0.76614719239561,8.61306658979738e-10
"ENSG00000104738","magenta",0.40129728419384,0.0062929400667972,0.759349613303405,1.48010078059202e-09
"ENSG00000123975","magenta",0.629518454955251,3.6120866602511e-06,0.759211177060464,1.49623525645487e-09
"ENSG00000164687","magenta",0.482981048707926,0.000778153909683111,0.753576850389755,2.31216946607258e-09
"ENSG00000169679","magenta",0.316028784653304,0.0344414967480774,0.746349389347027,3.97424456002493e-09
"ENSG00000161888","magenta",0.388797009161513,0.00830335258081708,0.742824019238687,5.14246901407837e-09
"ENSG00000131153","magenta",0.436444329457964,0.00272427055861049,0.739663792529629,6.45621717178144e-09
"ENSG00000143476","magenta",0.306866024017893,0.0403299301643494,0.739077205193522,6.73229367114325e-09
"ENSG00000109255","magenta",0.399012187434122,0.00662521442110455,0.736421287287251,8.12646589087823e-09
"ENSG00000172965","magenta",0.581926804276544,2.75446198156006e-05,0.736178007595985,8.266855569915e-09
"ENSG00000166803","magenta",0.501422189633708,0.000450149271160853,0.728203314336552,1.43478109030189e-08
"ENSG00000278272","magenta",0.527986840760625,0.000193385040343241,0.727907040699355,1.46393089989208e-08
"ENSG00000126067","magenta",0.535853077060811,0.000148537448066245,0.725572200860283,1.71381829391644e-08
"ENSG00000184613","magenta",-0.672485600311967,4.20457706013708e-07,-0.723011284252815,2.03349853815314e-08
"ENSG00000166851","magenta",0.45426726831389,0.00172093716476383,0.718479497249145,2.73968741038361e-08
"ENSG00000093009","magenta",0.286768844698846,0.0561462330551334,0.705327860724448,6.30484457797186e-08
"ENSG00000225131","magenta",0.716591670876796,3.09667752955466e-08,0.700706255152869,8.36115941330532e-08
"ENSG00000109805","magenta",0.225023148816373,0.137237267777837,0.700433720864258,8.50009590808132e-08
"ENSG00000126787","magenta",0.249064339043798,0.0989687905935543,0.700207381017613,8.61711655256476e-08
"ENSG00000115163","magenta",0.413221207550308,0.00478348693232563,0.698169413427125,9.74057248359623e-08
"ENSG00000174371","magenta",0.393328039968269,0.00751847500691079,0.697005841954552,1.04418081457047e-07
"ENSG00000113319","magenta",-0.527065925643149,0.000199367643240697,-0.693067108892241,1.31805262541513e-07
"ENSG00000168496","magenta",0.333093501898788,0.0253610949538268,0.691500252093084,1.44455149798657e-07
"ENSG00000184661","magenta",0.390785910045101,0.00795053048653656,0.689638998774747,1.6094979140392e-07
"ENSG00000155380","magenta",0.475569482344862,0.00096142516154483,0.687471368618433,1.82365705811836e-07
"ENSG00000081985","magenta",0.496276915176935,0.000526051775056977,0.680106775671361,2.76604649435809e-07
"ENSG00000106462","magenta",0.320781187968924,0.0316782562633301,0.679596138525499,2.84585203680564e-07
"ENSG00000085840","magenta",0.196119239894594,0.196645598802674,0.677413048357179,3.21180682090031e-07
"ENSG00000170312","magenta",0.505698232311934,0.00039473061490536,0.676594967652706,3.35987622383075e-07
"ENSG00000004468","magenta",0.229347309139842,0.12964675367417,0.673104499136789,4.06584758763277e-07
"ENSG00000131747","magenta",0.3891376664759,0.00824197987395494,0.666874747358112,5.678994792326e-07
"ENSG00000162645","magenta",0.432905510435018,0.0029758421410341,0.66566169484397,6.05527298020773e-07
"ENSG00000092853","magenta",0.608061550228178,9.40258762143163e-06,0.662363228451551,7.19874584366219e-07
"ENSG00000122952","magenta",0.201523605128601,0.184347831559317,0.659571617780303,8.31987825334367e-07
"ENSG00000228716","magenta",0.470121116404185,0.0011197896804533,0.65811978959033,8.965026960602e-07
"ENSG00000109674","magenta",0.236161326338422,0.118329972840327,0.657381929700314,9.31041498939723e-07
"ENSG00000112312","magenta",0.317922161780087,0.0333177115402138,0.657129766364715,9.4312536629206e-07
"ENSG00000197457","magenta",-0.41324807355725,0.00478047900829677,-0.654290576175234,1.08960138911279e-06
"ENSG00000111530","magenta",0.326454260189002,0.0286223775976254,0.652510634181972,1.1919050685687e-06
"ENSG00000011523","magenta",-0.551844909388474,8.51060565718643e-05,-0.651594620841422,1.24795808773859e-06
"ENSG00000117650","magenta",0.505354592328231,0.00039894563829852,0.649564462568272,1.38100782001106e-06
"ENSG00000090889","magenta",0.350229303117785,0.0183470550317285,0.646726973232356,1.58907932921526e-06
"ENSG00000197928","magenta",-0.404287028743991,0.00588010977682178,-0.642864914656792,1.91912101322358e-06
"ENSG00000163808","magenta",0.360893021541315,0.0148703058592802,0.640982603501869,2.10201220969913e-06
"ENSG00000137807","magenta",0.445119875616826,0.00218512557251707,0.634362335638785,2.88124162689363e-06
"ENSG00000115415","magenta",0.525590406243525,0.000209303331466238,0.631565103017675,3.2845844167354e-06
"ENSG00000197880","magenta",-0.658083137536433,8.981899054175e-07,-0.628922469486301,3.71297849863444e-06
"ENSG00000198520","magenta",-0.533334631504856,0.000161744396890573,-0.628389669970097,3.80537148168033e-06
"ENSG00000142945","magenta",0.385505886599607,0.0089168723328469,0.62516599843889,4.41122739909888e-06
"ENSG00000182481","magenta",0.465071994503845,0.00128689101024425,0.623536780598547,4.75020592811873e-06
"ENSG00000152969","magenta",0.286165660471797,0.0566885578815318,0.623425147274048,4.77429075970479e-06
"ENSG00000152253","magenta",0.423976312507853,0.00370354580117162,0.622251767459259,5.03435639936311e-06
"ENSG00000127564","magenta",0.38055240457598,0.00991376742396435,0.620156767189566,5.53144750926541e-06
"ENSG00000203760","magenta",0.390283033764076,0.00803849259097809,0.609214465450647,8.94734887043715e-06
"ENSG00000112759","magenta",0.203132065980927,0.180796167976147,0.606956785854673,9.85873113803602e-06
"ENSG00000148773","magenta",0.415837396248075,0.00449821246475537,0.605070085705872,1.06850920051496e-05
"ENSG00000066279","magenta",0.402265676229402,0.0061565509616251,0.602925643076979,1.17014713876351e-05
"ENSG00000143870","magenta",0.418601951265917,0.00421302103363784,0.598013841011971,1.43733652288529e-05
"ENSG00000158813","magenta",-0.318934068508174,0.0327296274532622,-0.597408867216016,1.4738652747289e-05
"ENSG00000173207","magenta",0.293926000080561,0.0500238207741674,0.595269117770578,1.61001916335116e-05
"ENSG00000065328","magenta",0.353594310960234,0.0171826085334757,0.59521598857255,1.61354226469712e-05
"ENSG00000088992","magenta",0.329922605785221,0.0268777369033434,0.594795863634012,1.6416520166785e-05
"ENSG00000156463","magenta",0.352884353947967,0.0174229379399936,0.588220241298101,2.14447489495264e-05
"ENSG00000104147","magenta",0.256774413072185,0.0886234734262828,0.582641258907803,2.67798542670637e-05
"ENSG00000171241","magenta",0.464878472038839,0.00129371544592953,0.58120410959114,2.83385217465495e-05
"ENSG00000051180","magenta",0.403989622491838,0.00592009364041682,0.579784686254191,2.99591514542838e-05
"ENSG00000144749","magenta",-0.334815306484257,0.0245679282984383,-0.577376642522789,3.29039101681626e-05
"ENSG00000181019","magenta",0.248117748683979,0.100300448526609,0.574690421302092,3.64999641151929e-05
"ENSG00000244932","magenta",-0.396654712861023,0.00698385112524202,-0.572992024572418,3.89555767102687e-05
"ENSG00000171320","magenta",0.255871910934459,0.0897890858532123,0.571571897276712,4.11238840100849e-05
"ENSG00000176533","magenta",-0.392941566341544,0.00758282083218399,-0.571039926677138,4.19641400727188e-05
"ENSG00000165304","magenta",0.198120294067995,0.192026346175953,0.568891668866241,4.55195233242141e-05
"ENSG00000118193","magenta",0.420113318717376,0.00406389752607379,0.56732604479119,4.82818155947047e-05
"ENSG00000154027","magenta",-0.513723339699485,0.000307027716799155,-0.567263846266804,4.83946535169382e-05
"ENSG00000180198","magenta",0.108846993820079,0.476625967121506,0.566018831726711,5.07046073910251e-05
"ENSG00000197912","magenta",-0.505357979808202,0.000398903891028838,-0.565711160741103,5.12907588376684e-05
"ENSG00000175305","magenta",0.443930733931428,0.00225294869617325,0.56540403815762,5.18820328911293e-05
"ENSG00000134690","magenta",0.338323838159276,0.0230157251308445,0.563782495835298,5.51083531844505e-05
"ENSG00000114812","magenta",-0.544434334084405,0.000110551682835996,-0.556935593519683,7.08522627674542e-05
"ENSG00000146904","magenta",-0.255942381621525,0.0896976442780584,-0.556255315111481,7.26217619837472e-05
"ENSG00000144354","magenta",0.387994640941822,0.00844946706881569,0.552331609956563,8.36383234390742e-05
"ENSG00000151692","magenta",-0.303474167497047,0.0427084152517191,-0.546782942759675,0.00010182382708852
"ENSG00000160050","magenta",0.275787293295817,0.0666956746743461,0.544315564284582,0.000111010609007381
"ENSG00000143179","magenta",0.289192753673244,0.0540087617474309,0.538781603284781,0.000134415660394421
"ENSG00000178015","magenta",-0.427451715081332,0.00340360796179764,-0.538007064254471,0.000138026828155562
"ENSG00000105011","magenta",0.145841400092873,0.339108871833804,0.537481702901405,0.000140526149205433
"ENSG00000110944","magenta",-0.490472428499773,0.00062532592980744,-0.536205627421322,0.00014676889516455
"ENSG00000267169","magenta",-0.349190364272879,0.0187197635792918,-0.535298867942272,0.000151356744032354
"ENSG00000198786","magenta",-0.36105757908619,0.0148213832996047,-0.533063767693059,0.00016322647209965
"ENSG00000151665","magenta",0.33689349397305,0.0236383022539373,0.527366010336265,0.00019740002226687
"ENSG00000128578","magenta",0.205241483122462,0.176212986746029,0.526114901475569,0.000205721324659785
"ENSG00000279191","magenta",0.286885938624925,0.0560414380837779,0.524712146661626,0.000215427983763894
"ENSG00000170265","magenta",0.316529227082272,0.03414147330234,0.524509202977997,0.00021686611160736
"ENSG00000127452","magenta",-0.375852173766949,0.0109467591847452,-0.524358048185596,0.000217942886226822
"ENSG00000125148","magenta",0.277596081871867,0.06485728443067,0.523299509893472,0.000225620174259059
"ENSG00000272602","magenta",-0.54747859534173,9.93617782929216e-05,-0.52292371886333,0.000228403997641412
"ENSG00000123473","magenta",0.355195779711385,0.016650771765718,0.520325799147785,0.000248514920916984
"ENSG00000268804","magenta",-0.302354211491138,0.0435184351365921,-0.519654984796419,0.000253961438375471
"ENSG00000137310","magenta",0.128725195984513,0.399379702920213,0.519408987666729,0.000255985641630779
"ENSG00000225492","magenta",0.445653302939783,0.00215529222201177,0.515317916280762,0.000291858230822613
"ENSG00000010030","magenta",0.145753132865823,0.339404440352055,0.514354260661683,0.000300942570297668
"ENSG00000166508","magenta",0.0612988799355048,0.689148750918372,0.51243797198554,0.000319769791844419
"ENSG00000092036","magenta",0.340237673224164,0.0222042362860678,0.511989452117261,0.000324327121130139
"ENSG00000101187","magenta",0.311823982370628,0.0370491421104987,0.509905242440948,0.000346282864869624
"ENSG00000197646","magenta",0.223349768269278,0.140261726029746,0.505813196905225,0.00039332946229407
"ENSG00000130787","magenta",-0.360088845697549,0.0151113638704918,-0.504806409773395,0.000405753511880999
"ENSG00000135077","magenta",0.2083023871228,0.169711963162565,0.501477426217019,0.000449390902498719
"ENSG00000060982","magenta",0.109060700507836,0.475755709357943,0.50121109556854,0.000453058099990133
"ENSG00000125962","magenta",-0.307894856001512,0.0396302819343847,-0.501186114920402,0.000453403444370083
"ENSG00000231999","magenta",-0.342015030855306,0.0214722415764482,-0.500254927559112,0.000466446804473684
"ENSG00000080546","magenta",-0.686610214189317,1.91587998678425e-07,-0.499427078519862,0.000478325031764429
"ENSG00000170819","magenta",0.0927500967773502,0.544523600266395,0.491372711633557,0.000608903561348503
"ENSG00000197863","magenta",-0.402566234956434,0.00611474539819427,-0.488675295477846,0.000659301113673011
"ENSG00000270006","magenta",0.167769453552215,0.270638962048168,0.487467404556927,0.000683057128231743
"ENSG00000065911","magenta",0.415427775440457,0.00454187226390906,0.487327280059977,0.000685862076458608
"ENSG00000093217","magenta",0.104195453064706,0.495774662341623,0.486017377855647,0.000712586637808133
"ENSG00000224959","magenta",0.435931823477036,0.00275950234761419,0.485289680956152,0.000727832727208893
"ENSG00000026950","magenta",0.498181832518893,0.000496704908070901,0.484977674116652,0.000734458634520263
"ENSG00000180357","magenta",-0.362740435980426,0.0143288765806443,-0.479537549626036,0.000859006072476235
"ENSG00000177337","magenta",0.369881327746581,0.0123908899699171,0.4781405262575,0.000893894002400573
"ENSG00000127124","magenta",0.495656523508538,0.00053594034345741,0.477869607353933,0.000900804429908008
"ENSG00000091651","magenta",0.156001266984724,0.306155595264771,0.477386683182537,0.000913241033556987
"ENSG00000160856","magenta",0.233500091763365,0.122657316093045,0.476937248479756,0.000924952779213088
"ENSG00000273478","magenta",-0.218295708275196,0.149696508356006,-0.476040910072375,0.000948711732652856
"ENSG00000181523","magenta",-0.414089643995568,0.00468708847370129,-0.475791195335908,0.000955427194362638
"ENSG00000165891","magenta",0.284280963064211,0.0584102369264854,0.475335988732488,0.000967778158232308
"ENSG00000007516","magenta",0.077626282605982,0.612263340020477,-0.4731070131418,0.00103033833395317
"ENSG00000265185","magenta",0.312390201142081,0.0366888273825986,0.467619447337206,0.00119999659474768
"ENSG00000188825","magenta",-0.425738994580238,0.00354864459924538,-0.466784692109961,0.0012278764598323
"ENSG00000197903","magenta",0.437340831353468,0.00266359334636859,0.466074451190795,0.00125205030113009
"ENSG00000151491","magenta",-0.36032404986875,0.0150405185934157,-0.462714274480371,0.00137225760370063
"ENSG00000178038","magenta",-0.429530355420654,0.00323459460638119,-0.462099495101205,0.00139532888167619
"ENSG00000138600","magenta",0.175606063900386,0.248563546256684,0.460233960386227,0.00146746368112175
"ENSG00000160991","magenta",-0.159379173788942,0.295669509105497,-0.45865870330734,0.00153093469608737
"ENSG00000196114","magenta",0.244002305989137,0.106250748973038,0.457900539273493,0.00156234306465222
"ENSG00000024048","magenta",0.426282072793467,0.00350207951190858,0.455945844191741,0.00164597440979817
"ENSG00000109919","magenta",0.301042040618554,0.0444833533658244,0.453866390246507,0.00173928150683851
"ENSG00000012048","magenta",0.102083963975422,0.504595714308623,0.451350216840758,0.00185843354528067
"ENSG00000111057","magenta",-0.264212101395476,0.0794599368767287,-0.447941633205897,0.00203135705724627
"ENSG00000105058","magenta",0.252153562430275,0.0947174416387036,0.443301427349644,0.00228958854762886
"ENSG00000183150","magenta",0.232357107505698,0.124552067662421,0.440439499484393,0.00246294012106415
"ENSG00000171236","magenta",0.0893248720756335,0.559545969592139,0.431874379970517,0.00305288873539002
"ENSG00000276043","magenta",0.0771700500147097,0.614361516039016,0.430969500810126,0.00312194137163483
"ENSG00000232859","magenta",-0.383573115486139,0.00929506421942656,-0.429982992455403,0.00319878420916589
"ENSG00000128039","magenta",0.214926133766177,0.156241089028646,0.418905814357247,0.00418266086164259
"ENSG00000005889","magenta",-0.199735876512186,0.188353480804091,-0.416354914076154,0.00444357693006106
"ENSG00000086598","magenta",0.326159046966717,0.0287751211373587,0.381747820936353,0.00966481703286315
"ENSG00000105374","purple",0.472879673948731,0.00103691749489396,0.946251173343047,1.06233947970806e-22
"ENSG00000137441","purple",0.364573352051351,0.0138083610737838,0.943612489945697,2.89899862398736e-22
"ENSG00000100450","purple",0.46296052687924,0.0013631118831876,0.924927960263071,1.12888633403764e-19
"ENSG00000180739","purple",0.313856640044213,0.0357690208374643,0.912263973189139,2.83295752371646e-18
"ENSG00000275302","purple",0.339500948111601,0.0225137289321736,0.905383565684399,1.33860785457883e-17
"ENSG00000181036","purple",0.249008284479848,0.0990472667229741,0.904742302766095,1.53770136583605e-17
"ENSG00000150687","purple",0.286957740560143,0.0559772556040234,0.904271350237496,1.70148071244641e-17
"ENSG00000077984","purple",0.49104248238444,0.00061488189537017,0.900470996772863,3.77938769247855e-17
"ENSG00000115956","purple",0.340998881726229,0.0218882145031379,0.889334506092807,3.29611671514957e-16
"ENSG00000100453","purple",0.549697826133497,9.18651515781458e-05,0.888051767136136,4.167363147883e-16
"ENSG00000205336","purple",0.349216501458845,0.0187103094063237,0.878514803806314,2.18971760354076e-15
"ENSG00000116667","purple",0.406722825012123,0.00556137560237239,0.875710268454563,3.47419336381687e-15
"ENSG00000180644","purple",0.534995828542118,0.000152918777464995,0.854977709331102,7.71561246842922e-14
"ENSG00000026751","purple",0.336490655092469,0.0238161653879692,0.850836543909784,1.35326101750663e-13
"ENSG00000168329","purple",0.439228744682632,0.00253969638232569,0.84605686480987,2.53538127714883e-13
"ENSG00000169554","purple",0.248318682981903,0.100016629751164,0.8364273739585,8.44137710672374e-13
"ENSG00000251301","purple",0.382841339746543,0.00944181282741374,0.814032474292773,1.04958679969261e-11
"ENSG00000159674","purple",0.22887821723948,0.130454640731102,0.810200594009686,1.56182775374091e-11
"ENSG00000073861","purple",0.333405627659961,0.02521574596125,0.797372014740412,5.55142006627295e-11
"ENSG00000145649","purple",0.307049664150623,0.0402043119869218,0.785404731091642,1.67475016194264e-10
"ENSG00000183734","purple",0.209516369590082,0.16718224289319,0.778745411330944,3.00507115318655e-10
"ENSG00000000938","purple",-0.00933202724677136,0.951485991915084,0.756223194705969,1.8874339395551e-09
"ENSG00000109861","purple",0.45049509128963,0.00190054305369826,0.755504427199872,1.99490829240959e-09
"ENSG00000271503","purple",0.128399592358755,0.400583233506924,0.753661817170525,2.29724120179639e-09
"ENSG00000048028","purple",0.245642832852483,0.103847253011844,0.752703412125769,2.47099611251014e-09
"ENSG00000239713","purple",0.268498186518873,0.0745271997760948,0.747984188749461,3.52157145125514e-09
"ENSG00000142634","purple",0.42202369330763,0.0038820290791558,0.741823655749593,5.52843487872729e-09
"ENSG00000227191","purple",0.0546236084932515,0.721555055658158,0.740713549446888,5.9884415520848e-09
"ENSG00000231389","purple",0.441072774085848,0.00242361458248273,0.70211562697669,7.67585178495016e-08
"ENSG00000176083","purple",0.285057250974456,0.0576960894152085,0.698684971204794,9.44412850135006e-08
"ENSG00000159618","purple",0.229586962480135,0.129235462913576,0.69164101018945,1.43274111246912e-07
"ENSG00000075234","purple",0.189382655560337,0.212771793205955,0.691323062807739,1.45954764462885e-07
"ENSG00000135362","purple",0.256165431123305,0.089408695626429,0.687611178495602,1.80908056324958e-07
"ENSG00000203747","purple",0.17026995287657,0.263458797124961,0.685955376381977,1.9888951166124e-07
"ENSG00000163421","purple",0.397624138798726,0.00683438928082208,0.683010763910038,2.35039871459922e-07
"ENSG00000223865","purple",0.54924795160948,9.33418610553535e-05,0.682389474493245,2.43410002065987e-07
"ENSG00000276241","purple",0.485170971997415,0.000730347344015065,0.677012469131511,3.28353464017673e-07
"ENSG00000147234","purple",0.284492389604259,0.0582150366463066,0.670894524596813,4.58168212001428e-07
"ENSG00000211689","purple",0.123832203024566,0.417686095783646,0.652618990382328,1.18543116933373e-06
"ENSG00000169252","purple",0.205528540054173,0.175595809800876,0.64311486837608,1.89597495522016e-06
"ENSG00000174600","purple",-0.0191451487279656,0.900660607457975,0.642139921144684,1.98774458271179e-06
"ENSG00000181104","purple",0.271516983728749,0.0712001895252867,0.641626255388923,2.03773234111975e-06
"ENSG00000116786","purple",-0.305420462615836,0.0413300089027553,-0.632296612696921,3.17434803430278e-06
"ENSG00000111537","purple",0.326144743207295,0.0287825390722732,0.626843209908804,4.0857096024806e-06
"ENSG00000170962","purple",0.320421955419714,0.0318805119429734,0.626806326001053,4.09262289696176e-06
"ENSG00000122223","purple",0.163113113667712,0.284351422644793,0.623439548126833,4.7711774631654e-06
"ENSG00000115523","purple",0.331340019678988,0.0261907052155896,0.61957176674072,5.67812735578166e-06
"ENSG00000254087","purple",0.0774716963694526,0.612973926966919,0.610151003895084,8.5925861238775e-06
"ENSG00000101474","purple",0.112198788944332,0.463074085265921,0.608218715479745,9.33929871360277e-06
"ENSG00000115339","purple",0.258036449290493,0.0870132758692416,0.590105933975367,1.98748283973722e-05
"ENSG00000125249","purple",0.398901791877164,0.00664164505955641,0.58932284531531,2.05135105856388e-05
"ENSG00000196975","purple",0.305667894242932,0.041157406467926,0.588909065758908,2.08585408199904e-05
"ENSG00000186469","purple",0.0954556383850497,0.532795989573041,0.588857808188302,2.09016506557093e-05
"ENSG00000074966","purple",-0.52891856702758,0.000187498170969713,-0.587076196014628,2.24518567999015e-05
"ENSG00000165115","purple",-0.244291030507347,0.10582468960383,-0.587005165266835,2.25157935156117e-05
"ENSG00000169715","purple",0.343646864558685,0.0208181283074842,0.583698479929982,2.56838429105265e-05
"ENSG00000161267","purple",-0.291208555589232,0.052281495084807,-0.582798902399051,2.66137526390209e-05
"ENSG00000106868","purple",0.34222527228364,0.0213870107674195,0.579899726284877,2.98247095664836e-05
"ENSG00000162383","purple",0.117258092024028,0.443017098668723,0.578353011554601,3.16793768364773e-05
"ENSG00000156475","purple",0.309871826912195,0.0383137482033852,0.576546853139516,3.39785128431019e-05
"ENSG00000145284","purple",0.340769657953803,0.0219829789259776,0.573614539693665,3.8038494861198e-05
"ENSG00000222501","purple",0.0354557165720644,0.817140921303513,-0.57203448459938,4.04057588233987e-05
"ENSG00000185101","purple",-0.327608074412941,0.0280318380083281,-0.57187967094727,4.0644805855873e-05
"ENSG00000240350","purple",0.306229245202405,0.0407680044343019,0.56943060511017,4.46026019890607e-05
"ENSG00000249978","purple",0.0101832548304186,0.94706675800798,0.559547363034561,6.44178247987327e-05
"ENSG00000086288","purple",0.0393739049472102,0.797336950849789,0.558000527858686,6.81610383439394e-05
"ENSG00000139370","purple",0.0265393281449363,0.862610731513692,0.551748073391544,8.5400866358886e-05
"ENSG00000109956","purple",0.245517577303808,0.10402927941428,0.544649330212888,0.000109725324475735
"ENSG00000169896","purple",0.01329593755202,0.930921307459237,0.544371238297891,0.000110795269500649
"ENSG00000276070","purple",0.454910301825653,0.0016918698563213,0.543944352338768,0.000112456162655824
"ENSG00000163508","purple",-0.031290557873126,0.838317088076245,0.542129530854628,0.000119772833964315
"ENSG00000113384","purple",0.406004766344961,0.00565373534807579,0.535773952205581,0.000148937022413868
"ENSG00000228955","purple",-0.447204201543687,0.00207058916829328,-0.525255583902902,0.000211619412029336
"ENSG00000196126","purple",0.462768309368834,0.00137024610840201,0.524053821384048,0.000220124777158337
"ENSG00000143185","purple",0.112706750932295,0.461038551613014,0.520940472560632,0.000243617193542382
"ENSG00000187037","purple",0.123954732925352,0.417221929096768,0.514525180075598,0.000299312929866407
"ENSG00000103194","purple",-0.389005535397296,0.00826573793630214,-0.513601487776564,0.000308215679486961
"ENSG00000100266","purple",-0.260316218640517,0.0841624109492274,-0.510116275995732,0.000344000334123029
"ENSG00000092096","purple",-0.365101246528326,0.0136614690619887,-0.509393989932078,0.000351869280885647
"ENSG00000116663","purple",0.390304972697799,0.00803463762147267,0.508759022191938,0.000358920599502582
"ENSG00000178860","purple",0.544541656852638,0.000110138472608019,0.505236346549311,0.000400405366616048
"ENSG00000203710","purple",-0.349825011093552,0.0184913391464736,-0.503110192359793,0.000427486668628084
"ENSG00000091436","purple",0.173391118174476,0.254675851307482,0.497440211282806,0.000507950548922544
"ENSG00000083444","purple",0.184248288855436,0.225665477327797,0.495680179216519,0.000535560248769447
"ENSG00000259463","purple",-0.229969305783859,0.128581313904479,-0.494074813919865,0.000561911455029423
"ENSG00000196735","purple",0.521623029668629,0.000238280987737399,0.488152933509787,0.000669482148448614
"ENSG00000035664","purple",0.375014671480022,0.0111401849147134,0.486284506708051,0.000707062174792535
"ENSG00000148019","purple",-0.0231226275279858,0.880159914895491,0.475801254237458,0.000955155866643171
"ENSG00000149564","purple",-0.254038773286373,0.0921932604905342,-0.458406158018127,0.00154133400450118
"ENSG00000179344","purple",0.286545255659623,0.0563467745720124,0.435969886830173,0.00275687198696141
