"sample","cohort","infection","donor","donor.n"
"AMC10_Mtb_INF","HC","INF","AMC10","1"
"AMC10_Mtb_NEG","HC","NEG","AMC10","1"
"AMC11_2_Mtb_INF","HC","INF","AMC11","2"
"AMC11_2_Mtb_NEG","HC","NEG","AMC11","2"
"AMC12_Mtb_INF","HC","INF","AMC12","3"
"AMC12_Mtb_NEG","HC","NEG","AMC12","3"
"AMC13_Mtb_INF","HC","INF","AMC13","4"
"AMC13_Mtb_NEG","HC","NEG","AMC13","4"
"AMC14_Mtb_INF","HC","INF","AMC14","5"
"AMC14_Mtb_NEG","HC","NEG","AMC14","5"
"AMC15_Mtb_INF","HC","INF","AMC15","6"
"AMC15_Mtb_NEG","HC","NEG","AMC15","6"
"AMC16_Mtb_INF","HC","INF","AMC16","7"
"AMC16_Mtb_NEG","HC","NEG","AMC16","7"
"AMC18_Mtb_INF","HC","INF","AMC18","8"
"AMC18_Mtb_NEG","HC","NEG","AMC18","8"
"AMC19_LO_Mtb_INF","HC","INF","AMC19","9"
"AMC19_LO_Mtb_NEG","HC","NEG","AMC19","9"
"AMC2_Mtb_INF","HC","INF","AMC2","10"
"AMC2_Mtb_NEG","HC","NEG","AMC2","10"
"AMC21_Mtb_INF","HC","INF","AMC21","11"
"AMC21_Mtb_NEG","HC","NEG","AMC21","11"
"AMC22_Mtb_INF","HC","INF","AMC22","12"
"AMC22_Mtb_NEG","HC","NEG","AMC22","12"
"AMC7_Mtb_INF","HC","INF","AMC7","13"
"AMC7_Mtb_NEG","HC","NEG","AMC7","13"
"AMC9_2_Mtb_INF","HC","INF","AMC9","14"
"AMC9_2_Mtb_NEG","HC","NEG","AMC9","14"
"AMV10_Mtb_INF","PLWH","INF","AMV10","1"
"AMV10_Mtb_NEG","PLWH","NEG","AMV10","1"
"AMV11_Mtb_INF","PLWH","INF","AMV11","2"
"AMV11_Mtb_NEG","PLWH","NEG","AMV11","2"
"AMV13_Mtb_INF","PLWH","INF","AMV13","3"
"AMV13_Mtb_NEG","PLWH","NEG","AMV13","3"
"AMV14_Mtb_INF","PLWH","INF","AMV14","4"
"AMV14_Mtb_NEG","PLWH","NEG","AMV14","4"
"AMV15_Mtb_INF","PLWH","INF","AMV15","5"
"AMV15_Mtb_NEG","PLWH","NEG","AMV15","5"
"AMV17_Mtb_INF","PLWH","INF","AMV17","6"
"AMV17_Mtb_NEG","PLWH","NEG","AMV17","6"
"AMV19_Mtb_INF","PLWH","INF","AMV19","7"
"AMV19_Mtb_NEG","PLWH","NEG","AMV19","7"
"AMV20_Mtb_INF","PLWH","INF","AMV20","8"
"AMV20_Mtb_NEG","PLWH","NEG","AMV20","8"
"AMV21_Mtb_INF","PLWH","INF","AMV21","9"
"AMV21_Mtb_NEG","PLWH","NEG","AMV21","9"
"AMV23_Mtb_INF","PLWH","INF","AMV23","10"
"AMV23_Mtb_NEG","PLWH","NEG","AMV23","10"
"AMV25_Mtb_INF","PLWH","INF","AMV25","11"
"AMV25_Mtb_NEG","PLWH","NEG","AMV25","11"
"AMV26_Mtb_INF","PLWH","INF","AMV26","12"
"AMV26_Mtb_NEG","PLWH","NEG","AMV26","12"
"AMV27_DUP2_Mtb_INF","PLWH","INF","AMV27","13"
"AMV27_DUP2_Mtb_NEG","PLWH","NEG","AMV27","13"
"AMV3_Mtb_INF","PLWH","INF","AMV3","14"
"AMV3_Mtb_NEG","PLWH","NEG","AMV3","14"
"AMV4_2_Mtb_INF","PLWH","INF","AMV4","15"
"AMV4_2_Mtb_NEG","PLWH","NEG","AMV4","15"
"AMV5_Mtb_INF","PLWH","INF","AMV5","16"
"AMV5_Mtb_NEG","PLWH","NEG","AMV5","16"
"AMV9_Mtb_INF","PLWH","INF","AMV9","17"
"AMV9_Mtb_NEG","PLWH","NEG","AMV9","17"
