"Gene","log2FC","FDR","Module","MM","GS_TB"
"ENSG00000115919",1.2737434784712,3.49967521256795e-21,"blue",-0.690868420956942,0.730110685114759
"ENSG00000099860",1.0392702272569,1.40054409524552e-20,"blue",-0.891175043282165,0.7289621332692
"ENSG00000148834",1.07858780231647,1.68795744877027e-19,"blue",-0.883923666722227,0.705083364652765
"ENSG00000240065",1.23632968550582,4.6470287932212e-19,"blue",-0.918830425479079,0.702684616494853
"ENSG00000119655",1.17891509335753,2.44981540964871e-18,"blue",-0.939388021043589,0.690914753024037
"ENSG00000141574",1.35341358878059,3.68241942394273e-18,"blue",-0.89011176138244,0.69914895414773
"ENSG00000106605",1.23044350189485,4.11022785993312e-18,"blue",-0.843075517805183,0.677156498208597
"ENSG00000025708",1.33135203749904,2.32965757165349e-17,"blue",-0.91566007830162,0.682331305451772
"ENSG00000169228",1.06789539561334,2.47125789871152e-17,"blue",-0.909545824918177,0.684277793839547
"ENSG00000075399",1.11681908897516,7.26563704474017e-17,"blue",-0.827615984043213,0.69602485806818
"ENSG00000163220",1.46754662997418,2.81536032059661e-15,"blue",-0.882174082323709,0.672734401596355
"ENSG00000224067",1.68781255561054,4.15463658548719e-14,"blue",-0.739946086917069,0.63337579296544
"ENSG00000205220",1.04023912063253,1.72402266936094e-13,"blue",-0.866526534609428,0.622369843304096
"ENSG00000148450",1.17931772083257,5.39982346645116e-13,"blue",-0.906216224612344,0.606369050449503
"ENSG00000271605",1.11001986639442,5.59391525346261e-13,"blue",-0.712360650018217,0.580668890301659
"ENSG00000257433",1.18137025450897,8.12129678868053e-13,"blue",-0.717735281910484,0.604427707281226
"ENSG00000143546",1.80705354831481,9.47718314652184e-13,"blue",-0.757564088316654,0.588098641760283
"ENSG00000142089",1.96765121828456,4.3877809587372e-12,"blue",-0.797003446212277,0.684733624476957
"ENSG00000184613",-1.20398908309242,1.67201398913887e-11,"blue",0.790215676087473,-0.66475666107858
"ENSG00000204472",1.08898172399661,3.10916498775041e-11,"blue",-0.897553390507955,0.555059855119853
"ENSG00000185885",1.22684336081845,6.51090976599441e-11,"blue",-0.802651545674786,0.626140624935432
"ENSG00000143545",1.14793515512166,1.44088555763498e-10,"blue",-0.609768640940426,0.50920912051025
"ENSG00000141505",1.11201506663664,1.44345927676286e-10,"blue",-0.794542183357379,0.561689682349053
"ENSG00000139832",1.14050240294887,2.39673033303593e-10,"blue",-0.813187433914558,0.575426634115983
"ENSG00000121552",1.17182743667489,3.63292984147633e-10,"blue",-0.775000550097638,0.558334078800734
"ENSG00000185909",1.02393347959957,4.21824193950229e-10,"blue",-0.802031799700583,0.567412856138299
"ENSG00000165178",1.007045735633,5.9548209024232e-10,"blue",-0.866394235699152,0.557259859180946
"ENSG00000099377",1.10501499162134,6.50858670369481e-10,"blue",-0.712876251386025,0.522893438041183
"ENSG00000090920",-1.09913189759642,8.22302048883957e-10,"blue",0.617460393605617,-0.608523100546966
"ENSG00000233461",1.15392643375295,1.04311163276428e-09,"blue",-0.839682304766489,0.583293938716831
"ENSG00000226091",1.27918037793397,1.23904638916498e-09,"blue",-0.724923698932939,0.521264708679571
"ENSG00000257017",1.45789782224954,1.62393827787481e-09,"blue",-0.676683690353276,0.555142503824136
"ENSG00000161944",1.1299304787443,1.66676853278321e-09,"blue",-0.76793762962938,0.518271974217311
"ENSG00000177697",1.00678129557191,5.93382350387479e-09,"blue",-0.765169947609249,0.510618232405914
"ENSG00000171611",1.11156193175338,7.88485693299399e-09,"blue",-0.803133059089532,0.513452356547015
"ENSG00000183019",1.1038849221799,2.32711862802468e-08,"blue",-0.728767582000229,0.582736399327658
"ENSG00000258486",1.00110346956513,1.3210819006133e-07,"blue",-0.686854427628527,0.453436929464533
"ENSG00000130222",1.05763723283564,1.85603315137175e-07,"blue",-0.704834981595854,0.507958462819357
"ENSG00000123689",1.26188647897502,5.27928464581702e-07,"blue",-0.624338341086175,0.476797189424763
"ENSG00000182107",-1.00232480515482,7.08584743036782e-07,"blue",0.779049118258064,-0.525479375573604
"ENSG00000164047",1.30925629092634,1.76932091980403e-06,"blue",-0.681908191967885,0.438294514068015
"ENSG00000227051",-1.01947199346496,4.51344818573719e-06,"blue",0.714854618449119,-0.559157424166731
"ENSG00000169031",-1.07523924487771,1.69334946551518e-05,"blue",0.691783053548392,-0.494827014868392
"ENSG00000114948",-1.03635283870285,6.45765705409938e-05,"blue",0.751477957827961,-0.546214330176112
"ENSG00000173114",-1.21109789046397,0.000109845104887948,"blue",0.723282456598871,-0.521102561676887
"ENSG00000152766",4.10060578757184,3.73002164503971e-39,"green",0.889157386139588,0.762570387097958
"ENSG00000198019",2.33655261521629,5.51855708518436e-37,"green",0.867751246956245,0.803354851528383
"ENSG00000137752",1.17392061931539,3.11457268998523e-35,"green",0.925138779622489,0.816648503952737
"ENSG00000168062",2.93520295867169,1.41699196022455e-32,"green",0.929661533895274,0.799706985057025
"ENSG00000150337",2.69841884068826,1.42154726995828e-31,"green",0.849684869594915,0.800045509261952
"ENSG00000108387",3.69555331064604,1.32263807022274e-29,"green",0.925505163479372,0.67816548236529
"ENSG00000117228",2.05408797262192,3.24509331235457e-29,"green",0.924084384645933,0.753822853872952
"ENSG00000108861",1.07620867879258,4.23532653992019e-29,"green",0.84527828868532,0.781965454934914
"ENSG00000152229",1.47837390413927,4.67091016042033e-29,"green",0.833955541721791,0.769210994941646
"ENSG00000154451",2.13275469916953,2.6449344943345e-28,"green",0.886438373067449,0.74614327238038
"ENSG00000010030",2.98153904926975,3.13585943490522e-28,"green",0.900697878468447,0.761883169221093
"ENSG00000120217",2.66241757242496,7.31066151187468e-28,"green",0.867891117596602,0.72169829118451
"ENSG00000145685",1.59287852080597,1.67392623660142e-26,"green",0.878269250794451,0.741493692849327
"ENSG00000183347",2.98290321874912,4.15813442607023e-26,"green",0.834200408173984,0.715065552329114
"ENSG00000116663",1.52294468800148,5.64523254880752e-26,"green",0.951182609408032,0.758940996679532
"ENSG00000162645",1.17637952317969,1.46525032951045e-25,"green",0.883550085979969,0.765276337479754
"ENSG00000082014",1.29359143912008,2.4018252093036e-25,"green",0.793008090420731,0.748557822700264
"ENSG00000128335",1.25536699128019,1.05410035301865e-24,"green",0.875505077940566,0.753839076330306
"ENSG00000163568",2.00051165243156,1.43831918862917e-24,"green",0.926200934306777,0.733156875023708
"ENSG00000070501",1.11890358724579,2.65988435010104e-24,"green",0.821139786050447,0.758152816721932
"ENSG00000225492",3.94134521853129,4.84593414314535e-24,"green",0.864820539732908,0.623029735118297
"ENSG00000188820",2.54296935669361,1.95155501801727e-23,"green",0.825387974362633,0.677987253360112
"ENSG00000108950",2.02055539144335,2.30533847346667e-23,"green",0.669284877247474,0.698311840159749
"ENSG00000168899",2.14976124857403,3.75142384341905e-23,"green",0.820365594626662,0.699809840995499
"ENSG00000253193",3.06142737097073,7.05449500673788e-23,"green",0.694407835755548,0.68350148731336
"ENSG00000123609",1.05653295467159,1.49638598886741e-22,"green",0.888982474924701,0.746449752738508
"ENSG00000136514",2.00364992684318,1.49638598886741e-22,"green",0.936858360720181,0.707456664777538
"ENSG00000260943",2.13640331891528,1.60805820453639e-22,"green",0.895224493332527,0.708028050901007
"ENSG00000100342",1.59188959655861,2.33798395462969e-22,"green",0.926348034124824,0.714462326525957
"ENSG00000177989",1.60105962014612,2.52516618795259e-22,"green",0.931386863127724,0.746801928044892
"ENSG00000115415",1.16763443702334,4.51747658065949e-22,"green",0.922829732378128,0.729332417062135
"ENSG00000197646",2.9581729684732,1.69215843936155e-21,"green",0.824276303639879,0.643430087525042
"ENSG00000134809",2.25703501291549,3.44993703297304e-21,"green",0.897013678351804,0.661829283657065
"ENSG00000087237",1.32083371498229,3.49967521256795e-21,"green",0.79490224768307,0.710994920835636
"ENSG00000100336",3.21790369775528,4.55704686917809e-21,"green",0.76219156327645,0.62222437723844
"ENSG00000156587",1.46370653955974,5.86889456077366e-21,"green",0.942374085465754,0.729840889031713
"ENSG00000234571",3.01015440317628,1.07903882426254e-20,"green",0.605722604336166,0.673010040006473
"ENSG00000214872",2.67157799162602,1.35148382745111e-20,"green",0.884771075663326,0.681306029369522
"ENSG00000159189",3.09022129820979,6.05078843051549e-20,"green",0.835915783824914,0.657799967035087
"ENSG00000173369",2.84437927548448,6.05078843051549e-20,"green",0.846907173199279,0.683027348971619
"ENSG00000149131",2.75848753969409,1.11784543595694e-19,"green",0.946373534605166,0.755206749537521
"ENSG00000255221",2.97721200584888,1.11784543595694e-19,"green",0.830766127118198,0.679862585286589
"ENSG00000145365",1.39287535197031,1.29888223225746e-19,"green",0.826855516912708,0.68770715769406
"ENSG00000172159",1.63382638602719,2.18780028439571e-19,"green",0.867345351196719,0.682067508757085
"ENSG00000197272",1.82398711111823,3.30144639718679e-19,"green",0.869973369565544,0.678499637225542
"ENSG00000173372",2.51394295549444,3.92395886089688e-19,"green",0.80052334751574,0.642753980514565
"ENSG00000068079",1.67955786207654,6.37971388678528e-19,"green",0.929600127719817,0.704945625146693
"ENSG00000272914",1.49233732750754,7.32106391979942e-19,"green",0.692536632125487,0.664792843717674
"ENSG00000168394",1.0544726133162,9.1901766199865e-19,"green",0.94749629609517,0.70921676425513
"ENSG00000221963",1.26636827540881,9.66999883901702e-19,"green",0.906293978188795,0.682319299519022
"ENSG00000225217",1.67083536635323,1.67208161679742e-18,"green",0.654850194613691,0.661434724215193
"ENSG00000100911",1.19322032442737,1.70153183892775e-18,"green",0.839385212790365,0.693845235830924
"ENSG00000079385",1.45472639249089,2.34410763824501e-18,"green",0.923607131697146,0.690471588615997
"ENSG00000162654",1.41522582712427,4.11261333307152e-18,"green",0.918360619001158,0.665480718034794
"ENSG00000162772",2.58392737957578,4.64902602225471e-18,"green",0.887843711154618,0.625003704968892
"ENSG00000166002",1.2867582591265,5.24406326921064e-18,"green",0.813225938097331,0.67922475754886
"ENSG00000132274",1.20812440157431,8.65745402383265e-18,"green",0.904714477089071,0.696841465473242
"ENSG00000204397",1.53146737387757,2.72940778923957e-17,"green",0.866866858232741,0.689015920121558
"ENSG00000162512",1.87983628166452,2.83633731163063e-17,"green",0.78600898907178,0.64777069616603
"ENSG00000133106",1.96075925161243,2.96677156389231e-17,"green",0.930228287334143,0.706235459132489
"ENSG00000130489",1.67852597328787,3.30114728802894e-17,"green",0.873459724395943,0.655835397122129
"ENSG00000188313",1.49599700167556,9.01958892000983e-17,"green",0.907988869013922,0.698717811028108
"ENSG00000146425",1.04941682902768,1.03134956399426e-16,"green",0.917684792454402,0.685736378488623
"ENSG00000121797",1.43764800575609,1.95690533862581e-16,"green",0.862293070537096,0.638507534200259
"ENSG00000073737",1.40371925042557,2.2980613020614e-16,"green",0.859125557279389,0.697705934475584
"ENSG00000166278",2.08625691070565,2.72511646782901e-16,"green",0.831735975175994,0.625919739338194
"ENSG00000130066",1.05028106384271,9.26305501961762e-16,"green",0.932608687347161,0.687868432467984
"ENSG00000121858",1.3702812785403,1.25849735187245e-15,"green",0.950416927256947,0.663235075309437
"ENSG00000272821",1.42744989223167,1.56479996396162e-15,"green",0.864179568486301,0.642728435127282
"ENSG00000179044",2.49051888609153,1.65090531634637e-15,"green",0.876532444974309,0.625261319573627
"ENSG00000177409",1.26919184273852,4.07595490541086e-15,"green",0.908381689205292,0.661517368412553
"ENSG00000185507",1.56185762321628,5.81737461548139e-15,"green",0.917520276764915,0.652502123362033
"ENSG00000170581",1.04919451463853,6.07093761559792e-15,"green",0.947963142792282,0.676553735678501
"ENSG00000130303",1.34163896865768,9.28404989733793e-15,"green",0.858273348780577,0.638768188503799
"ENSG00000117226",1.23554113857846,1.45106125299468e-14,"green",0.766653973462906,0.609936488239871
"ENSG00000119686",1.03890462565121,1.76798703774964e-14,"green",0.784834227041345,0.631027164454586
"ENSG00000002549",1.53966503209223,2.75515622778395e-14,"green",0.885591091903097,0.61879084183177
"ENSG00000203666",1.66141122684129,4.53473111649621e-14,"green",0.769861966267887,0.588463487116952
"ENSG00000023171",1.05943356619119,5.27819042559187e-14,"green",0.8544134189364,0.617121563104571
"ENSG00000137965",2.32683435807105,5.67647004080973e-14,"green",0.866296249476456,0.631254541270263
"ENSG00000255328",2.14299487181035,2.49595940309674e-13,"green",0.741943175529552,0.570617702608738
"ENSG00000173193",1.0790610521142,3.27210934859573e-13,"green",0.913413964228973,0.641906471635017
"ENSG00000174944",1.75231817001191,3.35530640573298e-13,"green",0.740426967476884,0.558765423482744
"ENSG00000124256",1.23120530225762,5.02810058155507e-13,"green",0.90734389679198,0.638820430426803
"ENSG00000231233",1.37450912806779,6.95163996889808e-13,"green",0.761813457849033,0.642842956347027
"ENSG00000272666",1.37138566172727,1.45621312515198e-12,"green",0.784880353428814,0.643395442042533
"ENSG00000132530",1.47246733207235,1.60389575241661e-12,"green",0.900523255499271,0.621010377489286
"ENSG00000183087",1.0727839113188,1.89064544689325e-12,"green",0.744142171584076,0.576481056612043
"ENSG00000135047",1.13899172143198,2.18505021666825e-12,"green",0.742458479990738,0.594045032660126
"ENSG00000111181",1.54804400181463,3.1302204940313e-12,"green",0.686482701222218,0.567934944144063
"ENSG00000119917",1.89417283083794,4.38456152921158e-12,"green",0.922649560688477,0.664330968557061
"ENSG00000158373",1.2171016790844,5.64283340262756e-12,"green",0.766192638865424,0.616289122092879
"ENSG00000140464",1.11111596701048,8.84973354050478e-12,"green",0.933132433690563,0.625648740145014
"ENSG00000140105",1.15550629878957,9.56027161453881e-12,"green",0.864213030790314,0.571545552777314
"ENSG00000129673",1.48933328335793,1.21620439015989e-11,"green",0.681477131961632,0.587510258899096
"ENSG00000125148",1.83353183336331,1.36226336009759e-11,"green",0.853447946779619,0.565483989641977
"ENSG00000270972",2.0673356955013,1.37150402289211e-11,"green",0.767812877691133,0.554362070131061
"ENSG00000185338",1.42583991024959,2.85217008847881e-11,"green",0.835533583669804,0.532034647434734
"ENSG00000126709",1.9482478671591,3.48032036869127e-11,"green",0.888580565744834,0.656476755170409
"ENSG00000187608",2.3285580202786,3.72247200858416e-11,"green",0.875614790842246,0.598689189140668
"ENSG00000137959",2.30868981885566,5.39777141381761e-11,"green",0.839146272218109,0.574937799131332
"ENSG00000115155",2.85625421675025,5.71678910515882e-11,"green",0.643192766814379,0.34290215326944
"ENSG00000175643",1.86465704627305,5.91692493036993e-11,"green",0.844648749495027,0.490879722324674
"ENSG00000086065",1.00735165569237,8.68416186770856e-11,"green",0.780231881779639,0.582955529795208
"ENSG00000137628",1.22133645978374,5.90814456723012e-10,"green",0.826237299740763,0.521418307499877
"ENSG00000140379",1.13852087523683,6.75594665336319e-10,"green",0.603889141524431,0.562825950094144
"ENSG00000157404",-1.10182056627782,7.32369517012183e-10,"green",-0.67651774121363,-0.599841000878826
"ENSG00000196141",1.66416891796068,1.00436706845297e-09,"green",0.869672371102838,0.494859331640103
"ENSG00000115267",1.14736456624214,1.64138192920021e-09,"green",0.881722948837932,0.515142221631009
"ENSG00000158406",1.14090871592819,1.75395793066007e-09,"green",0.810221917004597,0.569520367783622
"ENSG00000136231",1.45836286250742,1.82596160716817e-09,"green",0.701603303192794,0.499789758172489
"ENSG00000143891",1.13209944459866,1.91822142335385e-09,"green",0.870699889414442,0.527137524665899
"ENSG00000188282",1.43251444573896,2.05426010249896e-09,"green",0.754753667650834,0.467190166595296
"ENSG00000134321",2.33534683683848,3.67290213204018e-09,"green",0.864106456325208,0.582113038146456
"ENSG00000139572",1.36272593833407,6.4921807539536e-09,"green",0.783836902605294,0.555487758982249
"ENSG00000107201",1.10081268019786,1.14416599965995e-08,"green",0.867697403612108,0.522928923204364
"ENSG00000229331",1.25174838154441,1.16591927725612e-08,"green",0.638403646748893,0.526506678151433
"ENSG00000263069",1.0873473668141,1.37005908401119e-08,"green",0.672225719879169,0.488565780326281
"ENSG00000152778",1.06742867882997,1.78262919932398e-08,"green",0.806683315345338,0.509358303568338
"ENSG00000088827",2.02337190277239,4.17113102110752e-08,"green",0.752552485725294,0.439677081562506
"ENSG00000258521",1.15859612693157,4.62775551346567e-08,"green",0.628479327510606,0.475206830848503
"ENSG00000225886",1.80523138859907,5.80369290680492e-08,"green",0.797082864042168,0.530911275936278
"ENSG00000134326",1.65787479977118,6.20824674941762e-08,"green",0.830356346209182,0.531907822212902
"ENSG00000110492",1.32520670339652,6.48807301967011e-08,"green",0.724502271846377,0.452572774631841
"ENSG00000108771",1.01979164429824,6.7782545593058e-08,"green",0.821291004620203,0.482496977679173
"ENSG00000119922",1.38263824090567,8.74224878413587e-08,"green",0.83747103801305,0.494026573946744
"ENSG00000135114",1.46915229836495,1.01142344761938e-07,"green",0.872446011052261,0.548456510415685
"ENSG00000121236",1.30176753263245,3.0179668261502e-07,"green",0.735531243496486,0.500964385194049
"ENSG00000108679",1.16589514160177,3.64913741179844e-07,"green",0.738156410344947,0.410773073642046
"ENSG00000078081",2.12694411695598,4.37234796992756e-07,"green",0.817859557176033,0.453292188856456
"ENSG00000158714",1.03749824399727,4.80272277830732e-07,"green",0.652334996409405,0.455937708875057
"ENSG00000138646",1.5025927352525,4.98610539992374e-07,"green",0.847863303298973,0.529447566166842
"ENSG00000089127",1.32009102573631,4.98996853259142e-07,"green",0.839656631803002,0.508210689925366
"ENSG00000185745",1.68645296783993,1.22385280636479e-06,"green",0.824586909301157,0.539534819530736
"ENSG00000160932",1.41248039202261,1.49019391055664e-06,"green",0.767738227589701,0.446995475315041
"ENSG00000131203",1.4048486921537,9.68379927852234e-06,"green",0.593249045304698,0.351600474484606
"ENSG00000188157",1.08255618852116,1.10814664493526e-05,"green",0.74512243451463,0.394346903917503
"ENSG00000111331",1.31990071785124,2.47831140545984e-05,"green",0.793613713247894,0.448473817887652
"ENSG00000225964",1.24871199766446,8.77520407255372e-05,"green",0.704558904681623,0.458184882191201
"ENSG00000157601",1.16190258992799,0.000144837098609772,"green",0.769492261043023,0.40972505020028
"ENSG00000214548",-1.75375136587539,0.000283925801324616,"green",-0.56585704631144,-0.568235467470383
"ENSG00000165949",1.62398262995172,0.000337473065759959,"green",0.627913469690888,0.354652835016485
"ENSG00000184979",1.62315497651334,0.000966224747827136,"green",0.661253602849741,0.272181673413671
