"GeneA","ModuleA","GeneB","ModuleB"
"FKBP4","green","GOLPH3","purple"
"NDUFAF7","green","MT-ND5","magenta"
"USP28","purple","TP53","green"
"USP28","purple","USP12","green"
"USP28","purple","PLK1","magenta"
"USP28","purple","CLSPN","magenta"
"USP28","purple","BRCA1","magenta"
"COX15","green","MT-ND5","magenta"
"PSMC4","green","GMNN","magenta"
"PSMC4","green","PLK1","magenta"
"PSMC4","green","CKS1B","magenta"
"PSMC4","green","UBE2C","magenta"
"PSMC4","green","NEK2","magenta"
"PSMC4","green","ORC1","magenta"
"PSMC4","green","CDC20","magenta"
"PSMC4","green","HIVEP3","magenta"
"PSMC4","green","PSMB2","magenta"
"PSMC4","green","PTTG1","magenta"
"PSMC4","green","CDK1","magenta"
"PSMC4","green","CCNE2","magenta"
"PSMC4","green","CCNA2","magenta"
"PSMC4","green","RAD51","magenta"
"TNFRSF1A","green","GZMB","purple"
"TNFRSF1A","green","IFNG","purple"
"TNFRSF1A","green","BIRC5","magenta"
"TNFRSF1A","green","STAT1","magenta"
"TNFRSF1A","green","FCGR3A","purple"
"TNFRSF1A","green","EDA","magenta"
"TNFRSF1A","green","PRF1","purple"
"TNFRSF1A","green","CCL5","purple"
"TNFRSF1A","green","CCL4","purple"
"TNFRSF1A","green","ITGAM","purple"
"TBX21","purple","CD38","magenta"
"TBX21","purple","IL23A","magenta"
"TBX21","purple","GZMK","green"
"TBX21","purple","RORA","green"
"TBX21","purple","IL12RB2","magenta"
"TBX21","purple","CD96","green"
"TBX21","purple","HAVCR2","magenta"
"TBX21","purple","FUT7","green"
"TBX21","purple","EZH2","magenta"
"TBX21","purple","TPST2","green"
"TBX21","purple","STAT1","magenta"
"TBX21","purple","MKI67","magenta"
"TBX21","purple","TTC4","green"
"TBX21","purple","FOXP3","green"
"TBX21","purple","TNFRSF4","green"
"TBX21","purple","ETS1","green"
"TBX21","purple","GAPDH","green"
"TBX21","purple","PDCD1LG2","magenta"
"TBX21","purple","TNF","green"
"TBX21","purple","IL12RB1","green"
"TBX21","purple","ACTB","green"
"TBX21","purple","FCRL3","magenta"
"TBX21","purple","SPN","green"
"TBX21","purple","ZBTB7B","green"
"PLOD1","purple","TP53","green"
"PLOD1","purple","EZH2","magenta"
"PLOD1","purple","HNRNPH1","green"
"PLOD1","purple","KIF14","magenta"
"PLOD1","purple","CDCA3","green"
"PLOD1","purple","CHST14","green"
"NME8","purple","RIPK3","green"
"NME8","purple","TRIM23","green"
"NME8","purple","TUBA4A","green"
"NME8","purple","EPHA1","magenta"
"NME8","purple","RRM1","green"
"NME8","purple","CYB5B","green"
"NME8","purple","TUBA1B","green"
"NME8","purple","TUBB","green"
"NME8","purple","TUBB4B","green"
"NME8","purple","AK5","magenta"
"NME8","purple","STIP1","green"
"NME8","purple","PDCD11","green"
"NME8","purple","ALDH18A1","green"
"NME8","purple","WDR34","green"
"NME8","purple","DNAJC9","green"
"NME8","purple","GART","green"
"NME8","purple","GAPDH","green"
"NME8","purple","WDR60","green"
"NME8","purple","AP4M1","green"
"NME8","purple","TUBA1C","green"
"NME8","purple","RPL11","green"
"NME8","purple","CAPS","green"
"GNPTG","green","SGSH","magenta"
"HAUS4","magenta","TUBA4A","green"
"HAUS4","magenta","YWHAE","green"
"HAUS4","magenta","TUBB","green"
"HAUS4","magenta","TUBB4B","green"
"HAUS4","magenta","ACTR1A","green"
"HAUS4","magenta","CEP78","purple"
"XYLB","magenta","DUSP12","green"
"XYLB","magenta","IST1","green"
"KLHL20","green","CAND1","magenta"
"KLHL20","green","DAPK2","purple"
"KLHL20","green","SRD5A3","magenta"
"ANKRD54","green","TXK","purple"
"ANKRD54","green","LYN","purple"
"CENPM","green","ORC6","magenta"
"CENPM","green","OIP5","magenta"
"CENPM","green","DLGAP5","magenta"
"CENPM","green","NCAPG","magenta"
"CENPM","green","GINS2","magenta"
"CENPM","green","CCNB1","magenta"
"CENPM","green","KIF23","magenta"
"CENPM","green","MCM4","magenta"
"CENPM","green","PKMYT1","magenta"
"CENPM","green","ASF1B","magenta"
"CENPM","green","SPC25","magenta"
"CENPM","green","SKA1","magenta"
"CENPM","green","CCNB2","magenta"
"CENPM","green","MELK","magenta"
"CENPM","green","PCLAF","magenta"
"CENPM","green","PLK1","magenta"
"CENPM","green","TPX2","magenta"
"CENPM","green","BIRC5","magenta"
"CENPM","green","BUB1","magenta"
"CENPM","green","FEN1","magenta"
"CENPM","green","SHCBP1","magenta"
"CENPM","green","MCM7","magenta"
"CENPM","green","TYMS","magenta"
"CENPM","green","KIF15","magenta"
"CENPM","green","CENPA","magenta"
"CENPM","green","UBE2C","magenta"
"CENPM","green","H2BC12","magenta"
"CENPM","green","RRM2","magenta"
"CENPM","green","DTL","magenta"
"CENPM","green","NEK2","magenta"
"CENPM","green","KIF14","magenta"
"CENPM","green","ASPM","magenta"
"CENPM","green","CENPW","magenta"
"CENPM","green","MKI67","magenta"
"CENPM","green","KIF2C","magenta"
"CENPM","green","CDC20","magenta"
"CENPM","green","CDCA8","magenta"
"CENPM","green","ZWINT","magenta"
"CENPM","green","KIF4A","magenta"
"CENPM","green","PTTG1","magenta"
"CENPM","green","CDK1","magenta"
"CENPM","green","CDC45","magenta"
"CENPM","green","TOP2A","magenta"
"CENPM","green","MCM10","magenta"
"CENPM","green","SPC24","magenta"
"CENPM","green","UHRF1","magenta"
"CENPM","green","CCNA2","magenta"
"CENPM","green","RAD51","magenta"
"CENPM","green","NUSAP1","magenta"
"RIPK3","green","IFNG","purple"
"RIPK3","green","APOBEC3G","purple"
"GZMH","purple","CD38","magenta"
"GZMH","purple","GZMK","green"
"GZMH","purple","CD96","green"
"GZMH","purple","HAVCR2","magenta"
"GZMH","purple","MKI67","magenta"
"GZMH","purple","FOXP3","green"
"GZMB","purple","CD38","magenta"
"GZMB","purple","GZMK","green"
"GZMB","purple","TUBA4A","green"
"GZMB","purple","IL12RB2","magenta"
"GZMB","purple","TP53","green"
"GZMB","purple","CD96","green"
"GZMB","purple","ANXA5","green"
"GZMB","purple","HAVCR2","magenta"
"GZMB","purple","CASP2","green"
"GZMB","purple","TUBA1B","green"
"GZMB","purple","STAT1","magenta"
"GZMB","purple","MKI67","magenta"
"GZMB","purple","FOXP3","green"
"GZMB","purple","TNFRSF4","green"
"GZMB","purple","SH2D2A","green"
"GZMB","purple","GAPDH","green"
"GZMB","purple","PDCD1LG2","magenta"
"GZMB","purple","TNF","green"
"GZMB","purple","GSDMD","green"
"GZMB","purple","MAML2","green"
"GZMB","purple","TUBA1C","green"
"GZMB","purple","IL12RB1","green"
"GZMB","purple","IRF3","green"
"GZMB","purple","ACTB","green"
"GZMB","purple","SPN","green"
"GZMB","purple","ZBTB7B","green"
"CGRRF1","green","ADGRG5","purple"
"PSME2","green","IFNG","purple"
"PSME2","green","STAT1","magenta"
"PSME2","green","PSMB2","magenta"
"MYBL2","green","ORC6","magenta"
"MYBL2","green","DLGAP5","magenta"
"MYBL2","green","NCAPG","magenta"
"MYBL2","green","GINS2","magenta"
"MYBL2","green","CCNB1","magenta"
"MYBL2","green","KIF23","magenta"
"MYBL2","green","MCM4","magenta"
"MYBL2","green","PKMYT1","magenta"
"MYBL2","green","ASF1B","magenta"
"MYBL2","green","CCNB2","magenta"
"MYBL2","green","MELK","magenta"
"MYBL2","green","PLK1","magenta"
"MYBL2","green","TPX2","magenta"
"MYBL2","green","BIRC5","magenta"
"MYBL2","green","BUB1","magenta"
"MYBL2","green","FEN1","magenta"
"MYBL2","green","CDCA7","magenta"
"MYBL2","green","MCM7","magenta"
"MYBL2","green","CLSPN","magenta"
"MYBL2","green","TYMS","magenta"
"MYBL2","green","EZH2","magenta"
"MYBL2","green","E2F7","magenta"
"MYBL2","green","KIF15","magenta"
"MYBL2","green","CDCA2","magenta"
"MYBL2","green","CENPA","magenta"
"MYBL2","green","UBE2C","magenta"
"MYBL2","green","RRM2","magenta"
"MYBL2","green","EXO1","magenta"
"MYBL2","green","DTL","magenta"
"MYBL2","green","NEK2","magenta"
"MYBL2","green","ASPM","magenta"
"MYBL2","green","MKI67","magenta"
"MYBL2","green","ORC1","magenta"
"MYBL2","green","KIF2C","magenta"
"MYBL2","green","CDC20","magenta"
"MYBL2","green","CDCA8","magenta"
"MYBL2","green","ZWINT","magenta"
"MYBL2","green","KIF4A","magenta"
"MYBL2","green","PTTG1","magenta"
"MYBL2","green","CDK1","magenta"
"MYBL2","green","CDC45","magenta"
"MYBL2","green","TOP2A","magenta"
"MYBL2","green","MCM10","magenta"
"MYBL2","green","BRCA1","magenta"
"MYBL2","green","CCNE2","magenta"
"MYBL2","green","UHRF1","magenta"
"MYBL2","green","CCNA2","magenta"
"MYBL2","green","RAD51","magenta"
"MYBL2","green","NUSAP1","magenta"
"SLCO4A1","magenta","SLC15A4","purple"
"SLCO4A1","magenta","SLC38A1","green"
"APMAP","purple","HSPBP1","green"
"APMAP","purple","POLR1A","green"
"APMAP","purple","EXOSC4","green"
"APMAP","purple","FARSA","green"
"APMAP","purple","IMP3","green"
"APMAP","purple","PDCD11","green"
"APMAP","purple","COPZ1","green"
"APMAP","purple","TK1","green"
"APMAP","purple","RPL11","green"
"APMAP","purple","THUMPD2","green"
"ORC6","magenta","RRM1","green"
"ORC6","magenta","PSPC1","green"
"ORC6","magenta","GTSE1","green"
"ORC6","magenta","CDCA3","green"
"ORC6","magenta","TK1","green"
"ORC6","magenta","MCM3","green"
"KNOP1","green","KIF14","magenta"
"KNOP1","green","MKI67","magenta"
"CSK","green","RNF144A","magenta"
"CSK","green","GNG2","purple"
"CSK","green","HLA-DQA1","purple"
"CSK","green","HLA-DRB1","purple"
"CSK","green","CD244","purple"
"CSK","green","FGR","purple"
"CSK","green","HLA-DQB1","purple"
"CSK","green","CDK1","magenta"
"CSK","green","PDCD1LG2","magenta"
"CSK","green","HLA-DPA1","purple"
"CSK","green","CDC45","magenta"
"CSK","green","HLA-DPB1","purple"
"CSK","green","LYN","purple"
"OIP5","magenta","CDCA5","green"
"OIP5","magenta","EXOSC4","green"
"OIP5","magenta","RBBP4","green"
"OIP5","magenta","NCAPG2","green"
"OIP5","magenta","HJURP","green"
"OIP5","magenta","CDCA3","green"
"OIP5","magenta","TK1","green"
"OIP5","magenta","HNRNPDL","green"
"NKG7","purple","CD38","magenta"
"NKG7","purple","GZMK","green"
"NKG7","purple","CD96","green"
"NKG7","purple","HAVCR2","magenta"
"NKG7","purple","SASH3","green"
"NKG7","purple","PSMB10","green"
"NKG7","purple","STAT1","magenta"
"NKG7","purple","MKI67","magenta"
"NKG7","purple","FOXP3","green"
"NKG7","purple","TNFRSF4","green"
"NKG7","purple","TNF","green"
"NKG7","purple","TOP2A","magenta"
"AIMP2","green","MCM7","magenta"
"AIMP2","green","KIF14","magenta"
"AIMP2","green","CDK1","magenta"
"AIMP2","green","PDIA6","magenta"
"AIMP2","green","KPNA2","magenta"
"AIMP2","green","CAND1","magenta"
"AIMP2","green","RCC1","magenta"
"DDX5","green","KIF23","magenta"
"DDX5","green","MCM7","magenta"
"DDX5","green","EZH2","magenta"
"DDX5","green","CENPA","magenta"
"DDX5","green","KIF14","magenta"
"DDX5","green","ZWINT","magenta"
"DDX5","green","SPC24","magenta"
"ABI3","green","EPS8","magenta"
"MRPL27","green","MT-ND5","magenta"
"MRPL27","green","SPG7","magenta"
"TNFAIP1","green","KIF14","magenta"
"CD38","magenta","SELPLG","green"
"CD38","magenta","IFNG","purple"
"CD38","magenta","GZMK","green"
"CD38","magenta","ITGB7","green"
"CD38","magenta","TP53","green"
"CD38","magenta","GZMA","purple"
"CD38","magenta","CD96","green"
"CD38","magenta","ANXA5","green"
"CD38","magenta","CCR10","green"
"CD38","magenta","CX3CR1","purple"
"CD38","magenta","FCGR3A","purple"
"CD38","magenta","CD244","purple"
"CD38","magenta","SLAMF7","purple"
"CD38","magenta","ADA","green"
"CD38","magenta","FOXP3","green"
"CD38","magenta","TNFRSF4","green"
"CD38","magenta","GAPDH","green"
"CD38","magenta","EOMES","purple"
"CD38","magenta","PRF1","purple"
"CD38","magenta","TNF","green"
"CD38","magenta","LYN","purple"
"CD38","magenta","B3GAT1","purple"
"CD38","magenta","GNLY","purple"
"CD38","magenta","CCL5","purple"
"CD38","magenta","CCL4","purple"
"CD38","magenta","ITGAM","purple"
"CD38","magenta","SPN","green"
"CTSC","purple","TMED2","magenta"
"CTSC","purple","BIRC5","magenta"
"CTSC","purple","SEC22B","green"
"SELPLG","green","IFNG","purple"
"SELPLG","green","ESAM","purple"
"SELPLG","green","CX3CR1","purple"
"SELPLG","green","FCGR3A","purple"
"SELPLG","green","CST7","purple"
"SELPLG","green","CCL5","purple"
"SELPLG","green","ITGAM","purple"
"IL23A","magenta","IFNG","purple"
"IL23A","magenta","FOXP3","green"
"IL23A","magenta","TNF","green"
"IL23A","magenta","IL12RB1","green"
"IL23A","magenta","ITGAM","purple"
"CDKN1B","green","CCNB1","magenta"
"CDKN1B","green","CCNB2","magenta"
"CDKN1B","green","BIRC5","magenta"
"CDKN1B","green","MCM7","magenta"
"CDKN1B","green","CKS1B","magenta"
"CDKN1B","green","EZH2","magenta"
"CDKN1B","green","UBE2C","magenta"
"CDKN1B","green","DTL","magenta"
"CDKN1B","green","KIF14","magenta"
"CDKN1B","green","MKI67","magenta"
"CDKN1B","green","CDC20","magenta"
"CDKN1B","green","PSMB2","magenta"
"CDKN1B","green","CKS2","magenta"
"CDKN1B","green","CDK1","magenta"
"CDKN1B","green","STMN1","magenta"
"CDKN1B","green","BRCA1","magenta"
"CDKN1B","green","LYN","purple"
"CDKN1B","green","CCNE2","magenta"
"CDKN1B","green","KPNA2","magenta"
"CDKN1B","green","CCNA2","magenta"
"CDKN1B","green","GPR19","magenta"
"IFNG","purple","GZMK","green"
"IFNG","purple","BST2","green"
"IFNG","purple","TRIM21","green"
"IFNG","purple","OASL","green"
"IFNG","purple","CDK4","green"
"IFNG","purple","RORA","green"
"IFNG","purple","IL12RB2","magenta"
"IFNG","purple","ITGB7","green"
"IFNG","purple","TP53","green"
"IFNG","purple","CD96","green"
"IFNG","purple","BTN3A1","magenta"
"IFNG","purple","IL10RB","green"
"IFNG","purple","ANXA5","green"
"IFNG","purple","BIRC5","magenta"
"IFNG","purple","HAVCR2","magenta"
"IFNG","purple","NQO1","magenta"
"IFNG","purple","EZH2","magenta"
"IFNG","purple","CCR10","green"
"IFNG","purple","OAS2","green"
"IFNG","purple","WARS1","green"
"IFNG","purple","PSMB10","green"
"IFNG","purple","STAT1","magenta"
"IFNG","purple","PSMB5","green"
"IFNG","purple","MKI67","magenta"
"IFNG","purple","GBP2","magenta"
"IFNG","purple","ADA","green"
"IFNG","purple","PSMB2","magenta"
"IFNG","purple","PSMB9","green"
"IFNG","purple","PSMB8","green"
"IFNG","purple","FOXP3","green"
"IFNG","purple","TNFRSF1B","green"
"IFNG","purple","TNFRSF25","green"
"IFNG","purple","TNFRSF4","green"
"IFNG","purple","ATG16L1","green"
"IFNG","purple","ETS1","green"
"IFNG","purple","KEAP1","green"
"IFNG","purple","TYMP","green"
"IFNG","purple","GAPDH","green"
"IFNG","purple","PDCD1LG2","magenta"
"IFNG","purple","OAS1","green"
"IFNG","purple","IFI35","green"
"IFNG","purple","TNF","green"
"IFNG","purple","GSDMD","green"
"IFNG","purple","CD63","green"
"IFNG","purple","IL12RB1","green"
"IFNG","purple","IRF3","green"
"IFNG","purple","ACTB","green"
"IFNG","purple","FCRL3","magenta"
"IFNG","purple","SPN","green"
"STK38","green","CCNB1","magenta"
"STK38","green","PLK1","magenta"
"STK38","green","PPP2R2B","purple"
"GMNN","magenta","PSMD3","green"
"GMNN","magenta","CDR2","green"
"GMNN","magenta","CDCA5","green"
"GMNN","magenta","RRM1","green"
"GMNN","magenta","NCAPD2","green"
"GMNN","magenta","PSMB5","green"
"GMNN","magenta","CCNF","green"
"GMNN","magenta","CDCA3","green"
"GMNN","magenta","TK1","green"
"GMNN","magenta","ADRM1","green"
"GMNN","magenta","MCM3","green"
"BYSL","green","KIF14","magenta"
"BYSL","green","KRT18","magenta"
"GZMK","green","FGFBP2","purple"
"GZMK","green","GZMA","purple"
"GZMK","green","HAVCR2","magenta"
"GZMK","green","CX3CR1","purple"
"GZMK","green","HLA-DRB1","purple"
"GZMK","green","XCL2","purple"
"GZMK","green","FCGR3A","purple"
"GZMK","green","CD244","purple"
"GZMK","green","SLAMF7","purple"
"GZMK","green","MKI67","magenta"
"GZMK","green","EOMES","purple"
"GZMK","green","ZNF683","purple"
"GZMK","green","HLA-DPA1","purple"
"GZMK","green","PRF1","purple"
"GZMK","green","CST7","purple"
"GZMK","green","GNLY","purple"
"GZMK","green","CCL5","purple"
"GZMK","green","CCL4","purple"
"GZMK","green","CCL4L2","purple"
"THG1L","green","PACSIN2","purple"
"SLC1A4","green","SLC16A1","magenta"
"PLEK","purple","VASP","green"
"PLEK","purple","TUBA4A","green"
"PLEK","purple","RAC2","green"
"PLEK","purple","RASGRF2","magenta"
"PLEK","purple","TP53","green"
"PLEK","purple","DOK2","green"
"PLEK","purple","GNAQ","green"
"PLEK","purple","ANXA5","green"
"PLEK","purple","ARHGAP12","green"
"PLEK","purple","SASH3","green"
"PLEK","purple","GAPDH","green"
"PLEK","purple","TNF","green"
"PLEK","purple","SH3BP2","green"
"PLEK","purple","ADRM1","green"
"PLEK","purple","MYO1F","green"
"PLEK","purple","AGAP2","green"
"PLEK","purple","RGS19","green"
"KISS1R","green","NMU","magenta"
"KISS1R","green","PROK2","purple"
"KISS1R","green","GNG2","purple"
"PDZD11","green","KIF4A","magenta"
"PDZD11","green","SPG7","magenta"
"PYROXD1","green","ORAI2","magenta"
"CLTA","green","HIP1R","magenta"
"CLTA","green","ADRB2","purple"
"CLTA","green","HLA-DQA1","purple"
"CLTA","green","HLA-DRB1","purple"
"CLTA","green","KIF14","magenta"
"CLTA","green","KIF4A","magenta"
"CLTA","green","HLA-DQB1","purple"
"CLTA","green","HLA-DPA1","purple"
"CLTA","green","HLA-DPB1","purple"
"B9D2","green","CCNB1","magenta"
"B9D2","green","CCNB2","magenta"
"B9D2","green","PLK1","magenta"
"B9D2","green","KIF14","magenta"
"B9D2","green","CDC20","magenta"
"B9D2","green","CDK1","magenta"
"MT2A","magenta","MT1E","purple"
"MT2A","magenta","ATOX1","green"
"RAP2A","purple","RABGGTB","green"
"RAP2A","purple","RAP2C","green"
"RAP2A","purple","CNP","green"
"VASP","green","F2R","purple"
"VASP","green","RAD51","magenta"
"VASP","green","EPS8","magenta"
"S1PR4","green","S1PR5","purple"
"S1PR4","green","FGR","purple"
"DLGAP5","magenta","TUBA4A","green"
"DLGAP5","magenta","CDCA5","green"
"DLGAP5","magenta","RRM1","green"
"DLGAP5","magenta","NCAPD2","green"
"DLGAP5","magenta","TUBA1B","green"
"DLGAP5","magenta","TUBB4B","green"
"DLGAP5","magenta","CCNF","green"
"DLGAP5","magenta","NCAPG2","green"
"DLGAP5","magenta","HJURP","green"
"DLGAP5","magenta","GTSE1","green"
"DLGAP5","magenta","MAML2","green"
"DLGAP5","magenta","CDCA3","green"
"DLGAP5","magenta","TUBA1C","green"
"DLGAP5","magenta","TK1","green"
"DLGAP5","magenta","MCM3","green"
"DLGAP5","magenta","CAPS","green"
"L3HYPDH","green","CCNE2","magenta"
"PLEKHG3","green","DEPDC1B","magenta"
"PLEKHG3","green","KIF14","magenta"
"FBXL12","magenta","CCNF","green"
"TUBA4A","green","KIF23","magenta"
"TUBA4A","green","PLK1","magenta"
"TUBA4A","green","TPX2","magenta"
"TUBA4A","green","KIF14","magenta"
"TUBA4A","green","STMN1","magenta"
"TUBA4A","green","UHRF1","magenta"
"SDF2L1","green","TMED2","magenta"
"SDF2L1","green","PDIA6","magenta"
"RAC2","green","DEPDC1B","magenta"
"RAC2","green","GNG2","purple"
"RAC2","green","KIF14","magenta"
"RAC2","green","GNG7","magenta"
"RAC2","green","LYN","purple"
"RAC2","green","ITGAM","purple"
"STRIP2","magenta","PPP4C","green"
"MPDU1","green","SRD5A3","magenta"
"NCAPG","magenta","CDCA5","green"
"NCAPG","magenta","RRM1","green"
"NCAPG","magenta","NCAPD2","green"
"NCAPG","magenta","TUBA1B","green"
"NCAPG","magenta","FOXP3","green"
"NCAPG","magenta","CCNF","green"
"NCAPG","magenta","NCAPG2","green"
"NCAPG","magenta","HJURP","green"
"NCAPG","magenta","GTSE1","green"
"NCAPG","magenta","CDCA3","green"
"NCAPG","magenta","TK1","green"
"NCAPG","magenta","MCM3","green"
"DPF2","green","H2AZ1","magenta"
"DPF2","green","H2BC12","magenta"
"BST2","green","KIF23","magenta"
"BST2","green","STAT1","magenta"
"BST2","green","KIF14","magenta"
"BST2","green","FCGR3A","purple"
"BST2","green","GBP2","magenta"
"BST2","green","APOBEC3G","purple"
"BST2","green","ITGAM","purple"
"SESN2","green","MTHFD2","magenta"
"SESN2","green","SESN1","magenta"
"SESN2","green","PRR5L","purple"
"HIP1R","magenta","AP4E1","green"
"HIP1R","magenta","SF3B4","green"
"HIP1R","magenta","SCD5","purple"
"HIP1R","magenta","WARS1","green"
"HIP1R","magenta","BLOC1S3","green"
"HIP1R","magenta","GTSE1","green"
"HIP1R","magenta","ACTB","green"
"RBM39","green","MCM4","magenta"
"RBM39","green","FEN1","magenta"
"RBM39","green","MCM7","magenta"
"RBM39","green","RRM2","magenta"
"RBM39","green","MKI67","magenta"
"RBM39","green","PDIA6","magenta"
"RBM39","green","STMN1","magenta"
"RBM39","green","TOP2A","magenta"
"RBM39","green","KPNA2","magenta"
"RBM39","green","CAND1","magenta"
"RBM39","green","RCC1","magenta"
"RBM39","green","EFHD2","purple"
"GINS2","magenta","CDCA5","green"
"GINS2","magenta","LRR1","green"
"GINS2","magenta","RRM1","green"
"GINS2","magenta","NCAPD2","green"
"GINS2","magenta","HJURP","green"
"GINS2","magenta","GTSE1","green"
"GINS2","magenta","CDCA3","green"
"GINS2","magenta","TK1","green"
"GINS2","magenta","MCM3","green"
"PRKAB2","green","GNG2","purple"
"PRKAB2","green","GNG7","magenta"
"PRKAB2","green","SESN1","magenta"
"SNRPA1","green","FAM32A","magenta"
"SNRPA1","green","NEIL3","magenta"
"SNRPA1","green","H2AZ1","magenta"
"SNRPA1","green","MCM7","magenta"
"SNRPA1","green","PSMB2","magenta"
"TRIM21","green","FABP5","magenta"
"TRIM21","green","CLSPN","magenta"
"TRIM21","green","NQO1","magenta"
"TRIM21","green","CENPA","magenta"
"TRIM21","green","UBE2C","magenta"
"TRIM21","green","HLA-DRB1","purple"
"TRIM21","green","STAT1","magenta"
"TRIM21","green","NEK2","magenta"
"TRIM21","green","KIF14","magenta"
"TRIM21","green","GBP2","magenta"
"TRIM21","green","PDIA6","magenta"
"TRIM47","green","PLK1","magenta"
"TRIM47","green","BRCA1","magenta"
"MED10","green","H2AZ1","magenta"
"MED10","green","BIRC5","magenta"
"MICAL2","green","KIF23","magenta"
"MICAL2","green","KIF14","magenta"
"SARAF","green","ORAI2","magenta"
"CCNB1","magenta","CDK4","green"
"CCNB1","magenta","YWHAE","green"
"CCNB1","magenta","TP53","green"
"CCNB1","magenta","CDCA5","green"
"CCNB1","magenta","ANXA5","green"
"CCNB1","magenta","RRM1","green"
"CCNB1","magenta","RNASEH2C","green"
"CCNB1","magenta","RAB1B","green"
"CCNB1","magenta","UBE2N","green"
"CCNB1","magenta","NCAPD2","green"
"CCNB1","magenta","H2AC14","green"
"CCNB1","magenta","H1-5","green"
"CCNB1","magenta","H2AC20","green"
"CCNB1","magenta","CCNG1","green"
"CCNB1","magenta","JPT1","green"
"CCNB1","magenta","DZIP3","green"
"CCNB1","magenta","E2F2","green"
"CCNB1","magenta","DEDD","green"
"CCNB1","magenta","RBBP4","green"
"CCNB1","magenta","H2AC12","green"
"CCNB1","magenta","H4C3","green"
"CCNB1","magenta","RAE1","green"
"CCNB1","magenta","GAPDH","green"
"CCNB1","magenta","CCNF","green"
"CCNB1","magenta","CCNL2","green"
"CCNB1","magenta","NCAPG2","green"
"CCNB1","magenta","DSN1","green"
"CCNB1","magenta","ACTL6A","green"
"CCNB1","magenta","TNF","green"
"CCNB1","magenta","HJURP","green"
"CCNB1","magenta","GTSE1","green"
"CCNB1","magenta","BCLAF1","green"
"CCNB1","magenta","CDCA3","green"
"CCNB1","magenta","TK1","green"
"CCNB1","magenta","VRK3","green"
"CCNB1","magenta","MCM3","green"
"CCNB1","magenta","HNRNPDL","green"
"CCNB1","magenta","H2BC15","green"
"CCNB1","magenta","ACTB","green"
"OASL","green","STAT1","magenta"
"OASL","green","GBP2","magenta"
"OASL","green","CCL5","purple"
"TRAFD1","green","ETV7","magenta"
"TRAFD1","green","STAT1","magenta"
"TRAFD1","green","ASPM","magenta"
"CDK4","green","MCM4","magenta"
"CDK4","green","CCNB2","magenta"
"CDK4","green","PLK1","magenta"
"CDK4","green","BIRC5","magenta"
"CDK4","green","BUB1","magenta"
"CDK4","green","FEN1","magenta"
"CDK4","green","MCM7","magenta"
"CDK4","green","CKS1B","magenta"
"CDK4","green","TYMS","magenta"
"CDK4","green","EZH2","magenta"
"CDK4","green","UBE2C","magenta"
"CDK4","green","H2BC12","magenta"
"CDK4","green","STAT1","magenta"
"CDK4","green","ASPM","magenta"
"CDK4","green","MKI67","magenta"
"CDK4","green","CDC20","magenta"
"CDK4","green","CDCA8","magenta"
"CDK4","green","PTTG1","magenta"
"CDK4","green","CDK1","magenta"
"CDK4","green","DHFR","magenta"
"CDK4","green","CDC45","magenta"
"CDK4","green","STMN1","magenta"
"CDK4","green","TOP2A","magenta"
"CDK4","green","BRCA1","magenta"
"CDK4","green","LYN","purple"
"CDK4","green","CCNE2","magenta"
"CDK4","green","CCNA2","magenta"
"CDK4","green","RAD51","magenta"
"CDK4","green","RCC1","magenta"
"RAB11FIP5","green","ALS2CL","magenta"
"TACO1","green","MT-ND5","magenta"
"TOR1B","green","HLA-DQA1","purple"
"TOR1B","green","HLA-DRB1","purple"
"TOR1B","green","HLA-DQB1","purple"
"TOR1B","green","FBXO6","purple"
"TOR1B","green","HLA-DPA1","purple"
"TOR1B","green","HLA-DPB1","purple"
"MRPS18B","green","MT-ND5","magenta"
"FGFBP2","purple","HAVCR2","magenta"
"DCUN1D5","green","DTL","magenta"
"DCUN1D5","green","PSMB2","magenta"
"DCUN1D5","green","CAND1","magenta"
"KIF23","magenta","WDR12","green"
"KIF23","magenta","NOP58","green"
"KIF23","magenta","YWHAE","green"
"KIF23","magenta","HNRNPH3","green"
"KIF23","magenta","SLC15A4","purple"
"KIF23","magenta","SF3B4","green"
"KIF23","magenta","CDCA5","green"
"KIF23","magenta","KIF27","purple"
"KIF23","magenta","RRM1","green"
"KIF23","magenta","DDB1","green"
"KIF23","magenta","GNB2","green"
"KIF23","magenta","SF3B3","green"
"KIF23","magenta","DDX23","green"
"KIF23","magenta","PABPC1","green"
"KIF23","magenta","FARSA","green"
"KIF23","magenta","IMPDH2","green"
"KIF23","magenta","NCAPD2","green"
"KIF23","magenta","SRSF7","green"
"KIF23","magenta","IMP3","green"
"KIF23","magenta","H1-5","green"
"KIF23","magenta","SF3B1","green"
"KIF23","magenta","APOBEC3C","green"
"KIF23","magenta","PDCD11","green"
"KIF23","magenta","ACTR1A","green"
"KIF23","magenta","RAP2C","green"
"KIF23","magenta","GNAS","green"
"KIF23","magenta","ALDH18A1","green"
"KIF23","magenta","MEAF6","green"
"KIF23","magenta","TXLNA","green"
"KIF23","magenta","GART","green"
"KIF23","magenta","SRSF2","green"
"KIF23","magenta","CCT4","green"
"KIF23","magenta","PPHLN1","green"
"KIF23","magenta","GAPDH","green"
"KIF23","magenta","CCNF","green"
"KIF23","magenta","ARGLU1","green"
"KIF23","magenta","NCAPG2","green"
"KIF23","magenta","CNBP","green"
"KIF23","magenta","HJURP","green"
"KIF23","magenta","GTSE1","green"
"KIF23","magenta","HNRNPAB","green"
"KIF23","magenta","LYN","purple"
"KIF23","magenta","ATOX1","green"
"KIF23","magenta","BANF1","green"
"KIF23","magenta","BCLAF1","green"
"KIF23","magenta","CDCA3","green"
"KIF23","magenta","SRSF5","green"
"KIF23","magenta","TK1","green"
"KIF23","magenta","MCM3","green"
"KIF23","magenta","HNRNPDL","green"
"KIF23","magenta","MYO1F","green"
"KIF23","magenta","RPL11","green"
"KIF23","magenta","EIF4A3","green"
"KIF23","magenta","OXNAD1","green"
"KIF23","magenta","BEX2","green"
"WDR12","green","MCM7","magenta"
"WDR12","green","KIF14","magenta"
"RORA","green","BIRC5","magenta"
"RORA","green","EZH2","magenta"
"RORA","green","EOMES","purple"
"RNF138","green","PSMB2","magenta"
"ANKRD13A","green","STMN3","magenta"
"AP4E1","green","SPPL2A","magenta"
"AP4E1","green","SPG7","magenta"
"SPPL2A","magenta","CCNF","green"
"SPPL2A","magenta","TNF","green"
"SPPL2A","magenta","IL12RB1","green"
"MCM4","magenta","TP53","green"
"MCM4","magenta","MOB3C","green"
"MCM4","magenta","CDCA5","green"
"MCM4","magenta","LRR1","green"
"MCM4","magenta","RRM1","green"
"MCM4","magenta","TOP3A","green"
"MCM4","magenta","NCAPD2","green"
"MCM4","magenta","SF3B1","green"
"MCM4","magenta","E2F2","green"
"MCM4","magenta","ALDH18A1","green"
"MCM4","magenta","DNAJC9","green"
"MCM4","magenta","CCNF","green"
"MCM4","magenta","NCAPG2","green"
"MCM4","magenta","HJURP","green"
"MCM4","magenta","GTSE1","green"
"MCM4","magenta","CDCA3","green"
"MCM4","magenta","TK1","green"
"MCM4","magenta","MCM3","green"
"TRAM1","green","TMED2","magenta"
"TMED2","magenta","GPC1","green"
"TMED2","magenta","GOLPH3","purple"
"TMED2","magenta","RAB1B","green"
"TMED2","magenta","F2R","purple"
"TMED2","magenta","DDRGK1","green"
"TMED2","magenta","YIPF3","green"
"TMED2","magenta","CCNF","green"
"TMED2","magenta","COPZ1","green"
"TMED2","magenta","SEC22B","green"
"TMED2","magenta","CNIH4","green"
"VMP1","green","DTL","magenta"
"PKMYT1","magenta","CDCA5","green"
"PKMYT1","magenta","RNF149","green"
"PKMYT1","magenta","RRM1","green"
"PKMYT1","magenta","E2F2","green"
"PKMYT1","magenta","FANCG","green"
"PKMYT1","magenta","PPP2R2B","purple"
"PKMYT1","magenta","CCNF","green"
"PKMYT1","magenta","HJURP","green"
"PKMYT1","magenta","GTSE1","green"
"PKMYT1","magenta","CDCA3","green"
"PKMYT1","magenta","TK1","green"
"PKMYT1","magenta","MCM3","green"
"PKMYT1","magenta","SAC3D1","green"
"IL12RB2","magenta","FOXP3","green"
"IL12RB2","magenta","EOMES","purple"
"IL12RB2","magenta","PRF1","purple"
"IL12RB2","magenta","TNF","green"
"IL12RB2","magenta","IL12RB1","green"
"ALG1","green","SRD5A3","magenta"
"RNF167","green","UBE2C","magenta"
"RNF167","green","HLA-DPA1","purple"
"SLC9A3R1","green","ADRB2","purple"
"SLC9A3R1","green","ESCO2","magenta"
"SLC9A3R1","green","CDK1","magenta"
"MTPAP","green","SPG7","magenta"
"PACSIN2","purple","FNBP1","green"
"PACSIN2","purple","HSPA8","green"
"ASF1B","magenta","CDCA5","green"
"ASF1B","magenta","NIPSNAP2","green"
"ASF1B","magenta","TLK2","green"
"ASF1B","magenta","H2AC20","green"
"ASF1B","magenta","DNAJC9","green"
"ASF1B","magenta","RBBP4","green"
"ASF1B","magenta","H4C3","green"
"ASF1B","magenta","NCAPG2","green"
"ASF1B","magenta","CSTF2","green"
"ASF1B","magenta","HJURP","green"
"ASF1B","magenta","CDCA3","green"
"ASF1B","magenta","TK1","green"
"ASF1B","magenta","MCM3","green"
"FAM32A","magenta","CASC3","green"
"FAM32A","magenta","GPANK1","green"
"FAM32A","magenta","DDX39B","green"
"FAM32A","magenta","GNLY","purple"
"FAM32A","magenta","EIF4A3","green"
"FNBP4","green","MTCH2","magenta"
"FNBP4","green","BRCA1","magenta"
"POLR1A","green","H2BC12","magenta"
"POLR1A","green","CDCA8","magenta"
"POLR1A","green","BRCA1","magenta"
"GPC1","green","STMN1","magenta"
"GPC1","green","LYN","purple"
"GPC1","green","B3GAT1","purple"
"GPC1","green","SLC16A1","magenta"
"NMU","magenta","PROK2","purple"
"NMU","magenta","GNB2","green"
"NMU","magenta","ADRB2","purple"
"NMU","magenta","F2R","purple"
"NMU","magenta","GNG2","purple"
"NMU","magenta","HLA-DPA1","purple"
"NMU","magenta","RGS19","green"
"NOP58","green","KIF14","magenta"
"NOP58","green","MKI67","magenta"
"NOP58","green","KPNA2","magenta"
"TXK","purple","FUT7","green"
"TXK","purple","GRAP2","green"
"TXK","purple","SH2D2A","green"
"YWHAE","green","PLK1","magenta"
"YWHAE","green","EXO1","magenta"
"YWHAE","green","DTL","magenta"
"YWHAE","green","KIF14","magenta"
"YWHAE","green","HIVEP3","magenta"
"YWHAE","green","TOP2A","magenta"
"YWHAE","green","MCM10","magenta"
"RBBP5","green","H2AZ1","magenta"
"RBBP5","green","EZH2","magenta"
"RBBP5","green","ASCL2","purple"
"RBBP5","green","H2BC12","magenta"
"RBBP5","green","STAT1","magenta"
"RBBP5","green","DTL","magenta"
"RBBP5","green","MKI67","magenta"
"RBBP5","green","KPNA2","magenta"
"RBBP5","green","CAND1","magenta"
"NEIL3","magenta","TINF2","green"
"NEIL3","magenta","TP53","green"
"NEIL3","magenta","H2AC14","green"
"NEIL3","magenta","H2AC20","green"
"NEIL3","magenta","NUDT1","green"
"NEIL3","magenta","HJURP","green"
"NEIL3","magenta","GTSE1","green"
"NEIL3","magenta","H2BC15","green"
"NEIL3","magenta","TATDN3","green"
"PSMD3","green","PLK1","magenta"
"PSMD3","green","CKS1B","magenta"
"PSMD3","green","UBE2C","magenta"
"PSMD3","green","ORC1","magenta"
"PSMD3","green","CDC20","magenta"
"PSMD3","green","HIVEP3","magenta"
"PSMD3","green","PSMB2","magenta"
"PSMD3","green","ACOT7","magenta"
"PSMD3","green","PTTG1","magenta"
"PSMD3","green","CDK1","magenta"
"PSMD3","green","CCNE2","magenta"
"PSMD3","green","CCNA2","magenta"
"DEPDC1B","magenta","CDCA5","green"
"DEPDC1B","magenta","NIPSNAP2","green"
"DEPDC1B","magenta","FNBP1","green"
"DEPDC1B","magenta","HJURP","green"
"DEPDC1B","magenta","GTSE1","green"
"DEPDC1B","magenta","CDCA3","green"
"DEPDC1B","magenta","SLC1A5","green"
"GOLPH3","purple","VPS35","green"
"GOLPH3","purple","RAB1B","green"
"GOLPH3","purple","MGAT1","green"
"GOLPH3","purple","TPST2","green"
"GOLPH3","purple","GMPPA","green"
"GOLPH3","purple","KIF14","magenta"
"GOLPH3","purple","GAPDH","green"
"GOLPH3","purple","CCNF","green"
"GOLPH3","purple","COPZ1","green"
"GOLPH3","purple","ACTB","green"
"GOLPH3","purple","SEC22B","green"
"GOLPH3","purple","AP2B1","green"
"GOLPH3","purple","CNIH4","green"
"RASGRF2","magenta","GNB2","green"
"RASGRF2","magenta","GNG2","purple"
"RASGRF2","magenta","LRRC7","green"
"HIBADH","green","KIF14","magenta"
"HIBADH","green","BCAT1","magenta"
"HNRNPH3","green","KIF14","magenta"
"SLC15A4","purple","CNDP2","green"
"SLC15A4","purple","SLC1A5","green"
"SLC15A4","purple","SLC38A1","green"
"SLC15A4","purple","SLC20A1","green"
"ITGB7","green","GZMA","purple"
"ITGB7","green","SLAMF7","purple"
"ITGB7","green","LYN","purple"
"ITGB7","green","ITGAM","purple"
"TINF2","green","FEN1","magenta"
"TINF2","green","H2BC12","magenta"
"TINF2","green","ACOT7","magenta"
"TINF2","green","ANXA4","purple"
"TINF2","green","BRCA1","magenta"
"TINF2","green","CCNA2","magenta"
"TINF2","green","ZNF790","magenta"
"CDR2","green","CDC20","magenta"
"NOB1","green","NQO1","magenta"
"NOB1","green","HLA-DPA1","purple"
"TP53","green","CCNB2","magenta"
"TP53","green","MELK","magenta"
"TP53","green","PLK1","magenta"
"TP53","green","TPX2","magenta"
"TP53","green","BIRC5","magenta"
"TP53","green","BUB1","magenta"
"TP53","green","ADRB2","purple"
"TP53","green","FEN1","magenta"
"TP53","green","MCM7","magenta"
"TP53","green","CKS1B","magenta"
"TP53","green","HAVCR2","magenta"
"TP53","green","CLSPN","magenta"
"TP53","green","TYMS","magenta"
"TP53","green","NQO1","magenta"
"TP53","green","EZH2","magenta"
"TP53","green","E2F7","magenta"
"TP53","green","MT1E","purple"
"TP53","green","CENPA","magenta"
"TP53","green","UBE2C","magenta"
"TP53","green","H2BC12","magenta"
"TP53","green","RRM2","magenta"
"TP53","green","STAT1","magenta"
"TP53","green","EXO1","magenta"
"TP53","green","DTL","magenta"
"TP53","green","NEK2","magenta"
"TP53","green","ASPM","magenta"
"TP53","green","MKI67","magenta"
"TP53","green","KIF2C","magenta"
"TP53","green","CDC20","magenta"
"TP53","green","PSMB2","magenta"
"TP53","green","ZWINT","magenta"
"TP53","green","FBXO6","purple"
"TP53","green","KRT18","magenta"
"TP53","green","PTTG1","magenta"
"TP53","green","CDK1","magenta"
"TP53","green","PDCD1LG2","magenta"
"TP53","green","SESN1","magenta"
"TP53","green","DHFR","magenta"
"TP53","green","PRF1","purple"
"TP53","green","STMN1","magenta"
"TP53","green","TOP2A","magenta"
"TP53","green","BRCA1","magenta"
"TP53","green","LYN","purple"
"TP53","green","CCNE2","magenta"
"TP53","green","USP10","purple"
"TP53","green","CCL5","purple"
"TP53","green","UHRF1","magenta"
"TP53","green","CCNA2","magenta"
"TP53","green","ZEB2","purple"
"TP53","green","RAD51","magenta"
"TP53","green","ITGAM","purple"
"TP53","green","RCC1","magenta"
"TP53","green","DAPK2","purple"
"KRT10","green","KRT18","magenta"
"KRT10","green","TOP2A","magenta"
"MOB3C","green","MCM7","magenta"
"MOB3C","green","TYMS","magenta"
"MOB3C","green","KIF4A","magenta"
"MOB3C","green","CDK1","magenta"
"SF3B4","green","KIF14","magenta"
"SF3B4","green","DHFR","magenta"
"S100A11","green","ANXA4","purple"
"LRIG1","magenta","ASCL2","purple"
"RNF7","green","UBE2C","magenta"
"RNF7","green","DTL","magenta"
"RNF7","green","APOBEC3G","purple"
"RNF7","green","LYN","purple"
"RNF7","green","CAND1","magenta"
"NDUFS6","green","MT-ND5","magenta"
"NDUFS6","green","PSMB2","magenta"
"GZMA","purple","CD96","green"
"GZMA","purple","HAVCR2","magenta"
"GZMA","purple","STAT1","magenta"
"GZMA","purple","MKI67","magenta"
"GZMA","purple","FOXP3","green"
"GZMA","purple","TNFRSF4","green"
"GZMA","purple","PDCD1LG2","magenta"
"GZMA","purple","TNF","green"
"GZMA","purple","GSDMD","green"
"GZMA","purple","ACTG1","green"
"GZMA","purple","AGAP2","green"
"CDCA5","green","SPC25","magenta"
"CDCA5","green","SKA1","magenta"
"CDCA5","green","CCNB2","magenta"
"CDCA5","green","MELK","magenta"
"CDCA5","green","PCLAF","magenta"
"CDCA5","green","PLK1","magenta"
"CDCA5","green","TPX2","magenta"
"CDCA5","green","BIRC5","magenta"
"CDCA5","green","BUB1","magenta"
"CDCA5","green","FEN1","magenta"
"CDCA5","green","SHCBP1","magenta"
"CDCA5","green","CDCA7","magenta"
"CDCA5","green","ESCO2","magenta"
"CDCA5","green","MCM7","magenta"
"CDCA5","green","CKS1B","magenta"
"CDCA5","green","CLSPN","magenta"
"CDCA5","green","TYMS","magenta"
"CDCA5","green","E2F7","magenta"
"CDCA5","green","KIF15","magenta"
"CDCA5","green","CDCA2","magenta"
"CDCA5","green","CENPA","magenta"
"CDCA5","green","UBE2C","magenta"
"CDCA5","green","RRM2","magenta"
"CDCA5","green","EXO1","magenta"
"CDCA5","green","DTL","magenta"
"CDCA5","green","NEK2","magenta"
"CDCA5","green","KIF14","magenta"
"CDCA5","green","ASPM","magenta"
"CDCA5","green","CENPW","magenta"
"CDCA5","green","MKI67","magenta"
"CDCA5","green","KIF2C","magenta"
"CDCA5","green","CDC20","magenta"
"CDCA5","green","CDCA8","magenta"
"CDCA5","green","ZWINT","magenta"
"CDCA5","green","KIF4A","magenta"
"CDCA5","green","CKS2","magenta"
"CDCA5","green","PTTG1","magenta"
"CDCA5","green","CDK1","magenta"
"CDCA5","green","CDC45","magenta"
"CDCA5","green","TOP2A","magenta"
"CDCA5","green","MCM10","magenta"
"CDCA5","green","SPC24","magenta"
"CDCA5","green","UHRF1","magenta"
"CDCA5","green","CCNA2","magenta"
"CDCA5","green","RAD51","magenta"
"CDCA5","green","NUSAP1","magenta"
"EPHA1","magenta","NCAPG2","green"
"DOK2","green","CD244","purple"
"DOK2","green","LYN","purple"
"TMX2","green","PDIA6","magenta"
"ESAM","purple","KIF14","magenta"
"ESAM","purple","ATP1B1","green"
"ESAM","purple","TNF","green"
"PPP4C","green","PLK1","magenta"
"PPP4C","green","FEN1","magenta"
"PPP4C","green","PPP2R2B","purple"
"PPP4C","green","CDK1","magenta"
"PPP4C","green","RAD51","magenta"
"PDCD4","green","EZH2","magenta"
"PDCD4","green","DTL","magenta"
"PDCD4","green","ZEB2","purple"
"PRSS23","purple","ACTB","green"
"CCT5","green","GNG2","purple"
"CCT5","green","KIF14","magenta"
"CCT5","green","CDC20","magenta"
"CCT5","green","PSMB2","magenta"
"CCT5","green","FBXO6","purple"
"CCT5","green","GNG7","magenta"
"CCT5","green","PPP2R2B","purple"
"CCT5","green","PDIA6","magenta"
"CCT5","green","CCNE2","magenta"
"SPC25","magenta","NCAPD2","green"
"SPC25","magenta","ATG16L1","green"
"SPC25","magenta","NCAPG2","green"
"SPC25","magenta","DSN1","green"
"SPC25","magenta","HJURP","green"
"SPC25","magenta","GTSE1","green"
"SPC25","magenta","CDCA3","green"
"SPC25","magenta","TK1","green"
"SPC25","magenta","JAGN1","green"
"USP12","green","RRM2","magenta"
"CD96","green","HAVCR2","magenta"
"CD96","green","XCL2","purple"
"CD96","green","FCGR3A","purple"
"CD96","green","CD244","purple"
"CD96","green","PDCD1LG2","magenta"
"CD96","green","EOMES","purple"
"CD96","green","PRF1","purple"
"CD96","green","CCL5","purple"
"SKA1","magenta","PPP2R2B","purple"
"SKA1","magenta","CCNF","green"
"SKA1","magenta","NCAPG2","green"
"SKA1","magenta","DSN1","green"
"SKA1","magenta","HJURP","green"
"SKA1","magenta","GTSE1","green"
"SKA1","magenta","CDCA3","green"
"SKA1","magenta","TK1","green"
"SKA1","magenta","FBXO33","green"
"C16orf87","green","H2AZ1","magenta"
"TMBIM4","green","PSMB2","magenta"
"GNAQ","green","ADRB2","purple"
"GNAQ","green","F2R","purple"
"GNAQ","green","VIPR1","magenta"
"GNAQ","green","GNG2","purple"
"GNAQ","green","CX3CR1","purple"
"GNAQ","green","GNG7","magenta"
"UBE2L6","green","RNF144A","magenta"
"UBE2L6","green","STAT1","magenta"
"UBE2L6","green","GBP2","magenta"
"UBE2L6","green","USP10","purple"
"CCNB2","magenta","RRM1","green"
"CCNB2","magenta","RNASEH2C","green"
"CCNB2","magenta","RAB1B","green"
"CCNB2","magenta","NCAPD2","green"
"CCNB2","magenta","CCNG1","green"
"CCNB2","magenta","E2F2","green"
"CCNB2","magenta","RBBP4","green"
"CCNB2","magenta","RAE1","green"
"CCNB2","magenta","GAPDH","green"
"CCNB2","magenta","CCNF","green"
"CCNB2","magenta","CCNL2","green"
"CCNB2","magenta","DSN1","green"
"CCNB2","magenta","HJURP","green"
"CCNB2","magenta","GTSE1","green"
"CCNB2","magenta","CDCA3","green"
"CCNB2","magenta","TK1","green"
"CCNB2","magenta","ADRM1","green"
"CCNB2","magenta","MCM3","green"
"CCNB2","magenta","ACTB","green"
"BTN3A1","magenta","HNRNPH1","green"
"BTN3A1","magenta","HLA-DRB1","purple"
"BTN3A1","magenta","PSMB9","green"
"BTN3A1","magenta","HLA-DQB1","purple"
"BTN3A1","magenta","PRF1","purple"
"IL10RB","green","STAT1","magenta"
"IL10RB","green","HLA-DPA1","purple"
"MED8","green","H2AZ1","magenta"
"MED8","green","BIRC5","magenta"
"MED8","green","ESCO2","magenta"
"MED8","green","HAVCR2","magenta"
"ATP6V0D1","green","KIF14","magenta"
"ATP6V0D1","green","SESN1","magenta"
"RNF149","green","CDK1","magenta"
"RNF149","green","PDIA6","magenta"
"POGLUT1","green","FBXO6","purple"
"PROK2","purple","ALDH18A1","green"
"CHCHD4","green","DHFR","magenta"
"SPICE1","green","STIL","magenta"
"ELP6","green","MT-ND5","magenta"
"H2AZ1","magenta","RRM1","green"
"H2AZ1","magenta","DDB1","green"
"H2AZ1","magenta","MED25","green"
"H2AZ1","magenta","H2AC14","green"
"H2AZ1","magenta","H1-5","green"
"H2AZ1","magenta","H2AC20","green"
"H2AZ1","magenta","TUBA1B","green"
"H2AZ1","magenta","MEAF6","green"
"H2AZ1","magenta","RBBP4","green"
"H2AZ1","magenta","MED18","green"
"H2AZ1","magenta","H2AC12","green"
"H2AZ1","magenta","H4C3","green"
"H2AZ1","magenta","UBE2E2","green"
"H2AZ1","magenta","GAPDH","green"
"H2AZ1","magenta","ACTL6A","green"
"H2AZ1","magenta","BANF1","green"
"H2AZ1","magenta","HSPA8","green"
"H2AZ1","magenta","TUBA1C","green"
"H2AZ1","magenta","USP10","purple"
"H2AZ1","magenta","ACTG1","green"
"H2AZ1","magenta","MCM3","green"
"H2AZ1","magenta","H2BC15","green"
"H2AZ1","magenta","ACTB","green"
"H2AZ1","magenta","ZMYM2","green"
"H2AZ1","magenta","HP1BP3","green"
"ANXA5","green","PLK1","magenta"
"ANXA5","green","BIRC5","magenta"
"ANXA5","green","HAVCR2","magenta"
"ANXA5","green","NQO1","magenta"
"ANXA5","green","EZH2","magenta"
"ANXA5","green","STAT1","magenta"
"ANXA5","green","FCGR3A","purple"
"ANXA5","green","MKI67","magenta"
"ANXA5","green","ANXA4","purple"
"ANXA5","green","CDK1","magenta"
"ANXA5","green","PRF1","purple"
"ANXA5","green","STMN1","magenta"
"ANXA5","green","BRCA1","magenta"
"ANXA5","green","CCL5","purple"
"ANXA5","green","CCNA2","magenta"
"ANXA5","green","ITGAM","purple"
"TCERG1","green","EZH2","magenta"
"TCERG1","green","DHFR","magenta"
"FABP5","magenta","GAPDH","green"
"FABP5","magenta","ENO1","green"
"KIF27","purple","KIF15","magenta"
"KIF27","purple","KIF14","magenta"
"KIF27","purple","KIF2C","magenta"
"KIF27","purple","KIF4A","magenta"
"MELK","magenta","NCAPD2","green"
"MELK","magenta","CCNF","green"
"MELK","magenta","NCAPG2","green"
"MELK","magenta","HJURP","green"
"MELK","magenta","GTSE1","green"
"MELK","magenta","CDCA3","green"
"MELK","magenta","TK1","green"
"MELK","magenta","MCM3","green"
"MELK","magenta","PSMG4","green"
"LRR1","green","MCM7","magenta"
"LRR1","green","CLSPN","magenta"
"LRR1","green","CDC45","magenta"
"LRR1","green","CAND1","magenta"
"LRR1","green","LRG1","magenta"
"VPS35","green","MCM7","magenta"
"VPS35","green","KIF14","magenta"
"VPS35","green","MKI67","magenta"
"VPS35","green","CAND1","magenta"
"HIF1AN","green","CDK1","magenta"
"PCLAF","magenta","RRM1","green"
"PCLAF","magenta","NCAPG2","green"
"PCLAF","magenta","HJURP","green"
"PCLAF","magenta","CDCA3","green"
"PCLAF","magenta","TK1","green"
"PCLAF","magenta","MCM3","green"
"PCLAF","magenta","ANKFY1","green"
"PLK1","magenta","RRM1","green"
"PLK1","magenta","RAB1B","green"
"PLK1","magenta","TOP3A","green"
"PLK1","magenta","NCAPD2","green"
"PLK1","magenta","H2AC14","green"
"PLK1","magenta","H2AC20","green"
"PLK1","magenta","SF3B1","green"
"PLK1","magenta","TUBB","green"
"PLK1","magenta","TUBB4B","green"
"PLK1","magenta","E2F2","green"
"PLK1","magenta","PSMB5","green"
"PLK1","magenta","ACTR1A","green"
"PLK1","magenta","RBBP4","green"
"PLK1","magenta","CEP78","purple"
"PLK1","magenta","PPP2R2B","purple"
"PLK1","magenta","RAE1","green"
"PLK1","magenta","GAPDH","green"
"PLK1","magenta","CCNF","green"
"PLK1","magenta","CCNL2","green"
"PLK1","magenta","WDR60","green"
"PLK1","magenta","NCAPG2","green"
"PLK1","magenta","DSN1","green"
"PLK1","magenta","HJURP","green"
"PLK1","magenta","GTSE1","green"
"PLK1","magenta","CDCA3","green"
"PLK1","magenta","TK1","green"
"PLK1","magenta","ADRM1","green"
"PLK1","magenta","MCM3","green"
"PLK1","magenta","H2BC15","green"
"PLK1","magenta","ACTB","green"
"PLK1","magenta","ZMYM2","green"
"PLK1","magenta","KIZ","green"
"TPX2","magenta","NCAPD2","green"
"TPX2","magenta","TUBA1B","green"
"TPX2","magenta","CCNF","green"
"TPX2","magenta","NCAPG2","green"
"TPX2","magenta","DSN1","green"
"TPX2","magenta","HJURP","green"
"TPX2","magenta","GTSE1","green"
"TPX2","magenta","CDCA3","green"
"TPX2","magenta","TUBA1C","green"
"TPX2","magenta","TK1","green"
"TPX2","magenta","SPON2","purple"
"TPX2","magenta","PAFAH1B2","green"
"RRM1","green","BIRC5","magenta"
"RRM1","green","BUB1","magenta"
"RRM1","green","FEN1","magenta"
"RRM1","green","MCM7","magenta"
"RRM1","green","CLSPN","magenta"
"RRM1","green","TYMS","magenta"
"RRM1","green","AK5","magenta"
"RRM1","green","RRM2","magenta"
"RRM1","green","EXO1","magenta"
"RRM1","green","DTL","magenta"
"RRM1","green","ASPM","magenta"
"RRM1","green","UCK2","magenta"
"RRM1","green","CENPW","magenta"
"RRM1","green","ORC1","magenta"
"RRM1","green","KIF2C","magenta"
"RRM1","green","CDC20","magenta"
"RRM1","green","CDCA8","magenta"
"RRM1","green","ZWINT","magenta"
"RRM1","green","CDK1","magenta"
"RRM1","green","DHFR","magenta"
"RRM1","green","CDC45","magenta"
"RRM1","green","TOP2A","magenta"
"RRM1","green","BRCA1","magenta"
"RRM1","green","UHRF1","magenta"
"RRM1","green","CCNA2","magenta"
"RRM1","green","RAD51","magenta"
"RRM1","green","NUSAP1","magenta"
"RRM1","green","SLC29A1","magenta"
"BIRC5","magenta","CASP2","green"
"BIRC5","magenta","NCAPD2","green"
"BIRC5","magenta","H2AC20","green"
"BIRC5","magenta","DDX47","green"
"BIRC5","magenta","ALDH18A1","green"
"BIRC5","magenta","MED18","green"
"BIRC5","magenta","RAE1","green"
"BIRC5","magenta","GAPDH","green"
"BIRC5","magenta","CCNF","green"
"BIRC5","magenta","CCNL2","green"
"BIRC5","magenta","NCAPG2","green"
"BIRC5","magenta","DSN1","green"
"BIRC5","magenta","TNF","green"
"BIRC5","magenta","HJURP","green"
"BIRC5","magenta","GTSE1","green"
"BIRC5","magenta","CDCA3","green"
"BIRC5","magenta","TK1","green"
"BIRC5","magenta","MCM3","green"
"BIRC5","magenta","ACTB","green"
"BIRC5","magenta","CTSO","green"
"KCTD5","green","MCM7","magenta"
"KCTD5","green","GNG2","purple"
"KCTD5","green","GNG7","magenta"
"DDB1","green","FEN1","magenta"
"DDB1","green","ESCO2","magenta"
"DDB1","green","EZH2","magenta"
"DDB1","green","CENPA","magenta"
"DDB1","green","H2BC12","magenta"
"DDB1","green","STAT1","magenta"
"DDB1","green","EXO1","magenta"
"DDB1","green","DTL","magenta"
"DDB1","green","KIF14","magenta"
"DDB1","green","CEP78","purple"
"DDB1","green","APOBEC3G","purple"
"DDB1","green","MCM10","magenta"
"DDB1","green","BRCA1","magenta"
"DDB1","green","CAND1","magenta"
"DDB1","green","ZEB2","purple"
"DDB1","green","RAD51","magenta"
"BUB1","magenta","NCAPD2","green"
"BUB1","magenta","H2AC20","green"
"BUB1","magenta","E2F2","green"
"BUB1","magenta","RAE1","green"
"BUB1","magenta","CCNF","green"
"BUB1","magenta","CCNL2","green"
"BUB1","magenta","NCAPG2","green"
"BUB1","magenta","DSN1","green"
"BUB1","magenta","HJURP","green"
"BUB1","magenta","GTSE1","green"
"BUB1","magenta","CDCA3","green"
"BUB1","magenta","TK1","green"
"BUB1","magenta","MCM3","green"
"MTCH2","magenta","CCNF","green"
"MTCH2","magenta","BCDIN3D","green"
"GPR82","green","GPR150","magenta"
"GPR82","green","GPR19","magenta"
"TWF2","green","KIF14","magenta"
"TWF2","green","EPS8","magenta"
"POP7","green","MKI67","magenta"
"CD2BP2","green","KIF14","magenta"
"CD2BP2","green","FCGR3A","purple"
"GNB2","green","ADRB2","purple"
"GNB2","green","VIPR1","magenta"
"GNB2","green","GNG2","purple"
"GNB2","green","GNG7","magenta"
"GNB2","green","ADGRG1","purple"
"ADRB2","purple","EZH2","magenta"
"ADRB2","purple","GNAS","green"
"ADRB2","purple","GNG7","magenta"
"ADRB2","purple","GAPDH","green"
"ADRB2","purple","TNF","green"
"ADRB2","purple","AP2B1","green"
"FEN1","magenta","RNASEH2C","green"
"FEN1","magenta","NIPSNAP2","green"
"FEN1","magenta","UBE2N","green"
"FEN1","magenta","TOP3A","green"
"FEN1","magenta","NCAPD2","green"
"FEN1","magenta","GYG1","green"
"FEN1","magenta","DNAJC9","green"
"FEN1","magenta","FOXP3","green"
"FEN1","magenta","FANCG","green"
"FEN1","magenta","GAPDH","green"
"FEN1","magenta","NUDT1","green"
"FEN1","magenta","CCNF","green"
"FEN1","magenta","NCAPG2","green"
"FEN1","magenta","HJURP","green"
"FEN1","magenta","GTSE1","green"
"FEN1","magenta","CDCA3","green"
"FEN1","magenta","TK1","green"
"FEN1","magenta","MCM3","green"
"FEN1","magenta","FSBP","green"
"FEN1","magenta","ELOVL1","green"
"SF3B3","green","NEK2","magenta"
"SF3B3","green","KIF14","magenta"
"SHCBP1","magenta","NCAPG2","green"
"SHCBP1","magenta","HJURP","green"
"SHCBP1","magenta","GTSE1","green"
"SHCBP1","magenta","CDCA3","green"
"SHCBP1","magenta","TK1","green"
"ARL6IP1","green","CDCA8","magenta"
"ARL6IP1","green","SPG7","magenta"
"CDCA7","magenta","H2AC14","green"
"CDCA7","magenta","H2AC20","green"
"CDCA7","magenta","H2AC12","green"
"CDCA7","magenta","H4C3","green"
"CDCA7","magenta","CDCA3","green"
"CDCA7","magenta","MCM3","green"
"CDCA7","magenta","H2BC15","green"
"ESCO2","magenta","NCAPG2","green"
"ESCO2","magenta","HJURP","green"
"ESCO2","magenta","CDCA3","green"
"ESCO2","magenta","MCM3","green"
"ESCO2","magenta","HP1BP3","green"
"TBL2","green","KIF14","magenta"
"TBL2","green","ADGRG1","purple"
"MCM7","magenta","NCAPD2","green"
"MCM7","magenta","SF3B1","green"
"MCM7","magenta","TUBB","green"
"MCM7","magenta","STIP1","green"
"MCM7","magenta","E2F2","green"
"MCM7","magenta","ACTR1A","green"
"MCM7","magenta","ALDH18A1","green"
"MCM7","magenta","DNAJC9","green"
"MCM7","magenta","RBBP4","green"
"MCM7","magenta","CCT4","green"
"MCM7","magenta","GAPDH","green"
"MCM7","magenta","CCNF","green"
"MCM7","magenta","NCAPG2","green"
"MCM7","magenta","ACTL6A","green"
"MCM7","magenta","LYN","purple"
"MCM7","magenta","TK1","green"
"MCM7","magenta","MCM3","green"
"MCM7","magenta","ACTB","green"
"GLUL","green","STAT1","magenta"
"GLUL","green","DHFR","magenta"
"GLUL","green","BCAT1","magenta"
"GLUL","green","SLC1A7","purple"
"CYB5B","green","SCD5","purple"
"APOBEC3F","green","APOBEC3G","purple"
"RAB1B","green","KIF14","magenta"
"RAB1B","green","CDK1","magenta"
"DDX23","green","KIF14","magenta"
"CKS1B","magenta","NCAPD2","green"
"CKS1B","magenta","PSMB5","green"
"CKS1B","magenta","ALDH18A1","green"
"CKS1B","magenta","CCNF","green"
"CKS1B","magenta","CCNL2","green"
"CKS1B","magenta","HJURP","green"
"CKS1B","magenta","GTSE1","green"
"CKS1B","magenta","CDCA3","green"
"CKS1B","magenta","TK1","green"
"CKS1B","magenta","ADRM1","green"
"HAVCR2","magenta","MED25","green"
"HAVCR2","magenta","CX3CR1","purple"
"HAVCR2","magenta","HLA-DRB1","purple"
"HAVCR2","magenta","FCGR3A","purple"
"HAVCR2","magenta","CD244","purple"
"HAVCR2","magenta","SLAMF7","purple"
"HAVCR2","magenta","MED18","green"
"HAVCR2","magenta","FOXP3","green"
"HAVCR2","magenta","TNFRSF4","green"
"HAVCR2","magenta","SH2D2A","green"
"HAVCR2","magenta","GAPDH","green"
"HAVCR2","magenta","EOMES","purple"
"HAVCR2","magenta","ZNF683","purple"
"HAVCR2","magenta","HLA-DPA1","purple"
"HAVCR2","magenta","PRF1","purple"
"HAVCR2","magenta","TNF","green"
"HAVCR2","magenta","SH3BP2","green"
"HAVCR2","magenta","B3GAT1","purple"
"HAVCR2","magenta","BCLAF1","green"
"HAVCR2","magenta","GNLY","purple"
"HAVCR2","magenta","CCL5","purple"
"HAVCR2","magenta","CCL4","purple"
"HAVCR2","magenta","ITGAM","purple"
"CLSPN","magenta","NCAPG2","green"
"CLSPN","magenta","CDCA3","green"
"CLSPN","magenta","TK1","green"
"CLSPN","magenta","MCM3","green"
"PABPC1","green","TYMS","magenta"
"PABPC1","green","RRM2","magenta"
"PABPC1","green","KIF14","magenta"
"PABPC1","green","BRCA1","magenta"
"PABPC1","green","USP10","purple"
"NIPSNAP2","green","CDK1","magenta"
"ALS2CL","magenta","GDI2","green"
"GBA","green","SGSH","magenta"
"GBA","green","KIF14","magenta"
"GBA","green","FBXO6","purple"
"GBA","green","CCNE2","magenta"
"SGSH","magenta","FBXO6","purple"
"SGSH","magenta","MFSD8","green"
"EXOSC4","green","TYMS","magenta"
"EXOSC4","green","KPNA2","magenta"
"TYMS","magenta","IMPDH2","green"
"TYMS","magenta","DCTPP1","green"
"TYMS","magenta","NCAPD2","green"
"TYMS","magenta","ADAT3","green"
"TYMS","magenta","ALDH18A1","green"
"TYMS","magenta","ADA","green"
"TYMS","magenta","GART","green"
"TYMS","magenta","TYMP","green"
"TYMS","magenta","GAPDH","green"
"TYMS","magenta","NCAPG2","green"
"TYMS","magenta","HJURP","green"
"TYMS","magenta","GTSE1","green"
"TYMS","magenta","CDCA3","green"
"TYMS","magenta","TK1","green"
"TYMS","magenta","MCM3","green"
"TYMS","magenta","ACTB","green"
"TYMS","magenta","MTHFD1","green"
"HNRNPA0","green","KIF14","magenta"
"UBE2N","green","H2BC12","magenta"
"UBE2N","green","EXO1","magenta"
"UBE2N","green","DTL","magenta"
"UBE2N","green","PSMB2","magenta"
"UBE2N","green","MAP3K20","purple"
"UBE2N","green","PTTG1","magenta"
"UBE2N","green","BRCA1","magenta"
"UBE2N","green","CAND1","magenta"
"UBE2N","green","UHRF1","magenta"
"UBE2N","green","CCNA2","magenta"
"UBE2N","green","RAD51","magenta"
"SCD5","purple","ACSL5","green"
"SCD5","purple","ELOVL1","green"
"ZNF609","magenta","HNRNPH1","green"
"ZNF609","magenta","BCLAF1","green"
"LENG8","green","MKI67","magenta"
"NQO1","magenta","MT1E","purple"
"NQO1","magenta","KEAP1","green"
"NQO1","magenta","GAPDH","green"
"NQO1","magenta","NUDT1","green"
"NQO1","magenta","TNF","green"
"NQO1","magenta","ACTB","green"
"EZH2","magenta","TOP3A","green"
"EZH2","magenta","H2AC14","green"
"EZH2","magenta","H2AC20","green"
"EZH2","magenta","E2F2","green"
"EZH2","magenta","GNAS","green"
"EZH2","magenta","RBBP4","green"
"EZH2","magenta","OGT","green"
"EZH2","magenta","FOXP3","green"
"EZH2","magenta","H2AC12","green"
"EZH2","magenta","SRSF2","green"
"EZH2","magenta","GAPDH","green"
"EZH2","magenta","CCNL2","green"
"EZH2","magenta","NCAPG2","green"
"EZH2","magenta","ACTL6A","green"
"EZH2","magenta","TNF","green"
"EZH2","magenta","NDRG1","green"
"EZH2","magenta","BANF1","green"
"EZH2","magenta","H2BC15","green"
"EZH2","magenta","ZEB2","purple"
"EZH2","magenta","ACTB","green"
"EZH2","magenta","PHF19","green"
"EZH2","magenta","PI16","green"
"F2R","purple","GNAS","green"
"F2R","purple","RCAN3","green"
"F2R","purple","TNF","green"
"F2R","purple","CD63","green"
"RNF144A","magenta","PSMB5","green"
"RNF144A","magenta","RAP2C","green"
"IMPDH2","green","KIF14","magenta"
"IMPDH2","green","UCK2","magenta"
"IMPDH2","green","MTHFD2","magenta"
"IMPDH2","green","DHFR","magenta"
"IMPDH2","green","TOP2A","magenta"
"TOP3A","green","H2BC12","magenta"
"TOP3A","green","EXO1","magenta"
"TOP3A","green","TOP2A","magenta"
"TOP3A","green","BRCA1","magenta"
"TOP3A","green","RAD51","magenta"
"E2F7","magenta","E2F2","green"
"E2F7","magenta","ETS1","green"
"E2F7","magenta","CCNF","green"
"E2F7","magenta","MCM3","green"
"PRKAG1","green","GNG2","purple"
"PRKAG1","green","GNG7","magenta"
"PRKAG1","green","SESN1","magenta"
"KIF15","magenta","NCAPD2","green"
"KIF15","magenta","ACTR1A","green"
"KIF15","magenta","CCNF","green"
"KIF15","magenta","NCAPG2","green"
"KIF15","magenta","DSN1","green"
"KIF15","magenta","HJURP","green"
"KIF15","magenta","GTSE1","green"
"KIF15","magenta","CDCA3","green"
"KIF15","magenta","USP10","purple"
"KIF15","magenta","MCM3","green"
"KIF15","magenta","MPC1","green"
"NCAPD2","green","CDCA2","magenta"
"NCAPD2","green","CENPA","magenta"
"NCAPD2","green","UBE2C","magenta"
"NCAPD2","green","RRM2","magenta"
"NCAPD2","green","EXO1","magenta"
"NCAPD2","green","NEK2","magenta"
"NCAPD2","green","KIF14","magenta"
"NCAPD2","green","ASPM","magenta"
"NCAPD2","green","MKI67","magenta"
"NCAPD2","green","STIL","magenta"
"NCAPD2","green","KIF2C","magenta"
"NCAPD2","green","CDC20","magenta"
"NCAPD2","green","CDCA8","magenta"
"NCAPD2","green","KIF4A","magenta"
"NCAPD2","green","CKS2","magenta"
"NCAPD2","green","PTTG1","magenta"
"NCAPD2","green","CDK1","magenta"
"NCAPD2","green","CDC45","magenta"
"NCAPD2","green","TOP2A","magenta"
"NCAPD2","green","KPNA2","magenta"
"NCAPD2","green","SPC24","magenta"
"NCAPD2","green","UHRF1","magenta"
"NCAPD2","green","CCNA2","magenta"
"NCAPD2","green","RAD51","magenta"
"NCAPD2","green","NUSAP1","magenta"
"LASP1","green","KRT18","magenta"
"LASP1","green","UHRF1","magenta"
"CNDP2","green","CR1","purple"
"SRSF7","green","KIF14","magenta"
"PLEKHO2","green","UBR2","magenta"
"MED25","green","USP10","purple"
"IMP3","green","AK5","magenta"
"IMP3","green","MKI67","magenta"
"IMP3","green","CDCA8","magenta"
"VIPR1","magenta","GNG2","purple"
"VIPR1","magenta","GNAS","green"
"VIPR1","magenta","YIPF3","green"
"VIPR1","magenta","ADA","green"
"VIPR1","magenta","TNF","green"
"SMDT1","green","SPG7","magenta"
"MT1E","purple","KRT18","magenta"
"MT1E","purple","GAPDH","green"
"MT1E","purple","DHFR","magenta"
"MT1E","purple","TNF","green"
"MT1E","purple","ATOX1","green"
"MT1E","purple","ACTB","green"
"CDCA2","magenta","CCNF","green"
"CDCA2","magenta","DSN1","green"
"CDCA2","magenta","HJURP","green"
"CDCA2","magenta","GTSE1","green"
"CDCA2","magenta","CDCA3","green"
"PTTG1IP","green","PTTG1","magenta"
"H2AC14","green","CENPA","magenta"
"H2AC14","green","H2BC12","magenta"
"H2AC14","green","STAT1","magenta"
"H2AC14","green","ORC1","magenta"
"H2AC14","green","CDCA8","magenta"
"H2AC14","green","CDK1","magenta"
"H2AC14","green","BRCA1","magenta"
"H2AC14","green","KPNA2","magenta"
"H2AC14","green","UHRF1","magenta"
"H1-5","green","H2BC12","magenta"
"H1-5","green","KIF14","magenta"
"H1-5","green","CDK1","magenta"
"H1-5","green","CCNA2","magenta"
"SPSB1","green","CAND1","magenta"
"TMEM186","green","MT-ND5","magenta"
"H2AC20","green","CENPA","magenta"
"H2AC20","green","H2BC12","magenta"
"H2AC20","green","STAT1","magenta"
"H2AC20","green","EXO1","magenta"
"H2AC20","green","ORC1","magenta"
"H2AC20","green","KIF2C","magenta"
"H2AC20","green","CDC20","magenta"
"H2AC20","green","CDCA8","magenta"
"H2AC20","green","CDK1","magenta"
"H2AC20","green","TOP2A","magenta"
"H2AC20","green","BRCA1","magenta"
"H2AC20","green","KPNA2","magenta"
"H2AC20","green","USP10","purple"
"H2AC20","green","UHRF1","magenta"
"H2AC20","green","RAD51","magenta"
"H2AC20","green","RCC1","magenta"
"H2AC20","green","UBR2","magenta"
"ASCL2","purple","KRT18","magenta"
"CCR10","green","CX3CR1","purple"
"CCR10","green","XCL2","purple"
"CCR10","green","CCL5","purple"
"CCR10","green","CCL4","purple"
"CCR10","green","CCL4L2","purple"
"GNG2","purple","GNAS","green"
"GNG2","purple","CDCA8","magenta"
"GNG2","purple","RRAGA","green"
"GNG2","purple","GNG7","magenta"
"GNG2","purple","CCT4","green"
"GNG2","purple","RGS19","green"
"TESC","magenta","ETS1","green"
"SF3B1","green","H2BC12","magenta"
"SF3B1","green","KIF14","magenta"
"SF3B1","green","TOP2A","magenta"
"SF3B1","green","KPNA2","magenta"
"SF3B1","green","USP10","purple"
"SPDYA","green","CDK1","magenta"
"TUBA1B","green","KIF14","magenta"
"TUBA1B","green","STMN1","magenta"
"CENPA","magenta","RBBP4","green"
"CENPA","magenta","H2AC12","green"
"CENPA","magenta","H4C3","green"
"CENPA","magenta","CNP","green"
"CENPA","magenta","CCNF","green"
"CENPA","magenta","NCAPG2","green"
"CENPA","magenta","DSN1","green"
"CENPA","magenta","HJURP","green"
"CENPA","magenta","GTSE1","green"
"CENPA","magenta","HSPA8","green"
"CENPA","magenta","CDCA3","green"
"CENPA","magenta","TK1","green"
"CENPA","magenta","MCM3","green"
"CENPA","magenta","H2BC15","green"
"CENPA","magenta","ACTB","green"
"TUBB","green","H2BC12","magenta"
"TUBB","green","CDCA8","magenta"
"TUBB","green","PSMB2","magenta"
"TUBB","green","CDK1","magenta"
"TUBB","green","STMN1","magenta"
"TUBB","green","TOP2A","magenta"
"TUBB","green","BRCA1","magenta"
"TUBB","green","UHRF1","magenta"
"TUBB","green","JAKMIP1","magenta"
"GRAP2","green","HLA-DQA1","purple"
"GRAP2","green","HLA-DRB1","purple"
"GRAP2","green","STAT1","magenta"
"GRAP2","green","HLA-DQB1","purple"
"GRAP2","green","HLA-DPA1","purple"
"GRAP2","green","HLA-DPB1","purple"
"GRAP2","green","LYN","purple"
"HLA-DQA1","purple","TAP1","green"
"HLA-DQA1","purple","PSMB10","green"
"HLA-DQA1","purple","STAT1","magenta"
"HLA-DQA1","purple","GBP2","magenta"
"HLA-DQA1","purple","PSMB9","green"
"HLA-DQA1","purple","PSMB8","green"
"HLA-DQA1","purple","TNFRSF25","green"
"HLA-DQA1","purple","PDCD1LG2","magenta"
"HLA-DQA1","purple","TNF","green"
"HLA-DQA1","purple","AP2B1","green"
"HLA-DQA1","purple","MFSD8","green"
"HLA-DQA1","purple","CTSO","green"
"TPST2","green","STAT1","magenta"
"TUBB4B","green","H2BC12","magenta"
"TUBB4B","green","KIF14","magenta"
"TUBB4B","green","STMN3","magenta"
"TUBB4B","green","STMN1","magenta"
"ETV7","magenta","PDLIM7","green"
"ETV7","magenta","ETS1","green"
"OAS2","green","STAT1","magenta"
"OAS2","green","GBP2","magenta"
"OAS2","green","CCL5","purple"
"OAS2","green","ITGAM","purple"
"ADGRG5","purple","SLC29A1","magenta"
"PSPC1","green","KIF14","magenta"
"CCNG1","green","SESN1","magenta"
"CCNG1","green","CCNE2","magenta"
"TAP1","green","STAT1","magenta"
"TAP1","green","GBP2","magenta"
"TAP1","green","HLA-DQB1","purple"
"DDRGK1","green","CDC20","magenta"
"DDRGK1","green","USP10","purple"
"AK5","magenta","DOHH","green"
"AK5","magenta","RPL11","green"
"WARS1","green","STAT1","magenta"
"JPT1","green","STMN1","magenta"
"JPT1","green","KPNA2","magenta"
"UBE2C","magenta","PSMB5","green"
"UBE2C","magenta","CCNF","green"
"UBE2C","magenta","CCNL2","green"
"UBE2C","magenta","NCAPG2","green"
"UBE2C","magenta","HJURP","green"
"UBE2C","magenta","GTSE1","green"
"UBE2C","magenta","CDCA3","green"
"UBE2C","magenta","TK1","green"
"UBE2C","magenta","ADRM1","green"
"UBE2C","magenta","MCM3","green"
"HNRNPH1","green","RRM2","magenta"
"HNRNPH1","green","NEK2","magenta"
"HNRNPH1","green","UCK2","magenta"
"HNRNPH1","green","ZWINT","magenta"
"HNRNPH1","green","BDH1","purple"
"HNRNPH1","green","DHFR","magenta"
"HNRNPH1","green","KPNA2","magenta"
"HNRNPH1","green","UHRF1","magenta"
"HNRNPH1","green","RCC1","magenta"
"SASH3","green","FGR","purple"
"H2BC12","magenta","RBBP4","green"
"H2BC12","magenta","H2AC12","green"
"H2BC12","magenta","H4C3","green"
"H2BC12","magenta","PPHLN1","green"
"H2BC12","magenta","GAPDH","green"
"H2BC12","magenta","MORC2","green"
"H2BC12","magenta","NCAPG2","green"
"H2BC12","magenta","ACTL6A","green"
"H2BC12","magenta","TAF1D","green"
"H2BC12","magenta","ACTG1","green"
"H2BC12","magenta","METTL23","green"
"H2BC12","magenta","H2BC15","green"
"H2BC12","magenta","ACTB","green"
"H2BC12","magenta","ENO1","green"
"H2BC12","magenta","PHF19","green"
"TMEM229B","green","ITGAM","purple"
"DDX47","green","KIF14","magenta"
"CX3CR1","purple","STAT1","magenta"
"CX3CR1","purple","FOXP3","green"
"CX3CR1","purple","GAPDH","green"
"CX3CR1","purple","TNF","green"
"CX3CR1","purple","ACTB","green"
"CX3CR1","purple","SPN","green"
"PSMB10","green","HLA-DRB1","purple"
"PSMB10","green","STAT1","magenta"
"PSMB10","green","GBP2","magenta"
"PSMB10","green","PSMB2","magenta"
"PSMB10","green","CMKLR1","purple"
"STIP1","green","STMN1","magenta"
"GOLGA8A","green","BRCA1","magenta"
"HLA-DRB1","purple","STAT1","magenta"
"HLA-DRB1","purple","GBP2","magenta"
"HLA-DRB1","purple","PSMB9","green"
"HLA-DRB1","purple","PSMB8","green"
"HLA-DRB1","purple","FOXP3","green"
"HLA-DRB1","purple","TNFRSF25","green"
"HLA-DRB1","purple","PDCD1LG2","magenta"
"HLA-DRB1","purple","TNF","green"
"HLA-DRB1","purple","ENO1","green"
"HLA-DRB1","purple","FCRL3","magenta"
"HLA-DRB1","purple","AP2B1","green"
"HLA-DRB1","purple","CTSO","green"
"RRM2","magenta","E2F2","green"
"RRM2","magenta","TIAL1","green"
"RRM2","magenta","GAPDH","green"
"RRM2","magenta","CCNF","green"
"RRM2","magenta","NCAPG2","green"
"RRM2","magenta","HJURP","green"
"RRM2","magenta","GTSE1","green"
"RRM2","magenta","HSPA8","green"
"RRM2","magenta","CDCA3","green"
"RRM2","magenta","TK1","green"
"RRM2","magenta","MCM3","green"
"RRM2","magenta","HNRNPDL","green"
"RRM2","magenta","ACTB","green"
"STAT1","magenta","FCGR3A","purple"
"STAT1","magenta","RBBP4","green"
"STAT1","magenta","PSMB9","green"
"STAT1","magenta","PSMB8","green"
"STAT1","magenta","HLA-DQB1","purple"
"STAT1","magenta","FOXP3","green"
"STAT1","magenta","ETS1","green"
"STAT1","magenta","GAPDH","green"
"STAT1","magenta","OAS1","green"
"STAT1","magenta","EOMES","purple"
"STAT1","magenta","HLA-DPA1","purple"
"STAT1","magenta","IFI35","green"
"STAT1","magenta","PRF1","purple"
"STAT1","magenta","TNF","green"
"STAT1","magenta","PNPT1","green"
"STAT1","magenta","HLA-DPB1","purple"
"STAT1","magenta","LYN","purple"
"STAT1","magenta","GSDMD","green"
"STAT1","magenta","MAML2","green"
"STAT1","magenta","HSPA8","green"
"STAT1","magenta","IL12RB1","green"
"STAT1","magenta","IRF3","green"
"STAT1","magenta","CCL5","purple"
"STAT1","magenta","CCL4","purple"
"STAT1","magenta","H2BC15","green"
"STAT1","magenta","ACTB","green"
"STAT1","magenta","ITGAM","purple"
"STAT1","magenta","ZMYM2","green"
"STAT1","magenta","RNF213","green"
"SBNO2","green","KIF14","magenta"
"MT-ND5","magenta","MRPS2","green"
"MT-ND5","magenta","BAK1","green"
"MT-ND5","magenta","GAPDH","green"
"MT-ND5","magenta","PNPT1","green"
"MT-ND5","magenta","ACTB","green"
"MT-ND5","magenta","RPL11","green"
"EEF1AKNMT","green","MKI67","magenta"
"DZIP3","green","KIF2C","magenta"
"DZIP3","green","BRCA1","magenta"
"DCAF12","green","DTL","magenta"
"E2F2","green","CDC20","magenta"
"E2F2","green","CDK1","magenta"
"E2F2","green","CDC45","magenta"
"E2F2","green","MCM10","magenta"
"E2F2","green","BRCA1","magenta"
"E2F2","green","CCNE2","magenta"
"E2F2","green","CCNA2","magenta"
"PSMB5","green","ORC1","magenta"
"PSMB5","green","CDC20","magenta"
"PSMB5","green","HIVEP3","magenta"
"PSMB5","green","PSMB2","magenta"
"PSMB5","green","PTTG1","magenta"
"PSMB5","green","CDK1","magenta"
"PSMB5","green","TOP2A","magenta"
"PSMB5","green","CCNE2","magenta"
"PSMB5","green","CCNA2","magenta"
"APOBEC3C","green","APOBEC3G","purple"
"EXO1","magenta","FANCG","green"
"EXO1","magenta","CCNF","green"
"EXO1","magenta","NCAPG2","green"
"EXO1","magenta","HJURP","green"
"EXO1","magenta","GTSE1","green"
"EXO1","magenta","CDCA3","green"
"EXO1","magenta","TK1","green"
"EXO1","magenta","MCM3","green"
"EXO1","magenta","FSBP","green"
"DTL","magenta","UBE2E2","green"
"DTL","magenta","CCNF","green"
"DTL","magenta","NCAPG2","green"
"DTL","magenta","COMMD5","green"
"DTL","magenta","HJURP","green"
"DTL","magenta","CDCA3","green"
"DTL","magenta","TK1","green"
"DTL","magenta","MCM3","green"
"DTL","magenta","DCAF7","green"
"NEK2","magenta","GAPDH","green"
"NEK2","magenta","CCNF","green"
"NEK2","magenta","NCAPG2","green"
"NEK2","magenta","HJURP","green"
"NEK2","magenta","GTSE1","green"
"NEK2","magenta","HSPA8","green"
"NEK2","magenta","CDCA3","green"
"NEK2","magenta","TK1","green"
"NEK2","magenta","MCM3","green"
"NEK2","magenta","HNRNPDL","green"
"NEK2","magenta","PPP1R2","green"
"NEK2","magenta","ANKFY1","green"
"CR1","purple","CD63","green"
"CR1","purple","SPN","green"
"KIF14","magenta","PDCD11","green"
"KIF14","magenta","RAP2C","green"
"KIF14","magenta","GNAS","green"
"KIF14","magenta","ALDH18A1","green"
"KIF14","magenta","DHCR24","green"
"KIF14","magenta","CAP1","green"
"KIF14","magenta","DNAJC9","green"
"KIF14","magenta","SLC29A3","green"
"KIF14","magenta","RBBP4","green"
"KIF14","magenta","FGR","purple"
"KIF14","magenta","CLIC1","green"
"KIF14","magenta","PRDX4","green"
"KIF14","magenta","GART","green"
"KIF14","magenta","SRSF2","green"
"KIF14","magenta","ETS1","green"
"KIF14","magenta","KEAP1","green"
"KIF14","magenta","CNP","green"
"KIF14","magenta","CCT4","green"
"KIF14","magenta","PPHLN1","green"
"KIF14","magenta","GAPDH","green"
"KIF14","magenta","CCNF","green"
"KIF14","magenta","ARGLU1","green"
"KIF14","magenta","NCAPG2","green"
"KIF14","magenta","CSTF2","green"
"KIF14","magenta","STRAP","green"
"KIF14","magenta","IK","green"
"KIF14","magenta","ACTL6A","green"
"KIF14","magenta","HJURP","green"
"KIF14","magenta","GTSE1","green"
"KIF14","magenta","HNRNPAB","green"
"KIF14","magenta","LYN","purple"
"KIF14","magenta","BANF1","green"
"KIF14","magenta","BCLAF1","green"
"KIF14","magenta","CDCA3","green"
"KIF14","magenta","SRSF5","green"
"KIF14","magenta","USP10","purple"
"KIF14","magenta","NMT1","green"
"KIF14","magenta","PPP1R18","green"
"KIF14","magenta","MCM3","green"
"KIF14","magenta","CSDE1","green"
"KIF14","magenta","HNRNPDL","green"
"KIF14","magenta","MYO1F","green"
"KIF14","magenta","ENO1","green"
"KIF14","magenta","RPL11","green"
"KIF14","magenta","EIF4A3","green"
"KIF14","magenta","SMTN","green"
"KIF14","magenta","SEC22B","green"
"KIF14","magenta","DCAF7","green"
"KIF14","magenta","AP2B1","green"
"KIF14","magenta","STK11IP","green"
"KIF14","magenta","HP1BP3","green"
"KIF14","magenta","RBM4B","green"
"KIF14","magenta","RNF213","green"
"KIF14","magenta","WDR27","green"
"KIF14","magenta","ZNF2","green"
"ASPM","magenta","CCNF","green"
"ASPM","magenta","NCAPG2","green"
"ASPM","magenta","HJURP","green"
"ASPM","magenta","GTSE1","green"
"ASPM","magenta","CDCA3","green"
"ASPM","magenta","TK1","green"
"ASPM","magenta","MCM3","green"
"UCK2","magenta","GART","green"
"UCK2","magenta","TYMP","green"
"UCK2","magenta","GAPDH","green"
"UCK2","magenta","CCNF","green"
"UCK2","magenta","TK1","green"
"UCK2","magenta","ENO1","green"
"FCGR3A","purple","FOXP3","green"
"FCGR3A","purple","TNFRSF1B","green"
"FCGR3A","purple","TNFRSF4","green"
"FCGR3A","purple","MATK","green"
"FCGR3A","purple","GAPDH","green"
"FCGR3A","purple","PDCD1LG2","magenta"
"FCGR3A","purple","TNF","green"
"FCGR3A","purple","CD63","green"
"FCGR3A","purple","IL12RB1","green"
"FCGR3A","purple","IRF3","green"
"FCGR3A","purple","ACTB","green"
"FCGR3A","purple","SPN","green"
"DEDD","green","KRT18","magenta"
"DEDD","green","CDK1","magenta"
"CD244","purple","FOXP3","green"
"CD244","purple","TNFRSF25","green"
"CD244","purple","TNFRSF4","green"
"CD244","purple","PDCD1LG2","magenta"
"CD244","purple","TNF","green"
"CD244","purple","SH3BP2","green"
"CD244","purple","RNF213","green"
"SLAMF7","purple","TNF","green"
"CENPW","magenta","RBBP4","green"
"CENPW","magenta","GART","green"
"CENPW","magenta","DSN1","green"
"CENPW","magenta","HJURP","green"
"CENPW","magenta","CDCA3","green"
"CENPW","magenta","TK1","green"
"CENPW","magenta","MCM3","green"
"MKI67","magenta","OGT","green"
"MKI67","magenta","MAP3K20","purple"
"MKI67","magenta","FOXP3","green"
"MKI67","magenta","PPHLN1","green"
"MKI67","magenta","GAPDH","green"
"MKI67","magenta","NUDT1","green"
"MKI67","magenta","CCNF","green"
"MKI67","magenta","NCAPG2","green"
"MKI67","magenta","EOMES","purple"
"MKI67","magenta","IK","green"
"MKI67","magenta","TNF","green"
"MKI67","magenta","HJURP","green"
"MKI67","magenta","GTSE1","green"
"MKI67","magenta","GNLY","purple"
"MKI67","magenta","CDK5RAP3","green"
"MKI67","magenta","CDCA3","green"
"MKI67","magenta","SRSF5","green"
"MKI67","magenta","TK1","green"
"MKI67","magenta","MCM3","green"
"THEM4","green","ACOT7","magenta"
"TIAL1","green","USP10","purple"
"PDCD11","green","CDCA8","magenta"
"PDCD11","green","CCNE2","magenta"
"PDCD11","green","SPG7","magenta"
"ACTR1A","green","KIF2C","magenta"
"ACTR1A","green","KIF4A","magenta"
"ACTR1A","green","PDGFD","purple"
"GBP2","magenta","PSMB9","green"
"GBP2","magenta","PSMB8","green"
"GBP2","magenta","HLA-DQB1","purple"
"GBP2","magenta","OAS1","green"
"GBP2","magenta","HLA-DPA1","purple"
"GBP2","magenta","IFI35","green"
"GBP2","magenta","TNF","green"
"GBP2","magenta","HLA-DPB1","purple"
"GBP2","magenta","GSDMD","green"
"GBP2","magenta","IRF3","green"
"GBP2","magenta","CCL5","purple"
"GNAS","green","GPR150","magenta"
"GNAS","green","GNG7","magenta"
"GNAS","green","BRCA1","magenta"
"ALDH18A1","green","CKS2","magenta"
"ALDH18A1","green","MTHFD2","magenta"
"ALDH18A1","green","DHFR","magenta"
"ALDH18A1","green","CAND1","magenta"
"ALDH18A1","green","BCAT1","magenta"
"ALDH18A1","green","SPG7","magenta"
"ALDH18A1","green","UBR2","magenta"
"ORC1","magenta","CCNL2","green"
"ORC1","magenta","HJURP","green"
"ORC1","magenta","ADRM1","green"
"ORC1","magenta","MCM3","green"
"ORC1","magenta","H2BC15","green"
"MRPS2","green","SPG7","magenta"
"STIL","magenta","CCNF","green"
"STIL","magenta","NCAPG2","green"
"KIF2C","magenta","CCNF","green"
"KIF2C","magenta","NCAPG2","green"
"KIF2C","magenta","DSN1","green"
"KIF2C","magenta","HJURP","green"
"KIF2C","magenta","GTSE1","green"
"KIF2C","magenta","CDCA3","green"
"KIF2C","magenta","TK1","green"
"KIF2C","magenta","MCM3","green"
"CDC20","magenta","CCT4","green"
"CDC20","magenta","RAE1","green"
"CDC20","magenta","GAPDH","green"
"CDC20","magenta","NUDT1","green"
"CDC20","magenta","CCNF","green"
"CDC20","magenta","CCNL2","green"
"CDC20","magenta","NCAPG2","green"
"CDC20","magenta","DSN1","green"
"CDC20","magenta","HJURP","green"
"CDC20","magenta","GTSE1","green"
"CDC20","magenta","IST1","green"
"CDC20","magenta","CDCA3","green"
"CDC20","magenta","TK1","green"
"CDC20","magenta","ADRM1","green"
"CDC20","magenta","MCM3","green"
"CDC20","magenta","ACTB","green"
"CDC20","magenta","PPP3CC","green"
"HIVEP3","magenta","IK","green"
"HIVEP3","magenta","ADRM1","green"
"ADA","green","DHFR","magenta"
"ADA","green","SLC29A1","magenta"
"ANXA7","green","ANXA4","purple"
"CDCA8","magenta","H2AC12","green"
"CDCA8","magenta","H4C3","green"
"CDCA8","magenta","RAE1","green"
"CDCA8","magenta","GAPDH","green"
"CDCA8","magenta","CCNF","green"
"CDCA8","magenta","CCNL2","green"
"CDCA8","magenta","NCAPG2","green"
"CDCA8","magenta","DSN1","green"
"CDCA8","magenta","HJURP","green"
"CDCA8","magenta","GTSE1","green"
"CDCA8","magenta","CDCA3","green"
"CDCA8","magenta","TK1","green"
"CDCA8","magenta","MCM3","green"
"CDCA8","magenta","H2BC15","green"
"CDCA8","magenta","RPL11","green"
"SLC29A3","green","SLC29A1","magenta"
"PSMB2","magenta","PSMB9","green"
"PSMB2","magenta","PSMB8","green"
"PSMB2","magenta","TNFRSF1B","green"
"PSMB2","magenta","KEAP1","green"
"PSMB2","magenta","CCT4","green"
"PSMB2","magenta","GAPDH","green"
"PSMB2","magenta","CCNF","green"
"PSMB2","magenta","COMMD5","green"
"PSMB2","magenta","TNF","green"
"PSMB2","magenta","GTSE1","green"
"PSMB2","magenta","BANF1","green"
"PSMB2","magenta","HSPA8","green"
"PSMB2","magenta","ADRM1","green"
"PSMB2","magenta","PSMG4","green"
"PSMB2","magenta","CHMP2A","green"
"TRAF3IP1","green","CCNA2","magenta"
"RBBP4","green","TOP2A","magenta"
"RBBP4","green","BRCA1","magenta"
"RBBP4","green","CCNE2","magenta"
"RBBP4","green","KPNA2","magenta"
"RBBP4","green","CCNA2","magenta"
"RBBP4","green","ZEB2","purple"
"TXLNA","green","CCDC28B","magenta"
"ZWINT","magenta","CCNF","green"
"ZWINT","magenta","NCAPG2","green"
"ZWINT","magenta","DSN1","green"
"ZWINT","magenta","CNBP","green"
"ZWINT","magenta","HJURP","green"
"ZWINT","magenta","GTSE1","green"
"ZWINT","magenta","CDCA3","green"
"ZWINT","magenta","TK1","green"
"ZWINT","magenta","MCM3","green"
"ZWINT","magenta","SMTN","green"
"FGR","purple","FUCA1","green"
"FGR","purple","TNFRSF1B","green"
"FGR","purple","CDK1","magenta"
"FGR","purple","ACTG1","green"
"FGR","purple","MYO1F","green"
"FGR","purple","EPS8","magenta"
"ATP6V1G1","green","SESN1","magenta"
"KIF4A","magenta","CCNF","green"
"KIF4A","magenta","NCAPG2","green"
"KIF4A","magenta","DSN1","green"
"KIF4A","magenta","HJURP","green"
"KIF4A","magenta","GTSE1","green"
"KIF4A","magenta","CDCA3","green"
"KIF4A","magenta","TK1","green"
"KIF4A","magenta","MCM3","green"
"KIF4A","magenta","AP2B1","green"
"BAK1","green","SPG7","magenta"
"EDA","magenta","TNF","green"
"PSMB9","green","HLA-DPA1","purple"
"PSMB9","green","HLA-DPB1","purple"
"PSMB9","green","CCL5","purple"
"PSMB8","green","HLA-DQB1","purple"
"PSMB8","green","HLA-DPA1","purple"
"PSMB8","green","CCL5","purple"
"HLA-DQB1","purple","TNFRSF25","green"
"HLA-DQB1","purple","PDCD1LG2","magenta"
"HLA-DQB1","purple","TNF","green"
"HLA-DQB1","purple","AP2B1","green"
"HLA-DQB1","purple","CTSO","green"
"MAP3K20","purple","RPL11","green"
"CLIC1","green","MTHFD2","magenta"
"CLIC1","green","ANXA4","purple"
"PLEKHM2","purple","BORCS6","green"
"CKS2","magenta","CCNF","green"
"CKS2","magenta","HJURP","green"
"CKS2","magenta","GTSE1","green"
"CKS2","magenta","CDCA3","green"
"CKS2","magenta","TK1","green"
"CKS2","magenta","MCM3","green"
"FOXP3","green","PDCD1LG2","magenta"
"FOXP3","green","EOMES","purple"
"FOXP3","green","PRF1","purple"
"FOXP3","green","BRCA1","magenta"
"FOXP3","green","B3GAT1","purple"
"FOXP3","green","GNLY","purple"
"FOXP3","green","CCL5","purple"
"FOXP3","green","CCL4","purple"
"FOXP3","green","ZEB2","purple"
"FOXP3","green","ITGAM","purple"
"TCF19","magenta","HJURP","green"
"TCF19","magenta","CDCA3","green"
"TCF19","magenta","MCM3","green"
"TNFRSF1B","green","KRT18","magenta"
"TNFRSF1B","green","CCL5","purple"
"TNFRSF1B","green","CCL4","purple"
"TNFRSF1B","green","ITGAM","purple"
"CEP78","purple","CEP104","green"
"FBXO6","purple","CCT4","green"
"FBXO6","purple","CCNF","green"
"FBXO6","purple","IFI35","green"
"FBXO6","purple","CCNE2","magenta"
"FBXO6","purple","CAND1","magenta"
"FBXO6","purple","IRF3","green"
"FBXO6","purple","DCAF7","green"
"H2AC12","green","BRCA1","magenta"
"TNFRSF25","green","PDCD1LG2","magenta"
"TNFRSF25","green","HLA-DPA1","purple"
"TNFRSF25","green","HLA-DPB1","purple"
"H4C3","green","BRCA1","magenta"
"ACOT7","magenta","GAPDH","green"
"ACOT7","magenta","NDRG1","green"
"ACOT7","magenta","ENO1","green"
"FANCG","green","CDK1","magenta"
"FANCG","green","CDC45","magenta"
"FANCG","green","BRCA1","magenta"
"FANCG","green","RAD51","magenta"
"LYRM9","magenta","TMEM242","green"
"TNFRSF4","green","PDCD1LG2","magenta"
"TNFRSF4","green","EOMES","purple"
"TNFRSF4","green","PRF1","purple"
"TNFRSF4","green","B3GAT1","purple"
"TNFRSF4","green","GNLY","purple"
"TNFRSF4","green","CCL5","purple"
"TNFRSF4","green","CCL4","purple"
"TNFRSF4","green","ITGAM","purple"
"PRDX4","green","PDIA6","magenta"
"PRDX4","green","RAD51","magenta"
"GDI2","green","PDIA6","magenta"
"GDI2","green","STMN1","magenta"
"RRAGA","green","GNG7","magenta"
"RRAGA","green","SESN1","magenta"
"RRAGA","green","RCC1","magenta"
"GART","green","MTHFD2","magenta"
"GART","green","DHFR","magenta"
"GNG7","magenta","CCT4","green"
"GNG7","magenta","RGS19","green"
"KRT18","magenta","GAPDH","green"
"KRT18","magenta","TNF","green"
"KRT18","magenta","NDRG1","green"
"KRT18","magenta","ACTB","green"
"KRT18","magenta","RPL11","green"
"C19orf12","green","SPG7","magenta"
"SH2D2A","green","PRF1","purple"
"BDH1","purple","TNF","green"
"BDH1","purple","SLC16A1","magenta"
"SRSF2","green","TOP2A","magenta"
"ETS1","green","EOMES","purple"
"ETS1","green","BRCA1","magenta"
"ETS1","green","ZEB2","purple"
"STT3A","green","PDIA6","magenta"
"KEAP1","green","PTTG1","magenta"
"KEAP1","green","SESN1","magenta"
"KEAP1","green","BRCA1","magenta"
"KEAP1","green","CAND1","magenta"
"KEAP1","green","RAD51","magenta"
"PTTG1","magenta","RAE1","green"
"PTTG1","magenta","CCNF","green"
"PTTG1","magenta","CCNL2","green"
"PTTG1","magenta","HJURP","green"
"PTTG1","magenta","GTSE1","green"
"PTTG1","magenta","HNRNPAB","green"
"PTTG1","magenta","CDCA3","green"
"PTTG1","magenta","TK1","green"
"PTTG1","magenta","ADRM1","green"
"PTTG1","magenta","MCM3","green"
"MTHFD2","magenta","SLC1A5","green"
"MTHFD2","magenta","MTHFD1","green"
"ANXA4","purple","ACTG1","green"
"ANXA4","purple","ACTB","green"
"PPP2R2B","purple","CCT4","green"
"PPP2R2B","purple","CDK1","magenta"
"PPP2R2B","purple","PPME1","green"
"CCT4","green","CCNE2","magenta"
"MCUB","green","SPG7","magenta"
"MATK","green","BRCA1","magenta"
"MATK","green","LYN","purple"
"MATK","green","ITGAM","purple"
"CDK1","magenta","RAE1","green"
"CDK1","magenta","GAPDH","green"
"CDK1","magenta","CCNF","green"
"CDK1","magenta","MORC2","green"
"CDK1","magenta","CCNL2","green"
"CDK1","magenta","NCAPG2","green"
"CDK1","magenta","DSN1","green"
"CDK1","magenta","TNF","green"
"CDK1","magenta","HJURP","green"
"CDK1","magenta","GTSE1","green"
"CDK1","magenta","LYN","purple"
"CDK1","magenta","HSPA8","green"
"CDK1","magenta","CDCA3","green"
"CDK1","magenta","TK1","green"
"CDK1","magenta","ADRM1","green"
"CDK1","magenta","MCM3","green"
"CDK1","magenta","H2BC15","green"
"CDK1","magenta","ACTB","green"
"PPHLN1","green","BRCA1","magenta"
"TYMP","green","DHFR","magenta"
"RAE1","green","TOP2A","magenta"
"RAE1","green","KPNA2","magenta"
"RAE1","green","RCC1","magenta"
"UBE2E2","green","BRCA1","magenta"
"GAPDH","green","PDCD1LG2","magenta"
"GAPDH","green","APOBEC3G","purple"
"GAPDH","green","PDIA6","magenta"
"GAPDH","green","EOMES","purple"
"GAPDH","green","DHFR","magenta"
"GAPDH","green","PRF1","purple"
"GAPDH","green","STMN1","magenta"
"GAPDH","green","TOP2A","magenta"
"GAPDH","green","BRCA1","magenta"
"GAPDH","green","CCNE2","magenta"
"GAPDH","green","KPNA2","magenta"
"GAPDH","green","SLC16A1","magenta"
"GAPDH","green","CCL5","purple"
"GAPDH","green","CCNA2","magenta"
"GAPDH","green","CCL4","purple"
"GAPDH","green","ZEB2","purple"
"GAPDH","green","RAD51","magenta"
"GAPDH","green","ITGAM","purple"
"GAPDH","green","RCC1","magenta"
"GAPDH","green","SLC29A1","magenta"
"CCNF","green","DHFR","magenta"
"CCNF","green","CDC45","magenta"
"CCNF","green","TOP2A","magenta"
"CCNF","green","MCM10","magenta"
"CCNF","green","LYN","purple"
"CCNF","green","CCNE2","magenta"
"CCNF","green","KPNA2","magenta"
"CCNF","green","SLC16A1","magenta"
"CCNF","green","CAND1","magenta"
"CCNF","green","SPC24","magenta"
"CCNF","green","UHRF1","magenta"
"CCNF","green","CCNA2","magenta"
"CCNF","green","NUSAP1","magenta"
"DDHD2","green","SPG7","magenta"
"PDCD1LG2","magenta","HLA-DPA1","purple"
"PDCD1LG2","magenta","PRF1","purple"
"PDCD1LG2","magenta","TNF","green"
"PDCD1LG2","magenta","HLA-DPB1","purple"
"PDCD1LG2","magenta","CCL5","purple"
"PDCD1LG2","magenta","CCL4","purple"
"PDCD1LG2","magenta","ITGAM","purple"
"CCNL2","green","CDC45","magenta"
"CCNL2","green","BRCA1","magenta"
"CCNL2","green","CCNE2","magenta"
"CCNL2","green","CCNA2","magenta"
"CCNL2","green","RCC1","magenta"
"APOBEC3G","purple","HNRNPAB","green"
"PDIA6","magenta","HSPA8","green"
"PDIA6","magenta","METTL23","green"
"PDIA6","magenta","ENO1","green"
"NCAPG2","green","CDC45","magenta"
"NCAPG2","green","TOP2A","magenta"
"NCAPG2","green","MCM10","magenta"
"NCAPG2","green","BRCA1","magenta"
"NCAPG2","green","UHRF1","magenta"
"NCAPG2","green","CCNA2","magenta"
"NCAPG2","green","RAD51","magenta"
"NCAPG2","green","NUSAP1","magenta"
"CSTF2","green","BRCA1","magenta"
"OAS1","green","CCL5","purple"
"OAS1","green","ITGAM","purple"
"EOMES","purple","TNF","green"
"EOMES","purple","IL12RB1","green"
"EOMES","purple","ZBTB7B","green"
"DSN1","green","SPC24","magenta"
"IFT27","green","CCDC28B","magenta"
"HLA-DPA1","purple","TNF","green"
"HLA-DPA1","purple","AP2B1","green"
"HLA-DPA1","purple","CTSO","green"
"SESN1","magenta","ATP6V0E1","green"
"COMMD5","green","SH3RF2","magenta"
"COMMD5","green","CAND1","magenta"
"IFI35","green","BRCA1","magenta"
"DHFR","magenta","TK1","green"
"DHFR","magenta","MTHFD1","green"
"PRF1","purple","TNF","green"
"PRF1","purple","CD63","green"
"PRF1","purple","IL12RB1","green"
"PRF1","purple","ACTB","green"
"PRF1","purple","SPN","green"
"TNF","green","BRCA1","magenta"
"TNF","green","LYN","purple"
"TNF","green","B3GAT1","purple"
"TNF","green","GNLY","purple"
"TNF","green","CMKLR1","purple"
"TNF","green","CCL5","purple"
"TNF","green","CCL4","purple"
"TNF","green","ITGAM","purple"
"TNF","green","CCL4L2","purple"
"PNPT1","green","CAND1","magenta"
"AP4M1","green","SPG7","magenta"
"CDC45","magenta","HJURP","green"
"CDC45","magenta","GTSE1","green"
"CDC45","magenta","CDCA3","green"
"CDC45","magenta","TK1","green"
"CDC45","magenta","MCM3","green"
"HLA-DPB1","purple","AP2B1","green"
"HLA-DPB1","purple","CTSO","green"
"STMN1","magenta","HSPA8","green"
"STMN1","magenta","TUBA1C","green"
"STMN1","magenta","ACTB","green"
"STMN1","magenta","ENO1","green"
"TOP2A","magenta","HJURP","green"
"TOP2A","magenta","GTSE1","green"
"TOP2A","magenta","BANF1","green"
"TOP2A","magenta","HSPA8","green"
"TOP2A","magenta","CDCA3","green"
"TOP2A","magenta","TK1","green"
"TOP2A","magenta","MCM3","green"
"TOP2A","magenta","H2BC15","green"
"TOP2A","magenta","ACTB","green"
"TOP2A","magenta","RBM4B","green"
"HJURP","green","MCM10","magenta"
"HJURP","green","SPC24","magenta"
"HJURP","green","UHRF1","magenta"
"HJURP","green","CCNA2","magenta"
"HJURP","green","RAD51","magenta"
"HJURP","green","NUSAP1","magenta"
"SPART","green","SPG7","magenta"
"GTSE1","green","MCM10","magenta"
"GTSE1","green","BRCA1","magenta"
"GTSE1","green","SPC24","magenta"
"GTSE1","green","CCNA2","magenta"
"GTSE1","green","NUSAP1","magenta"
"MCM10","magenta","CDCA3","green"
"MCM10","magenta","TK1","green"
"MCM10","magenta","MCM3","green"
"MCM10","magenta","TATDN3","green"
"BRCA1","magenta","HNRNPAB","green"
"BRCA1","magenta","HSPA8","green"
"BRCA1","magenta","TK1","green"
"BRCA1","magenta","MCM3","green"
"BRCA1","magenta","FSBP","green"
"BRCA1","magenta","H2BC15","green"
"BRCA1","magenta","ACTB","green"
"BRCA1","magenta","SMTN","green"
"SH3RF2","magenta","LSM12","green"
"GFM2","green","SPG7","magenta"
"LYN","purple","NMT1","green"
"LYN","purple","ACTB","green"
"CCNE2","magenta","ADRM1","green"
"CCNE2","magenta","MCM3","green"
"CCNE2","magenta","ACTB","green"
"CCNE2","magenta","DCAF7","green"
"ATOX1","green","SPG7","magenta"
"BANF1","green","ZEB2","purple"
"MAML2","green","GNLY","purple"
"HSPA8","green","CAND1","magenta"
"HSPA8","green","USP10","purple"
"KPNA2","magenta","CDCA3","green"
"KPNA2","magenta","TK1","green"
"KPNA2","magenta","IRF3","green"
"KPNA2","magenta","MCM3","green"
"KPNA2","magenta","H2BC15","green"
"KPNA2","magenta","ZNF2","green"
"SLC16A1","magenta","SLC1A5","green"
"SLC16A1","magenta","SLC38A1","green"
"CDCA3","green","SPC24","magenta"
"CDCA3","green","UHRF1","magenta"
"CDCA3","green","CCNA2","magenta"
"CDCA3","green","RAD51","magenta"
"CDCA3","green","NUSAP1","magenta"
"CAND1","magenta","LSM12","green"
"CAND1","magenta","MCM3","green"
"CAND1","magenta","DCAF7","green"
"BCAT1","magenta","SLC1A5","green"
"CD63","green","ITGAM","purple"
"CD63","green","SLC29A1","magenta"
"TWF1","green","EPS8","magenta"
"SLC38A1","green","SLC1A7","purple"
"USP10","purple","LSM12","green"
"USP10","purple","CSDE1","green"
"USP10","purple","ENO1","green"
"SPC24","magenta","TK1","green"
"TK1","green","UHRF1","magenta"
"TK1","green","CCNA2","magenta"
"TK1","green","RAD51","magenta"
"TK1","green","NUSAP1","magenta"
"TK1","green","SLC29A1","magenta"
"IL12RB1","green","CCL5","purple"
"IRF3","green","CCL5","purple"
"IRF3","green","CCL4","purple"
"IRF3","green","ITGAM","purple"
"CCL5","purple","ACTB","green"
"ADRM1","green","CCNA2","magenta"
"UHRF1","magenta","MCM3","green"
"UHRF1","magenta","H2BC15","green"
"MCM3","green","CCNA2","magenta"
"MCM3","green","RAD51","magenta"
"MCM3","green","RCC1","magenta"
"MCM3","green","NUSAP1","magenta"
"CCNA2","magenta","H2BC15","green"
"CCNA2","magenta","ACTB","green"
"CCL4","purple","ACTB","green"
"FSBP","green","RAD51","magenta"
"H2BC15","green","RAD51","magenta"
"ZEB2","purple","ACTB","green"
"RAD51","magenta","ACTB","green"
"MYO1F","green","ITGAM","purple"
"ACTB","green","ITGAM","purple"
"ITGAM","purple","SPN","green"
