"Gene","Module","Degree","Betweenness","Closeness","Eigenvector"
"CCNF","green",167,0.0979959786074596,0.509246088193457,0.855727195368932
"KIF14","magenta",165,0.0862622303588428,0.498954703832753,0.845454312076166
"TP53","green",165,0.0887314175926203,0.507801418439716,0.711183103931747
"GAPDH","green",141,0.0699125892059456,0.509608540925267,0.517258390059586
"CDK1","magenta",123,0.023506851132738,0.475116124751161,1
"KIF23","magenta",122,0.0335316680316525,0.464332036316472,0.898332622849909
"ACTB","green",121,0.0541937488967767,0.489740082079343,0.405169252016215
"PLK1","magenta",112,0.0154158491462355,0.456632653061224,0.94099041763121
"CCNB1","magenta",111,0.00917729032739964,0.458386683738796,0.972088882459637
"MKI67","magenta",103,0.0238119210695564,0.461637653127015,0.85602989260482
"TNF","green",103,0.0376377134245772,0.451450189155107,0.19655740711384
"CCNA2","magenta",102,0.00453580123721913,0.45088161209068,0.96549679092744
"BRCA1","magenta",101,0.017227066983688,0.458680333119795,0.773115885598719
"TOP2A","magenta",100,0.00551928212788718,0.458680333119795,0.943700487133982
"CDC20","magenta",100,0.00833852324053812,0.448340638697558,0.941607135642237
"BIRC5","magenta",100,0.0120081756745863,0.456050955414013,0.929739737732936
"CDCA8","magenta",95,0.00599262478205009,0.440073755377996,0.914342563907211
"RRM2","magenta",93,0.00574440632713495,0.451165721487083,0.911967559790218
"CCNB2","magenta",89,0.0027826046836828,0.441430332922318,0.901949642824499
"TYMS","magenta",89,0.00733392015137903,0.431845597104946,0.846827935683114
"HSPA8","green",88,0.0382646188134839,0.464935064935065,0.241226210025262
"CENPA","magenta",85,0.00216001850027075,0.441158348736907,0.866122172928547
"BUB1","magenta",84,0.00076776649922407,0.426952892069171,0.903749691651334
"RAD51","magenta",84,0.00296508086815752,0.427207637231504,0.831228310248491
"FEN1","magenta",84,0.0137447608558936,0.443069306930693,0.799254459367329
"MCM7","magenta",84,0.00726283283614606,0.448060075093867,0.748931049866424
"IFNG","purple",84,0.0199646045202276,0.429514097180564,0.122026692647601
"KIF2C","magenta",82,0.00128452098831065,0.425430778371955,0.872575247309936
"RBM39","green",82,0.0221909402787566,0.451735015772871,0.251028019557947
"UBE2C","magenta",81,0.00360469466789032,0.43605359317905,0.84826606853101
"HNRNPH1","green",81,0.0436177933379495,0.440886699507389,0.177042219301008
"PTTG1","magenta",80,0.00225565181288564,0.433414043583535,0.827580226713975
"NEK2","magenta",80,0.00700453744967621,0.442795299938157,0.816192577192433
"MCM3","green",80,0.00409513283422975,0.435788192331102,0.783470860296532
"CDC45","magenta",79,0.00149784503549933,0.418468731735827,0.852991208077013
"DLGAP5","magenta",79,0.00295203421200964,0.417249417249417,0.837391835542608
"MCM4","magenta",79,0.00191520625093813,0.427973699940227,0.834522168086362
"EXO1","magenta",78,0.00133197998130932,0.426952892069171,0.841763365923208
"DTL","magenta",76,0.00545761047585076,0.428999400838826,0.755551812334857
"EZH2","magenta",76,0.00773722831954769,0.432889963724305,0.587524875328055
"NUSAP1","magenta",75,0.000304383787321329,0.415313225058005,0.848112323279778
"ASPM","magenta",75,0.000824672313929575,0.421424367274868,0.838625464470233
"ZWINT","magenta",75,0.00150621534226281,0.427973699940227,0.823178728516717
"TK1","green",75,0.00463179324578171,0.42644431209053,0.783673988844034
"MELK","magenta",73,0.001160916160562,0.421921037124337,0.826118530391758
"NCAPG","magenta",73,0.000710533998872567,0.421176470588235,0.823961516325444
"TPX2","magenta",73,0.00528025535132578,0.424422050978068,0.793966898376019
"UHRF1","magenta",73,0.00242780315007903,0.431845597104946,0.783145509310033
"MCM10","magenta",72,0.00197952814943354,0.41603718768158,0.801339846154307
"KIF4A","magenta",72,0.00274715794824718,0.414591777649102,0.778305478380337
"KIF15","magenta",71,0.00352115576922024,0.413633737723859,0.780181241106921
"CDCA3","green",70,0.000620746201704466,0.410315186246418,0.79744851998674
"STAT1","magenta",70,0.0172814848492546,0.429771908763505,0.137784784873285
"HJURP","green",69,0.000513305954427521,0.412918108419839,0.768723674301953
"CDCA5","green",67,0.000137504423143718,0.408675799086758,0.786448417087081
"PCLAF","magenta",67,0.000843725354836287,0.401795735129068,0.766408119783071
"MYBL2","green",67,0.00286457778980316,0.425683709869203,0.719763754754888
"CENPM","green",65,0.0016366071133661,0.402699662542182,0.703597932330523
"GINS2","magenta",64,0.00041267641217616,0.386400431732326,0.73778123096765
"GTSE1","green",64,0.00179604402872793,0.423919478981646,0.692718382356974
"NCAPG2","green",64,0.00472996963996202,0.417980151780502,0.691519026873163
"CCNE2","magenta",63,0.00309507658629496,0.43605359317905,0.579809479940785
"SPC25","magenta",62,0.00557810659235016,0.399108138238573,0.701177883666383
"KPNA2","magenta",62,0.00318534767397704,0.432367149758454,0.59669248795782
"ASF1B","magenta",61,0.0018400335390365,0.392328767123288,0.664397008871302
"RPL11","green",61,0.0220456342037535,0.450031426775613,0.146456949369285
"CDCA2","magenta",59,0.000117453222984113,0.404748445449406,0.693151410500123
"RRM1","green",59,0.00292406708476062,0.423167848699764,0.55467696303967
"CCT5","green",59,0.0149622824663568,0.445828144458281,0.15691585968796
"TRIM21","green",59,0.0198165169170714,0.447220487195503,0.154804603159054
"H2AC20","green",58,0.0052030962006394,0.419941348973607,0.372027492964536
"SKA1","magenta",56,0.000819245797260327,0.402021336327906,0.642007598969529
"CDK4","green",56,0.00579498607017374,0.435258358662614,0.455527326084687
"CCT4","green",56,0.00965278710671165,0.449184441656211,0.177500528421843
"OIP5","magenta",55,0.000335384306243948,0.399776661083194,0.65055659694524
"CKS1B","magenta",55,0.000643665483720572,0.411494252873563,0.590311622083541
"SHCBP1","magenta",54,6.41910410255159e-05,0.394056136488718,0.645473622212405
"NCAPD2","green",54,0.000456782796472808,0.404977375565611,0.635750170216865
"CENPW","magenta",54,0.000306487294348965,0.39470782800441,0.613493180182275
"CKS2","magenta",53,0.000250382624402369,0.400223588596982,0.622974510435763
"CLSPN","magenta",53,0.0010602574598845,0.409845449341729,0.604099241820555
"GMNN","magenta",53,0.000944496127795662,0.395580110497238,0.584448860236804
"H2AZ1","magenta",53,0.00626688265501541,0.413394919168591,0.338222349167003
"ANXA5","green",53,0.0062052823411564,0.433939393939394,0.20229942508767
"GZMB","purple",53,0.0066854552292713,0.403835307388607,0.0749197448723567
"TUBB","green",52,0.0127446813720769,0.433151845130067,0.223411524214358
"ACTG1","green",52,0.0100380595053701,0.426698450536353,0.112808748295721
"DDB1","green",51,0.0141658754838591,0.437118437118437,0.233496883657728
"DDX5","green",51,0.00466318773205475,0.441158348736907,0.183758973401681
"ENO1","green",51,0.0112333310083356,0.441975308641975,0.124660233718877
"FOXP3","green",50,0.00625258421227376,0.414112203585888,0.120308154659677
"ORC1","magenta",49,0.000426621869350837,0.386817936250675,0.515896039836512
"RBBP4","green",49,0.00853427269780814,0.420681551116334,0.312383280051202
"H2BC12","magenta",49,0.00398886645241593,0.422668240850059,0.306074228206251
"CCL5","purple",49,0.0033690918637118,0.393190554640307,0.0569341811680512
"ESCO2","magenta",48,0.00100208158536959,0.392759188151399,0.545760622768367
"H2BC15","green",48,0.00485241600540064,0.425430778371955,0.303422510047203
"DEPDC1B","magenta",47,0.00245009607221198,0.393406593406593,0.52196551801644
"SF3B1","green",47,0.00571763691470189,0.424422050978068,0.171411391045867
"ORC6","magenta",46,0.000164112627064196,0.377438060094887,0.543579266369778
"CDCA7","magenta",46,0.000172383016555922,0.386400431732326,0.522333281217131
"NEIL3","magenta",46,0.00192094498581571,0.405665722379603,0.495091765755909
"ITGAM","purple",46,0.00761900001913935,0.397777777777778,0.058086112221713
"PKMYT1","magenta",45,0.00113567985103155,0.388286334056399,0.494229403211377
"PABPC1","green",45,0.00508779595898791,0.432367149758454,0.171542722655347
"EIF4A3","green",45,0.00951384903029963,0.418713450292398,0.120217640731311
"TBX21","purple",45,0.00692484023171576,0.394056136488718,0.0628098555986993
"SPC24","magenta",44,7.68354020921439e-05,0.387236343969713,0.527223537079328
"PSMC4","green",44,0.00831371615839652,0.426190476190476,0.233662216339419
"CDKN1B","green",43,0.00734168177557896,0.419941348973607,0.290862096459824
"AIMP2","green",43,0.0052816950171536,0.436319317489336,0.157788596101903
"PRF1","purple",43,0.00366078021570922,0.390829694323144,0.0538319978336579
"FCGR3A","purple",43,0.00308702993226113,0.381459776238679,0.0471287228477137
"YWHAE","green",42,0.00947830137070431,0.436585365853659,0.210427877185035
"PSMB2","magenta",42,0.00711635577546779,0.425178147268409,0.208801243806713
"GZMA","purple",41,0.00229390824588516,0.376050420168067,0.0398512700506094
"PDCD11","green",40,0.00868052756342047,0.413633737723859,0.095387937268637
"H2AC14","green",39,0.00162753025524783,0.401345291479821,0.230644094472679
"TUBB4B","green",39,0.0112078790195941,0.422169811320755,0.131496792545313
"HAVCR2","magenta",39,0.0047776271474448,0.396017699115044,0.0599176601194148
"PSMB5","green",38,0.00978938445740082,0.418468731735827,0.207217068710577
"NOP58","green",38,0.00601972830983162,0.400223588596982,0.101087864806516
"DDX39B","green",38,0.00353065238511219,0.396456256921373,0.0722332862237207
"RNF149","green",38,0.0169039561376156,0.399776661083194,0.056545126626104
"NKG7","purple",38,0.00416873511576605,0.370600414078675,0.0509374120928109
"STMN1","magenta",37,0.00316044693400268,0.412918108419839,0.299382871918881
"GART","green",37,0.00822607571676155,0.415554265815438,0.121299850864601
"E2F7","magenta",36,0.000215392147447597,0.401795735129068,0.432797841303558
"SRSF2","green",36,0.0017056657854148,0.42092886537331,0.131748335380735
"TUBA1B","green",36,0.00788944986142844,0.425683709869203,0.121098520587023
"SNRPA1","green",36,0.00575356429904105,0.412680115273775,0.104473978431298
"HLA-DRB1","purple",36,0.0033255823566873,0.369643779039752,0.0282879242211736
"ADRM1","green",35,0.00254419071836716,0.42018779342723,0.207939381592867
"CD38","magenta",35,0.001557755521224,0.393839383938394,0.0594989736017335
"CCL4","purple",35,0.00127818482822151,0.37624802942722,0.0393770725124582
"CX3CR1","purple",35,0.00310291966016529,0.37624802942722,0.0369258113873653
"CCNL2","green",34,0.00153774013147807,0.410786001147447,0.296160624195348
"PSMD3","green",34,0.00504289067849846,0.411257897759908,0.190866168685263
"UBE2N","green",34,0.00760046821072286,0.410315186246418,0.175409794457948
"TUBA4A","green",34,0.00367728046494363,0.429771908763505,0.161424802966635
"HNRNPDL","green",34,0.00213016842754147,0.410786001147447,0.138395832066677
"EOMES","purple",33,0.00243195316871154,0.380648591174907,0.0448375564213665
"GPC1","green",33,0.00956308009434656,0.376643871646502,0.0268557629282105
"HLA-DPA1","purple",33,0.00313625908704711,0.358179089544772,0.0214824938774557
"DHFR","magenta",32,0.00315119666828391,0.410315186246418,0.23657391665383
"ALDH18A1","green",31,0.011861576827715,0.410315186246418,0.14583886350688
"MOB3C","green",31,0.00361630066627228,0.396017699115044,0.128576314376041
"SRSF7","green",31,0.00065057652893441,0.399776661083194,0.090091948733036
"STIP1","green",31,0.00283975238179056,0.408209806157355,0.0756570381926569
"IMP3","green",31,0.00552195629145967,0.389130434782609,0.0719557859719477
"KEAP1","green",30,0.0102578988175245,0.420434527304756,0.131646566207921
"TUBA1C","green",30,0.00168227617625083,0.414351851851852,0.103595039653485
"GZMK","green",30,0.000790873062635104,0.367745249101181,0.034516125285248
"GNLY","purple",30,0.00155496645210557,0.360705289672544,0.0326816730579836
"SF3B4","green",29,0.001770432225388,0.391899288451013,0.0700777838313515
"PSMB9","green",29,0.00140789788945379,0.360887096774194,0.0327528999957455
"RCC1","magenta",28,0.000917876718117622,0.408209806157355,0.269674101175968
"RAE1","green",28,0.00403114076297595,0.381866666666667,0.17821297090861
"LYN","purple",28,0.00667098394930607,0.422668240850059,0.108985363267973
"HNRNPAB","green",28,0.0034839479764697,0.407744874715262,0.101749006537998
"GZMH","purple",28,0.00129004956334983,0.352709359605911,0.0294767807318759
"CD244","purple",28,0.000779262704729056,0.341766109785203,0.0211542023594998
"STIL","magenta",27,0.00323755375822115,0.386192017259978,0.334574216794662
"E2F2","green",27,0.00168524417471103,0.391470749043193,0.275836724344756
"ACTL6A","green",27,0.000746672923535938,0.406818181818182,0.136575267280036
"SRSF5","green",27,0.000568539104052693,0.393406593406593,0.0933015320124942
"SF3B3","green",27,0.00141899461569646,0.391043145821955,0.0881092529065754
"POLR1A","green",27,0.00495137795567962,0.382070437566702,0.0678311248713675
"IRF3","green",27,0.00157989357877088,0.398220244716351,0.0567524653447067
"PSMB8","green",27,0.00187004184976895,0.368692070030896,0.0375740551521907
"H4C3","green",26,0.00090482735743526,0.373695198329854,0.14460759111174
"TNFRSF1A","green",26,0.00141454081447799,0.398885793871866,0.0663832285142089
"PDCD1LG2","magenta",26,0.000662391398037548,0.380648591174907,0.039006641205194
"ACTR1A","green",25,0.00360103693142841,0.399553571428571,0.126619399675504
"CAND1","magenta",25,0.00579470887146812,0.390616475722859,0.0798177874756012
"GNB2","green",25,0.00867810276341166,0.386192017259978,0.043133417018678
"NME8","purple",25,0.00783525820718268,0.383914209115282,0.0411769001001119
"IFI35","green",25,0.00341207527090075,0.374085684430512,0.0299469049666453
"HLA-DQA1","purple",25,0.00189257826927113,0.34858812074002,0.0160249152217303
"TINF2","green",24,0.00811936308808729,0.387236343969713,0.101590487864109
"BCLAF1","green",24,0.00284805217158281,0.401795735129068,0.0775803397330473
"BYSL","green",24,0.00193865131524926,0.372916666666667,0.0319140026318403
"GNG2","purple",24,0.00445432818716094,0.366427840327533,0.0261910215527411
"H2AC12","green",23,0.000386560132725461,0.381866666666667,0.137329900062499
"BANF1","green",23,0.00081763656314775,0.41008018327606,0.120626518945632
"RBBP5","green",23,0.00304859032836604,0.388286334056399,0.100457441721746
"GNAS","green",23,0.00739762630776519,0.414591777649102,0.0966578221709471
"WDR12","green",23,0.00325038895661301,0.379840848806366,0.0583779691211026
"BST2","green",23,0.00228291700018956,0.402699662542182,0.053525116613569
"CD63","green",23,0.0050154622932959,0.399330730619074,0.0466289193400309
"PLEK","purple",23,0.00954523958533337,0.384739387426115,0.0368333389283131
"TNFRSF4","green",23,4.8501363794869e-05,0.332404828226555,0.020200410991302
"GBP2","magenta",23,0.000452454832072875,0.349098000975134,0.0173195645989199
"HLA-DQB1","purple",23,0.000747462696496774,0.347741622146673,0.015980459768244
"DSN1","green",22,1.23840974905146e-05,0.369262506446622,0.273211375594007
"IMPDH2","green",22,0.000665434251119037,0.400895856662934,0.106014700702265
"HNRNPH3","green",22,0.000600819369419173,0.387865655471289,0.072699620999014
"HNRNPA0","green",22,0.000656267822485891,0.398663697104677,0.0686694182545861
"PSMB10","green",22,0.00116888368203548,0.363821138211382,0.0335847877427759
"EMG1","green",22,0.00146422913840447,0.341929321872015,0.0177943542536289
"VPS35","green",21,0.00681213348621668,0.383502945902517,0.0495994525723566
"FARSA","green",21,0.00257980050335973,0.387027027027027,0.0475506804350944
"NIPSNAP2","green",20,0.00925103037832651,0.391470749043193,0.074227875735783
"CLTA","green",20,0.00417261878012177,0.391684901531729,0.0695830473166851
"CSK","green",20,0.00298478583422446,0.377040547656661,0.0407689246347765
"TCERG1","green",19,0.00104653305662439,0.372141372141372,0.0434162332117212
"HSPBP1","green",19,0.00196027717137906,0.380648591174907,0.0351938085525105
"OAS1","green",19,0.000353471274712326,0.371176775531363,0.0313113766235118
"GNAQ","green",19,0.00201612314289452,0.370408691153647,0.0204114463050167
"AP2B1","green",18,0.00310843099845628,0.407281001137656,0.0705471201581406
"PDIA6","magenta",18,0.0025413921506431,0.4,0.0680898259330636
"DDX47","green",18,0.000978156119183623,0.380648591174907,0.0540291846113167
"SLC1A5","green",18,0.00553782474871802,0.395361678630591,0.0501825490138595
"PRKAG1","green",18,0.00439542004373243,0.396675900277008,0.0427333770442289
"PNPT1","green",18,0.00198919514319085,0.370217166494312,0.0389242167996117
"PSME2","green",18,0.000429807262154467,0.352535696701132,0.0272784931902373
"RRAGA","green",18,0.00139833023525662,0.349438750610054,0.0246334801292617
"MRPL27","green",18,0.00230470912843631,0.352883193691474,0.0236871986663317
"SPG7","magenta",18,0.0101877943431817,0.360705289672544,0.0190802498553717
"B3GAT1","purple",18,0.000519704690218179,0.338854708944628,0.0170257954410765
"UBE2L6","green",18,0.000515567179628248,0.338854708944628,0.0141975997213067
"H1-5","green",17,0.000398139263511406,0.395361678630591,0.116104466999238
"DNAJC9","green",17,0.000673123459480926,0.379237288135593,0.0974636430772076
"DCAF7","green",17,0.000775008553877548,0.391899288451013,0.0769473918201704
"USP10","purple",17,0.00173589087304359,0.396456256921373,0.0616902064828937
"OGT","green",17,0.000870699858776545,0.380648591174907,0.0553913778172683
"ARGLU1","green",17,0.00127580448680548,0.374672946101518,0.0464227955435711
"CLIC1","green",17,0.00127746844844135,0.398220244716351,0.044734176846306
"COMMD5","green",17,0.00258552559497072,0.344894026974952,0.0393887851190356
"VASP","green",17,0.00346280516621427,0.379036527263102,0.0382048624426011
"RAC2","green",17,0.00543633001545802,0.387865655471289,0.0366417267003545
"GLUL","green",17,0.00443051164192561,0.379840848806366,0.0337381791246972
"TNFRSF1B","green",17,0.000514201843481674,0.347910592808552,0.02883318698705
"OAS2","green",17,0.00201760498180757,0.365866121614716,0.0235397467775696
"CD96","green",17,1.02858468242363e-05,0.312663755458515,0.0125985357330175
"NOC4L","green",17,0.000474392210160666,0.327389117512574,0.0122353710274688
"HLA-DPB1","purple",17,0.000330991274894663,0.3391757460919,0.0101906684377166
"FGFBP2","purple",17,0.000581902064182938,0.301473684210526,0.00781742823341777
"RAB1B","green",16,0.00175129967676624,0.375065479308539,0.0754716987651875
"KRT18","magenta",16,0.00328032048201468,0.396675900277008,0.0737956229911249
"CNBP","green",16,0.000448766530937134,0.393839383938394,0.068949649010846
"EXOSC4","green",16,0.000458870831625423,0.363636363636364,0.0543728518057027
"IK","green",16,0.000448113523178546,0.377040547656661,0.0491357981615788
"RIPK3","green",16,0.000412558254391693,0.38024429102496,0.0407051917227567
"DCUN1D5","green",16,0.000769518623109684,0.345893719806763,0.0395442496024227
"CASC3","green",16,0.000371905527048605,0.338694418164617,0.0243342346165336
"PNISR","green",16,0.000544542223986124,0.345060240963855,0.0235982049560914
"SESN2","green",16,0.00421674206430108,0.35604177026355,0.0220286719751959
"GNG7","magenta",16,0.000897910820660667,0.337099811676083,0.0109572858521154
"MRPS2","green",16,0.00142106752256045,0.338854708944628,0.0107021692160607
"CST7","purple",16,9.8862093407818e-05,0.315140845070423,0.0103200895781575
"XCL2","purple",16,2.93898606044929e-05,0.30995670995671,0.00947261997659603
"TOP3A","green",15,0.000175753222240239,0.368882019577537,0.130543281897963
"ETS1","green",15,0.004569058559724,0.397336293007769,0.0673977361792673
"DDX23","green",15,0.000797587737570893,0.380851063829787,0.0607802126365848
"MEAF6","green",15,0.00316488446671897,0.381459776238679,0.0607238571486147
"GBA","green",15,0.00542215419638224,0.388075880758808,0.048975679237366
"GOLPH3","purple",15,0.00672245848273993,0.39514348785872,0.0447388233825745
"ADRB2","purple",15,0.00157996599796828,0.381256656017039,0.0382163546009999
"FGR","purple",15,0.00540747205096054,0.377637130801688,0.0357531137152209
"GSDMD","green",15,0.000407900353052363,0.368502316006176,0.0310038109543876
"PRKAB2","green",15,0.00222630756278574,0.374281233664401,0.0259978585814536
"IL12RB1","green",15,0.000174629908693473,0.343405275779377,0.0174289086536794
"EXOSC2","green",15,0.000367612629454822,0.345559845559846,0.0163342222784011
"TNFRSF25","green",15,0.00109858950984366,0.357642357642358,0.014849184725811
"SLAMF7","purple",15,1.90265167395257e-05,0.323104693140794,0.0142380017192985
"SELPLG","green",15,0.00247063906854436,0.33056325023084,0.0114198063035665
"ATG9A","green",15,0.00251203414906125,0.338374291115312,0.00845536295020926
"AP4E1","green",15,0.00488233979379341,0.33741753063148,0.00756888841654937
"PPP4C","green",14,0.00131243460846106,0.373500260824205,0.0759250548468743
"CSTF2","green",14,0.000239270057409523,0.381459776238679,0.0635219630519707
"MTHFD1","green",14,0.000663755231046247,0.380648591174907,0.047377439805121
"RNF7","green",14,0.00375260722717944,0.343405275779377,0.0371877333996728
"RBBP6","green",14,7.7438890235436e-05,0.367367880964597,0.0343992332889525
"ATOX1","green",14,0.00211945404711719,0.356396217023395,0.0322867041481917
"SEC22B","green",14,0.0050638190522972,0.378635642517187,0.0304776610828563
"GDI2","green",14,0.00343122505035371,0.365866121614716,0.0263434824076352
"ARL6IP1","green",14,0.00157629574027074,0.347235693501455,0.0232100081286194
"OASL","green",14,6.33662366050455e-05,0.363083164300203,0.0220215284936043
"TMED2","magenta",14,0.00478526690754918,0.361433619384149,0.0183529958760265
"MT-ND5","magenta",14,0.00823654956922974,0.363083164300203,0.0183140980642292
"ATP6V0D1","green",14,0.00315331667803133,0.363083164300203,0.0172120203227815
"SPN","green",14,0.000180091848667368,0.333023255813953,0.0162707976487986
"CCL4L2","purple",14,2.95517366665738e-05,0.320501342882722,0.011962261247227
"NOB1","green",14,0.000778733103117338,0.333799533799534,0.010668378563237
"ZNF683","purple",14,2.66394535400065e-05,0.312937062937063,0.0100201418978224
"TCF19","magenta",13,1.61122009117905e-07,0.347404172731684,0.17188778553137
"FANCG","green",13,0.000457627777941321,0.387655657823498,0.116570056581169
"SLC29A1","magenta",13,0.00311135232252448,0.359437751004016,0.0582532269534094
"TIAL1","green",13,0.000297422039325356,0.38453276047261,0.0528743241136948
"CSDE1","green",13,0.00162474669133652,0.383297644539615,0.0490823941555541
"FBXO6","purple",13,0.00532390224584911,0.380851063829787,0.0423432599068529
"FKBP4","green",13,0.000564641562882173,0.385360602798708,0.0375421240648278
"ADA","green",13,0.00210714209394998,0.372916666666667,0.0349365427067828
"ATG16L1","green",13,0.00651766161145241,0.380648591174907,0.0343313698230715
"HSPA1A","green",13,0.000202548488381897,0.368502316006176,0.0342316260871515
"FYTTD1","green",13,0.00232446961542309,0.360342224458983,0.0285105829673229
"NDUFS6","green",13,0.00762867376013578,0.338854708944628,0.0109725114402966
"MRNIP","green",13,0.00135020666196173,0.332096474953618,0.00914489722681677
"S1PR5","purple",13,0.000541703838397189,0.301093355761144,0.00681655806921636
"NUDT1","green",12,0.00309568928219133,0.380042462845011,0.0790308146436844
"UCK2","magenta",12,0.000244788171618075,0.382274426054458,0.0776316654930845
"KRT10","green",12,9.57555001339715e-05,0.38453276047261,0.0551164263764107
"ZEB2","purple",12,0.00014570282433085,0.377239199157007,0.0493592269755141
"VRK3","green",12,0.000161736718778769,0.382070437566702,0.0479713817937089
"NQO1","magenta",12,0.000920794616838482,0.381663113006397,0.0391495895147788
"TYMP","green",12,0.00168637232160301,0.359798994974874,0.0355856304184662
"C9orf72","green",12,0.00126868197367397,0.368502316006176,0.0313950768990192
"STRAP","green",12,0.00164558167550689,0.372141372141372,0.0297548263777502
"S100A11","green",12,0.000209922859687416,0.370792335577421,0.0291442411427867
"IL12RB2","magenta",12,0.00011547868102109,0.351842751842752,0.0248717440420102
"CTSC","purple",12,0.000885913449169251,0.342747726184777,0.0187697606278749
"SDF2L1","green",12,0.00300090786347357,0.345559845559846,0.0155585178267112
"FNBP1","green",12,0.00524781319282199,0.332404828226555,0.014820854974333
"IL10RB","green",12,0.00227868102795364,0.341766109785203,0.0119017247512084
"RRP36","green",12,5.12900949513315e-05,0.317657497781721,0.0112104505622349
"F2R","purple",12,0.000970888688754407,0.342419894787183,0.0081424838005141
"PPHLN1","green",11,0.000330168985405269,0.371369294605809,0.0747396721508701
"LRR1","green",11,0.00312903931443694,0.327538883806038,0.0720244036491763
"DZIP3","green",11,0.00017842277115527,0.364376590330789,0.0679843786032208
"PRDX4","green",11,0.00040713284534116,0.392974753018661,0.0585403949935254
"STK38","green",11,0.00174013568054876,0.369453044375645,0.0546298255491938
"DDRGK1","green",11,0.000538733716104864,0.378035902851109,0.0378195806953348
"MYO1F","green",11,0.00227937175360978,0.379036527263102,0.0373399404652783
"NDRG1","green",11,0.000816329339579876,0.370600414078675,0.0349618801743574
"CAP1","green",11,0.000723451436725277,0.381866666666667,0.0325668199959731
"SDF2","green",11,0.00140426383152053,0.362715298885512,0.0254460866012481
"IST1","green",11,0.00159282496709714,0.346228239845261,0.0252796489505412
"APOBEC3G","purple",11,0.000894989700569094,0.359257400903161,0.0186247717437584
"CHMP2A","green",11,0.000310542651672444,0.354104846686449,0.0177883148585
"LSM12","green",11,0.0040632426161113,0.336466165413534,0.0152546461907188
"TAP1","green",11,0.000231549779841897,0.32368896925859,0.00598925418737267
"ATP6V1G1","green",11,0.00310645035381837,0.317375886524823,0.00338154434555511
"CCNG1","green",10,0.000123488466329603,0.374085684430512,0.0734276304224867
"HAUS4","magenta",10,0.000277071568997326,0.369072164948454,0.0682112373688934
"DPF2","green",10,0.000265435441664328,0.370984455958549,0.0469832479156004
"MTHFD2","magenta",10,0.000327950441436441,0.361616161616162,0.0375939423297602
"TAF1D","green",10,0.000131176398755381,0.360160965794769,0.0364674340901933
"TRAF3IP1","green",10,0.00163458290883888,0.366240409207161,0.0311428228143126
"HIP1R","magenta",10,0.00205380363103391,0.35871743486974,0.0237113909778282
"APMAP","purple",10,0.000477347095434934,0.340304182509506,0.0199701083956573
"SESN1","magenta",10,0.000637314109374235,0.349098000975134,0.0160833342141684
"NBEAL2","green",10,0.000248043618116174,0.329953917050691,0.0133891703528232
"ATG101","green",10,0.000330720914436913,0.333799533799534,0.00752803853192408
"GRAP2","green",10,0.000244351950271824,0.324275362318841,0.00552213915029638
"PDCD4","green",9,4.34434150626085e-05,0.375853018372703,0.0551926232180711
"PPP2R2B","purple",9,9.00351021513987e-05,0.346395742622158,0.0543846704240209
"ZMYM2","green",9,0.00288097472487332,0.368882019577537,0.0470069664582378
"CASP2","green",9,2.72616870877658e-05,0.379438261791203,0.0432498417975661
"PSPC1","green",9,0.000321868851061439,0.373500260824205,0.0414102434744411
"DHCR24","green",9,0.00333070740910327,0.385775862068966,0.039471899823187
"UBE2E2","green",9,0.0016632815868058,0.352709359605911,0.0382116026774545
"MT1E","purple",9,0.000503614989392838,0.375458835867855,0.0337772776314049
"MED8","green",9,7.96490313495914e-05,0.33741753063148,0.0329683116858414
"RAP2C","green",9,0.00140511466767366,0.364191251271617,0.0322647086967778
"MED10","green",9,0.000335125755712971,0.354104846686449,0.0302590553084875
"MED18","green",9,0.000224603939746969,0.341603053435114,0.0250414278237675
"TWF2","green",9,0.00115020327848099,0.369072164948454,0.0246101551713879
"RNF125","green",9,0.000241053367874064,0.365492598264421,0.0244362022987217
"SLC16A1","magenta",9,0.00138464252433294,0.372722540343571,0.0234556298627167
"FNBP4","green",9,0.000517364446159961,0.345893719806763,0.0208845082590502
"LASP1","green",9,0.00071811427723951,0.331481481481481,0.0164270670217034
"EIF2B4","green",9,0.00330072121300515,0.348927875243665,0.0154048320294305
"TWF1","green",9,0.00098015428015762,0.356573705179283,0.015335593336738
"ITGB7","green",9,0.000100483542761389,0.350808427241548,0.0146159033645652
"TTC4","green",9,0.000556299255585986,0.352015732546706,0.011983663265703
"WARS1","green",9,0.000464688632401217,0.345893719806763,0.0104023686985379
"VIPR1","magenta",9,0.00226364055418299,0.335834896810507,0.00743075787385785
"CCR10","green",9,6.20382846284028e-05,0.316254416961131,0.0072695789489266
"AP4M1","green",9,0.00256220954363885,0.334579439252336,0.00536460498699914
"DOHH","green",9,0.00288027305311243,0.313485113835377,0.00482333706324121
"ATP6V0E1","green",9,0.000305939576026897,0.316534040671972,0.0028951149714088
"NMU","magenta",9,0.000286542210075102,0.312527280663466,0.00242000336455927
"CNP","green",8,0.00218361049088063,0.391043145821955,0.0542457552027668
"MORC2","green",8,0.0027955340670807,0.339497392128971,0.0368719555622028
"PHF19","green",8,0.00173842978432358,0.339336492890995,0.0345652095778809
"CD2BP2","green",8,0.000645893116484032,0.372528616024974,0.0319157932922582
"PSMG4","green",8,0.000126053827893435,0.3356774496015,0.0220302341639962
"BAK1","green",8,0.00127747844672001,0.365679264555669,0.0178744506779679
"ATP1B1","green",8,0.00131291192309444,0.362348178137652,0.0174928030110106
"ALG1","green",8,0.00590697918394755,0.353405725567621,0.015904125760957
"MED25","green",8,5.89137645902124e-05,0.323250564334086,0.0117413705680836
"IL23A","magenta",8,2.89755498513749e-06,0.327538883806038,0.0112777853889712
"PPA2","green",8,0.000651574230035638,0.33536299765808,0.0101851409836655
"SLC38A1","green",8,0.00166978930472446,0.337258596325954,0.00808369576489881
"TXK","purple",8,0.000512092313328431,0.323835368611488,0.00543462023441837
"SASH3","green",8,0.000805028661585056,0.309420916162489,0.00340228692408425
"B9D2","green",7,0.00254471741646133,0.356573705179283,0.0854118761670738
"HP1BP3","green",7,3.67238149188424e-05,0.367745249101181,0.0470832251942898
"RORA","green",7,5.30562689543548e-05,0.352015732546706,0.0320213281332068
"HIVEP3","magenta",7,4.59996943138657e-05,0.326642335766423,0.0199384100427585
"MATK","green",7,5.98409099735043e-05,0.343076185912793,0.0190025823548356
"NR3C2","green",7,0.000170505276763503,0.361433619384149,0.0184797241600987
"STT3A","green",7,0.00155607483587038,0.3571072319202,0.0178210603316237
"TRIM23","green",7,0.00274889421266123,0.353754940711462,0.0174499153442218
"GMPPA","green",7,0.00194152353259506,0.355688027819175,0.0167726709548001
"ACOT7","magenta",7,0.00286296887421267,0.349268292682927,0.0151365113873078
"SAC3D1","green",7,0.000129940570396991,0.328289775332416,0.0146693113656985
"TLK2","green",7,0.00128726617088167,0.329953917050691,0.0145031391675721
"DOK2","green",7,0.000211792583274064,0.327838827838828,0.0140274516753519
"ANXA4","purple",7,0.000103219283063747,0.340952380952381,0.0138337074761965
"RABGGTB","green",7,0.000937920767049688,0.348249027237354,0.0130504393690025
"SARS1","green",7,0.000116250705584322,0.334423166744512,0.0094162514206531
"IFT57","green",7,0.00142249427945294,0.341603053435114,0.00919617359559523
"NDUFAF8","green",7,0.00430288865987527,0.329498389323516,0.00785872236747027
"MRPS18B","green",7,0.0004045783653834,0.326940639269406,0.00702164527437656
"COPZ1","green",7,0.000242157621377347,0.321797752808989,0.00598601136769648
"EIF2B2","green",7,0.000278100250016301,0.327688787185355,0.0056288654277045
"SH2D2A","green",7,0.000301789868185552,0.301220025241902,0.00407858848917992
"NSDHL","green",7,0.000734132387955782,0.326493388052896,0.00376844137740121
"IFT27","green",7,0.00212187537661957,0.304421768707483,0.00289190095162554
"RGS19","green",7,0.000113821340882562,0.312118570183086,0.00254254256197433
"ADGRG1","purple",7,0.000432657022364094,0.307692307692308,0.00243844221592806
"TOR1B","green",7,9.27845234759206e-05,0.301982285955293,0.00227360727092994
"TACO1","green",7,0.000396527437496204,0.289878542510121,0.00114196796107576
"DDHD2","green",7,0.00302628446704662,0.292364230298081,0.00106089664551633
"FSBP","green",6,0.000297629515182444,0.33056325023084,0.0515205973903171
"PLOD1","purple",6,0.00233624573283921,0.376842105263158,0.0475489254760881
"USP28","purple",6,9.07161987654465e-05,0.356218905472637,0.0474673532646935
"RNASEH2C","green",6,0.000231276888812544,0.327838827838828,0.0415656366293564
"TRAFD1","green",6,0.00065260394645001,0.369453044375645,0.0315197541995461
"RNF213","green",6,0.000316277341442335,0.377239199157007,0.0314837651158824
"AK5","magenta",6,0.000282530891063909,0.340627973358706,0.0263862548280909
"WDR60","green",6,0.000390427833281791,0.329346826126955,0.0261516521744146
"PPME1","green",6,0.000504287769157736,0.358537806710065,0.0256813303564084
"VMP1","green",6,0.000325486941208515,0.352883193691474,0.025529798040415
"DCAF12","green",6,0.00117559969032458,0.338854708944628,0.0230835976008469
"LENG8","green",6,4.98668430232767e-05,0.333643988816403,0.0200493712641516
"CTSO","green",6,6.91952714424439e-05,0.326344576116682,0.0155737173408478
"SLC15A4","purple",6,0.00340729628910053,0.329044117647059,0.0146635068898334
"ZBTB7B","green",6,0.000157860287631788,0.33536299765808,0.0118296451855671
"ISCU","green",6,0.00623030309210454,0.33056325023084,0.00706399533755934
"BTN3A1","magenta",6,0.000171047446970212,0.337099811676083,0.00655324077425141
"CMKLR1","purple",6,7.92474375302843e-05,0.322522522522523,0.00579578577907109
"FAM32A","magenta",6,0.00136264560469586,0.32078853046595,0.00540342606295077
"STX16","green",6,0.000336440622460466,0.32813932172319,0.00504367774553046
"APOBEC3F","green",6,0.000164583615074604,0.315557514323491,0.00498894088726149
"CYB5B","green",6,0.00160796397128165,0.324128564961521,0.00495296717569611
"KISS1R","green",6,0.000498487986236906,0.328289775332416,0.00475566116516593
"KLHL20","green",6,0.00079501711338232,0.309020284851101,0.00460718726670149
"GEMIN7","green",6,0.0018086358691812,0.298084929225645,0.00405892956516515
"CNDP2","green",6,0.000347512688062173,0.315557514323491,0.00393522358742097
"TRMT2B","green",6,0.000122882099674259,0.307956989247312,0.0036071637882071
"FUT7","green",6,0.00113098738820422,0.290820471161657,0.00124144966452301
"NDUFAF7","green",6,0.00566521514493091,0.283339928769292,0.000733793311833972
"C19orf12","green",6,0.00324529498290186,0.284691848906561,0.000508120266892778
"KIF27","purple",5,0,0.343900096061479,0.0636366078460964
"RBM4B","green",5,4.52044617302287e-05,0.365492598264421,0.0451782063514206
"NMT1","green",5,1.05215774349442e-05,0.379237288135593,0.0299809286151631
"PDLIM7","green",5,0.000654340010294079,0.372722540343571,0.0261320126295531
"SLC9A3R1","green",5,0.00106900763020417,0.337099811676083,0.0245713567455613
"DUSP12","green",5,0.00167927185733972,0.36493374108053,0.0222538804854508
"CDK5RAP3","green",5,6.17722478493565e-05,0.357821089455272,0.0203961225045375
"PPP3CC","green",5,0.000178358846384847,0.33056325023084,0.01850507746092
"HIF1AN","green",5,0.00255166760600113,0.346060898985017,0.0184022803510312
"SPPL2A","magenta",5,0.000458009649073677,0.36493374108053,0.0167999735254982
"BCAT1","magenta",5,6.03276746171511e-05,0.325898953117888,0.0166528634902926
"CHP1","green",5,0.000806031035004092,0.355511420059583,0.0165820724581043
"KCTD5","green",5,9.92885469268062e-05,0.345726702076292,0.0156356640230185
"DMXL1","green",5,0.000569508320751801,0.347404172731684,0.0148236622304453
"SPART","green",5,0.00120187908782223,0.345893719806763,0.0138514377522162
"COX15","green",5,0.00307718608612301,0.343240651965484,0.0135134980303207
"ROPN1L","green",5,0,0.320501342882722,0.011295360705648
"METTL23","green",5,0.0012222771297741,0.318222222222222,0.0105260394152071
"EEF1AKMT3","green",5,5.5143537354322e-05,0.332559219693451,0.0103277816360169
"ELP6","green",5,0.00281427755467997,0.312118570183086,0.00757391276320561
"EAPP","green",5,0.000258894858059454,0.304810557684121,0.00591619519840306
"RAB29","green",5,0.000116346269413878,0.327089995431704,0.00578001763790529
"RNF144A","magenta",5,0.000121083563899423,0.321942446043165,0.00570488295783968
"BLOC1S3","green",5,0.000320057315087746,0.328289775332416,0.00527629016644486
"TMBIM4","green",5,4.70424082630874e-05,0.309020284851101,0.00515450902384141
"FUCA1","green",5,0.00110639051173766,0.323981900452489,0.00476954381397128
"MT2A","magenta",5,7.91418799309573e-05,0.313485113835377,0.00396798778329343
"RPP25L","green",5,0.000164401799298972,0.306638115631692,0.00384728214206329
"PROK2","purple",5,0.000249775124320737,0.31935771632471,0.00334189069763121
"CR1","purple",5,0.000174724840862778,0.300083822296731,0.00262252942813175
"RASGRF2","magenta",5,0.0028036032773393,0.301220025241902,0.0017855825578658
"EPS8","magenta",5,0.00279176464575178,0.293202293202293,0.00173662121864238
"GFM2","green",5,0.000202860348372699,0.29635761589404,0.00128891263784807
"NUBP1","green",5,0.000367338756628396,0.272865853658537,0.000567159252878923
"SLC35C1","green",5,0.000337815086742962,0.278707668353445,0.000555083325677588
"SMTN","green",4,1.87694369354049e-05,0.350636630754163,0.0374700315112581
"TRIM47","green",4,3.6704246073066e-05,0.352883193691474,0.0372343162581004
"RNF138","green",4,3.26701245748377e-06,0.369072164948454,0.0318285223093843
"KNOP1","green",4,0.00278046389360122,0.352362204724409,0.030567600422258
"JPT1","green",4,3.71718103716342e-06,0.331328088847756,0.0304360226607129
"TBL2","green",4,0.000620658565927423,0.364376590330789,0.0268299374039246
"MTCH2","magenta",4,0.00307954017669592,0.358537806710065,0.0262553145529461
"ADAT3","green",4,7.98532258408509e-06,0.317798490901021,0.0259284601640035
"ANKFY1","green",4,6.28788955386648e-05,0.317657497781721,0.0251598900975631
"EPHA1","magenta",4,0.000100031468674586,0.343240651965484,0.024416941253054
"USP12","green",4,6.79800352596312e-05,0.339015151515151,0.0229939141596037
"PLEKHG3","green",4,0.000141478898238966,0.341114816579323,0.0218342167016418
"UBR2","magenta",4,0.00116793407100439,0.326344576116682,0.0200841106320467
"CEP78","purple",4,0.00184841210593932,0.329498389323516,0.0189475571291054
"CAPS","green",4,6.23764331436223e-06,0.328289775332416,0.0188017093118003
"POP7","green",4,9.07836081021349e-05,0.331328088847756,0.0166077186274917
"MAML2","green",4,2.21543882491077e-05,0.331481481481481,0.0165046264026856
"ESAM","purple",4,0.000331083424951355,0.362899138367968,0.0163239420468032
"RNF167","green",4,8.60318535225152e-05,0.330106039649608,0.0162669749376563
"HIBADH","green",4,0.000127020163859528,0.343570057581574,0.0159155335061183
"ANKRD54","green",4,0.000249577696956134,0.350465002447381,0.0150382061422721
"APOBEC3C","green",4,9.51718005602694e-05,0.32486388384755,0.0146199395594872
"BTAF1","green",4,4.65412510295938e-05,0.31583590648434,0.012958841519552
"PDZD11","green",4,3.11515785001628e-05,0.312254688181422,0.0129190324963201
"GYG1","green",4,0.000188928326305147,0.318647085002225,0.0127061475814628
"CGRRF1","green",4,0.00338733277817761,0.346395742622158,0.0117274382898713
"RNPC3","green",4,1.71327931963572e-06,0.304940374787053,0.00538372433094576
"CHCHD4","green",4,0.000153818030794872,0.31239092495637,0.00491288362087688
"AMY2B","green",4,0.000144076454766996,0.32078853046595,0.00455991178524266
"ACSL5","green",4,0.000444597842570253,0.309554690877648,0.00422874108109618
"TPST2","green",4,6.35946564442069e-05,0.317939609236234,0.00391365233829449
"GEMIN6","green",4,7.11080968290577e-05,0.303389830508475,0.00388327079807674
"SPSB1","green",4,8.87065548316583e-06,0.289761230271145,0.00348175279931541
"VAMP1","green",4,0.000263836497036634,0.316114790286976,0.00343131311515216
"ASCL2","purple",4,0.00278651930354713,0.304421768707483,0.0033403422283433
"SH3BP2","green",4,2.36693946271396e-05,0.301727770754319,0.00236637886685536
"THUMPD2","green",4,4.47333194057537e-05,0.292842535787321,0.00172017111705862
"WDR34","green",4,2.39216322665938e-05,0.290113452188006,0.00164116061075974
"RNF25","green",4,0.00302455348156257,0.293803857201477,0.00145301479702644
"SGSH","magenta",4,0.000322760806105753,0.292125662994696,0.00141366584357931
"MFSD8","green",4,0.000270225931397316,0.295379537953795,0.00121430408063673
"ARHGAP17","green",4,0.00282678009081499,0.289761230271145,0.00115924348553832
"MGAT1","green",4,0.00289554287473483,0.291887484712597,0.000972740352855961
"PDE6D","green",4,0.000681406015949599,0.287319422150883,0.000822974511397235
"SCD5","purple",4,0.000164228001990346,0.278058252427184,0.00068728998671092
"GPANK1","green",4,0.00265101028703933,0.28001564333203,0.000548342285242614
"SMDT1","green",4,0.000332451973929735,0.282557221783741,0.000520386288611963
"COA3","green",4,0.00279394153764073,0.269172932330827,0.000390734276067695
"CEP104","green",4,0.000439679906094324,0.258297258297258,0.000346789309580098
"MPDU1","green",4,0.00032377259884287,0.264792899408284,0.000256844130685099
"SNX20","green",4,0.00045353489841449,0.260742898761835,0.000252599424466773
"CEP68","magenta",3,2.4840533766177e-07,0.326940639269406,0.0382003278283214
"DEDD","green",3,1.33515024765832e-06,0.329650092081031,0.0311851166441101
"MICAL2","green",3,5.1178514097184e-06,0.343734997599616,0.0277306918090014
"DCTPP1","green",3,3.53455952079216e-06,0.31583590648434,0.0264044461934242
"EEF1AKNMT","green",3,7.24186753904707e-05,0.351497299950908,0.0262494864137043
"PTTG1IP","green",3,2.25064659154837e-05,0.35358024691358,0.0243170522044675
"CDR2","green",3,2.88209542289441e-05,0.311575282854656,0.0234016230415905
"ZNF2","green",3,5.42877716780276e-06,0.338694418164617,0.0230334209474748
"MAP3K20","purple",3,1.04683989430654e-05,0.340790099952404,0.0179545052049482
"TNFAIP1","green",3,6.71883390870938e-05,0.359257400903161,0.016454381574873
"APOL2","green",3,5.47447015394343e-05,0.349951124144673,0.0159464414610169
"SLC29A3","green",3,6.11722619088607e-05,0.346731234866828,0.0144858388762649
"TXLNA","green",3,0.00180019148818139,0.327389117512574,0.0142204360391105
"PPP1R2","green",3,5.68956683563144e-05,0.315418502202643,0.0141894932603115
"TRAM1","green",3,3.12683344322031e-05,0.34539315002412,0.0141853848604113
"MTPAP","green",3,9.31612970475757e-05,0.34539315002412,0.013927877348753
"STK11IP","green",3,0.000157500212322908,0.337576614804338,0.0138243637005029
"PPP1R18","green",3,0.00160594310739468,0.33489242282507,0.0131117824043643
"PAFAH1B2","green",3,5.99912452558207e-05,0.307692307692308,0.0125460804124141
"SPON2","purple",3,0.000122547064610567,0.307164307164307,0.0122586493943569
"ELOVL1","green",3,0.00307506064414921,0.309020284851101,0.0121962281714695
"FABP5","magenta",3,0,0.345893719806763,0.0121443349802604
"RIC3","green",3,1.46128906093763e-05,0.313347921225383,0.012043289067741
"SEMA6A","green",3,6.24670955150615e-05,0.346395742622158,0.0118321690095727
"ANXA7","green",3,7.66110035229479e-05,0.343405275779377,0.0118073617950042
"DAPK2","purple",3,0.000234143398870184,0.343570057581574,0.0115383395756297
"NR2C1","green",3,3.45019259911472e-06,0.324128564961521,0.00921920583477743
"AGAP2","green",3,1.16949378941297e-05,0.315975286849073,0.00811242825786464
"RCAN3","green",3,2.96679417328161e-05,0.309420916162489,0.00734972089807016
"DESI1","green",3,0.00277774540312273,0.304940374787053,0.00672181988361791
"STMN3","magenta",3,0.000111848836389996,0.307560137457045,0.00659402956236221
"RUSC1","green",3,0.000119265606585825,0.33805476864967,0.00642019063038237
"BDH1","purple",3,6.48903620067383e-05,0.340466000951022,0.00605225487958073
"SPICE1","green",3,0.00241361676063438,0.297095435684647,0.00546002766403695
"UPF3A","green",3,0,0.30742808072134,0.00481818347176481
"GPR19","magenta",3,0.00165054648954086,0.297465724968841,0.00445847757784393
"PACSIN2","purple",3,0.00265646367844104,0.322232223222322,0.00390388802215803
"TMX2","green",3,2.23067085135764e-05,0.319500223114681,0.0038760975434239
"EID3","green",3,0.000407037283665824,0.309688581314879,0.003788160048141
"MRI1","green",3,1.8841118610229e-05,0.307164307164307,0.00349023490916095
"FCRL3","magenta",3,8.33095208152706e-07,0.306769494430163,0.00324862499124714
"CHPF","green",3,0.000383493167407385,0.314172882843352,0.00262708312333996
"GFOD2","green",3,0.000488683027320727,0.294529000411353,0.00246189215926198
"RAB11FIP5","green",3,0.000911756732192212,0.310225303292894,0.00237552881519839
"PPRC1","green",3,0.000483341985318705,0.295623451692816,0.00225906929931109
"POLR3K","green",3,0.00277774540312273,0.2907023954527,0.00213124650814466
"ETV7","magenta",3,1.0251964523082e-05,0.293683347005742,0.00190611118428928
"CNIH4","green",3,2.0603165161337e-05,0.300335570469799,0.00182360837203643
"USB1","green",3,0.000110599685098862,0.283115856069593,0.00180204212528216
"ANKRD13A","green",3,9.62950324984415e-05,0.299958106409719,0.00171845803374239
"GPR150","magenta",3,0.00124953910258004,0.294286888614879,0.00154269522656425
"RAP2A","purple",3,1.39788380892797e-05,0.289409862570736,0.00151759220686725
"ADGRG5","purple",3,8.24192793524415e-05,0.288128772635815,0.00146593087860253
"VPS11","green",3,7.88082134133657e-05,0.290584415584416,0.00145176816663361
"FCRL6","purple",3,0,0.271212121212121,0.00134490162424377
"SLC1A4","green",3,0,0.286744092911494,0.00124567451695334
"SLCO4A1","magenta",3,3.96592325529216e-05,0.273700305810398,0.00123467763640761
"PYROXD1","green",3,0.00559919754595117,0.283901665344964,0.00116924258414613
"CHST14","green",3,6.78211858747612e-05,0.279469164715066,0.000771244505125097
"MSMO1","green",3,2.6833397575412e-05,0.285600319106502,0.000734603512161024
"STK35","green",3,9.71399789715964e-05,0.287550200803213,0.000696272696263915
"TMEM186","green",3,0,0.275702733923758,0.000457596585260342
"YIPF3","green",3,0.00279453237150156,0.278382581648523,0.000393109303401763
"SRD5A3","magenta",3,7.5067664683905e-05,0.267563527653214,0.000316565965351707
"GNPTG","green",3,0.000124629095919198,0.263428991905813,0.000209621208528352
"ISCA2","green",3,0,0.250262146102761,0.00011812106925439
"BOLA1","green",3,0,0.250262146102761,0.000118121069254386
"BORCS6","green",3,0.000122349310136457,0.241321199865184,7.43600070376295e-05
"BFSP2","magenta",2,0,0.340142517814727,0.025328239167512
"L3HYPDH","green",2,0,0.340627973358706,0.0218816744284244
"FBXO33","green",2,3.03922324708991e-06,0.344230769230769,0.0206264868809904
"TATDN3","green",2,0,0.301727770754319,0.019761316404136
"SPDYA","green",2,0,0.325898953117888,0.0196764210991914
"PELI2","green",2,8.84040766943773e-06,0.343405275779377,0.0157174694945564
"WDR27","green",2,8.00873212777258e-06,0.347067377605429,0.0155857642570932
"KIZ","green",2,7.4655454282639e-05,0.321364452423698,0.0144587500047751
"FBXL12","magenta",2,0,0.341603053435114,0.0142603745901046
"OXNAD1","green",2,1.46154457155611e-05,0.325306678782372,0.0142074181620253
"PNMA3","green",2,0,0.345559845559846,0.0140604288938331
"BEX2","green",2,0.00277774540312273,0.317516629711752,0.0136963343280926
"KLF9","green",2,9.5626636364722e-06,0.350636630754163,0.0135390879775802
"SBNO2","green",2,3.36447745432164e-05,0.334423166744512,0.0132762827015827
"STRIP2","magenta",2,1.95346368748735e-06,0.295990078544853,0.011845265809214
"PI16","green",2,2.37211143381038e-06,0.320501342882722,0.0108045110599619
"JAGN1","green",2,8.3937580848139e-05,0.286744092911494,0.0107154196269993
"ZNF512B","green",2,1.5507652496305e-05,0.323981900452489,0.00746024091058735
"ARHGAP12","green",2,7.89192763161246e-06,0.332559219693451,0.00673738049185092
"C16orf87","green",2,8.25310414095874e-06,0.302364864864865,0.00591151068994786
"RHBDF2","green",2,0,0.32078853046595,0.00566984135120752
"RIMKLB","green",2,1.69470621324527e-05,0.318788958147818,0.00492162886160679
"NIBAN2","green",2,2.22137319325064e-05,0.321797752808989,0.00470529776103061
"EDA","magenta",2,0,0.313485113835377,0.00400796544022437
"ZNF609","magenta",2,0,0.316254416961131,0.00388117422197759
"TTC7A","green",2,0.000116052081097095,0.314586994727592,0.00288004475265744
"HMOX2","green",2,1.31412845499558e-05,0.309554690877648,0.00286857829796632
"TMEM242","green",2,0.00277774540312273,0.306375695335901,0.00269925566995605
"GLIPR2","green",2,1.1079667006246e-05,0.306375695335901,0.00225831423293887
"B3GALT4","green",2,0.000287925357348546,0.312118570183086,0.00224088279444203
"TMEM138","green",2,2.30763668080582e-05,0.267064528161134,0.00131446514699665
"MOB3A","green",2,4.94766950480365e-06,0.282223098147418,0.00126729702019776
"MLYCD","green",2,0,0.284465633690902,0.00104766011686884
"SH3RF2","magenta",2,6.24870311989913e-06,0.268869695831769,0.000832921787466024
"DEGS1","green",2,3.0724593868781e-05,0.286285485805678,0.000822026426403646
"SRGAP1","green",2,2.35357383425781e-05,0.265775798069785,0.000752784519141268
"XYLB","magenta",2,8.59367232331028e-06,0.279906176700547,0.000724546598802758
"S1PR4","green",2,2.09525240552278e-05,0.278816199376947,0.000648883246616433
"SLC1A7","purple",2,0,0.276021588280648,0.000637484688521093
"FAM210B","green",2,2.10362365704988e-05,0.275490573297422,0.000614220178043699
"PCMTD2","green",2,3.55947069126976e-05,0.262655906089508,0.000603056987677036
"PLEKHM2","purple",2,0.000802332966154441,0.279578289730574,0.000562578627140541
"TTLL4","green",2,8.04387311649375e-05,0.2796875,0.000545456112230323
"PLEKHO2","green",2,1.76623406660952e-05,0.269476853594279,0.000487555384836504
"ALS2CL","magenta",2,1.69192880952209e-05,0.268466441694788,0.000437759664585865
"GLCE","green",2,0.000170014539751067,0.274434649290916,0.000421114411415145
"BCDIN3D","green",2,0.00025471893590314,0.264401772525849,0.000401206163802507
"EIF1B","green",2,1.8573723037152e-05,0.269274163219255,0.000374207912713378
"GABPB1","green",2,1.10179678060794e-05,0.258951175406872,0.000314937914214595
"MCUB","green",2,0,0.267363704256908,0.00029876961422815
"CCDC28B","magenta",2,1.59196127213263e-05,0.254351687388988,0.00026084083617018
"GPR82","green",2,0,0.235139573070608,9.14749945113126e-05
"CEP89","green",2,3.06542651234069e-05,0.232618583495776,8.85124571649814e-05
"THG1L","green",2,3.46452425231739e-05,0.245205479452055,6.56219175595359e-05
"ORAI2","magenta",2,0.00277774540312273,0.221329211746522,1.78267347035556e-05
"TM2D2","green",2,0.000233315698561648,0.227373769450619,1.63022836468128e-05
"FNTB","green",2,0.00277774540312273,0.220987654320988,1.11877029409228e-05
"FAM110A","green",2,8.0683879250961e-05,0.221603218817704,8.60679412564153e-06
"MPC1","green",1,0,0.292722812755519,0.011892187922947
"GOLGA8A","green",1,0,0.314586994727592,0.0117844917479829
"DRAM2","green",1,0,0.336941176470588,0.0108404594650104
"ITPK1","green",1,0,0.336941176470588,0.0108404594650104
"SHISA5","green",1,0,0.336941176470588,0.0108404594650104
"TRPV2","green",1,0,0.328892971979789,0.0061759353233621
"PRSS23","purple",1,0,0.328892971979789,0.0061759353233621
"CDK2AP2","green",1,0,0.29623500206868,0.00476161239801759
"EFHD2","purple",1,0,0.311304347826087,0.00382638318536449
"JAKMIP1","magenta",1,0,0.302364864864865,0.00340542900818741
"MIEN1","green",1,0,0.291530944625407,0.00290934494005216
"ACYP1","green",1,0,0.306113723813596,0.00269862851256976
"PNPO","green",1,0,0.291056910569106,0.00267374570075512
"STK40","green",1,0,0.308487720809996,0.00239184537281673
"KLHL28","green",1,0,0.296112489660877,0.00200666924846085
"CDC42SE2","green",1,0,0.296972210700954,0.00200438627054777
"PDGFD","purple",1,0,0.285600319106502,0.00193004088831388
"GPRIN1","green",1,0,0.298706716729245,0.00184588694028132
"SCAF1","green",1,0,0.295257731958763,0.00183245981818492
"ZNF790","magenta",1,0,0.279251170046802,0.00154852886638206
"NUDT4","green",1,0,0.275490573297422,0.00120465508516049
"LRG1","magenta",1,0,0.246811444329542,0.00109785739275011
"TESC","magenta",1,0,0.284465633690902,0.00102733378091463
"PLEKHF2","green",1,0,0.276234567901235,0.00092560482432638
"TMEM229B","green",1,0,0.284691848906561,0.000885398066318457
"EMC9","green",1,0,0.285714285714286,0.000861909049505477
"ZNF174","green",1,0,0.269578313253012,0.000716520276770424
"POGLUT1","green",1,0,0.275915221579961,0.000645432083663065
"GPR141","purple",1,0,0.277519379844961,0.00062765343265647
"SDR39U1","green",1,0,0.253541076487252,0.000562033796160151
"FAM133B","green",1,0,0.260647979614125,0.000465937437894919
"SCFD2","green",1,0,0.274750575594781,0.00046456650577111
"PRR5L","purple",1,0,0.262655906089508,0.000335779807330796
"OLFM2","green",1,0,0.256907068532472,0.000237156199161172
"RCCD1","green",1,0,0.251846640872318,0.000232524328501806
"THEM4","green",1,0,0.258951175406872,0.000230723617066582
"ADAM8","green",1,0,0.249564308121297,0.000225912112784771
"SLC20A1","green",1,0,0.24766516776202,0.000223513679072713
"BEX4","green",1,0,0.241077441077441,0.000208771209948707
"ORMDL2","green",1,0,0.236147757255937,0.000185905312412362
"FOXD2","green",1,0,0.257368799424874,0.000178759617188477
"DGLUCY","green",1,0,0.24792243767313,0.000119789349325575
"ZNF639","green",1,0,0.237952808241941,0.000115448038412526
"CDIP1","green",1,0,0.233757753836108,0.000102459711959704
"STARD7","green",1,0,0.238746248749583,7.35214175239512e-05
"GALNT11","green",1,0,0.240996297542915,5.15443831616123e-05
"LRIG1","magenta",1,0,0.233452885555918,5.09163453482244e-05
"LYRM9","magenta",1,0,0.234600262123198,4.11443572183886e-05
"GTF3A","green",1,0,0.225298930144745,3.24862770976318e-05
"LRRC7","green",1,0,0.23156532988357,2.72173723376681e-05
"ABI3","green",1,0,0.226797592651251,2.64710618442539e-05
"RNF141","green",1,0,0.227157360406091,2.2148090867368e-05
"SH3BP1","green",1,0,0.224733207784055,1.7670177969044e-05
"MGAT4A","green",1,0,0.226010101010101,1.48273381451444e-05
"PLEKHF1","green",1,0,0.221671826625387,7.74520250290439e-06
"TMEM161B","green",1,0,0.217827806510496,5.99210730019132e-06
"TMEM223","green",1,0,0.212148148148148,5.95590510781148e-06
"SARAF","green",1,0,0.18126582278481,2.71730295438431e-07
"CHURC1-FNTB","green",1,0,0.181036662452592,1.70532510630267e-07
"NPIPB4","green",1,0,1,0
"NPIPB5","green",1,0,1,0
