"gene","GSE222001_Healthy_vs_Active","GSE222001_Healthy_vs_Latent","GSE161829_TBneg_vs_ATB","GSE99374_HC_vs_LTBI","GSE114192_HC_vs_TBOnly","N_datasets"
"IFI27",1,0,1,0,1,3
"GBP1",1,0,0,0,1,2
"ATF3",1,0,0,0,1,2
"FOSB",1,0,0,0,1,2
"AIM2",1,0,0,0,1,2
"SDC3",1,0,0,0,1,2
"OASL",0,0,1,0,1,2
"IFIT3",0,0,1,0,1,2
"RSAD2",0,0,1,0,1,2
"TMCC3",1,0,0,0,0,1
"MEX3D",1,0,0,0,0,1
"PDXP",1,0,0,0,0,1
"L3HYPDH",1,0,0,0,0,1
"STIM1-AS1",1,0,0,0,0,1
"TXNDC5",1,0,0,0,0,1
"COL13A1",1,0,0,0,0,1
"LINC00996",1,0,0,0,0,1
"LINC00654",1,0,0,0,0,1
"PDZD4",1,0,0,0,0,1
"UACA",1,0,0,0,0,1
"ITGB2-AS1",1,0,0,0,0,1
"UGGT2",1,0,0,0,0,1
"FRRS1",1,0,0,0,0,1
"FAM222A",1,0,0,0,0,1
"RNF207",1,0,0,0,0,1
"AKAP5",1,0,0,0,0,1
"NEO1",1,0,0,0,0,1
"IRF6",1,0,0,0,0,1
"FZD8",1,0,0,0,0,1
"KCNMA1",1,0,0,0,0,1
"SNTB1-AS2",1,0,0,0,0,1
"MYO7B",1,0,0,0,0,1
"PCDH1",1,0,0,0,0,1
"ENPP3",1,0,0,0,0,1
"ZNF883",1,0,0,0,0,1
"SELENOP",1,0,0,0,0,1
"FIRRE",1,0,0,0,0,1
"KREMEN1",1,0,0,0,0,1
"ERRFI1",1,0,0,0,0,1
"JAKMIP1",0,1,0,0,0,1
"PARP9",0,0,1,0,0,1
"BCL3",0,0,1,0,0,1
"FUT7",0,0,1,0,0,1
"AC004448.1",0,0,1,0,0,1
"ACOT7",0,0,1,0,0,1
"RRM2",0,0,1,0,0,1
"AC116347.1",0,0,1,0,0,1
"CKS2",0,0,1,0,0,1
"SLC1A5",0,0,1,0,0,1
"TK1",0,0,1,0,0,1
"IFNG-AS1",0,0,1,0,0,1
"HDGFL3",0,0,1,0,0,1
"PTGDR2",0,0,1,0,0,1
"CCNB1",0,0,1,0,0,1
"MDS2",0,0,1,0,0,1
"CLSPN",0,0,1,0,0,1
"IL12RB2",0,0,1,0,0,1
"AC109326.1",0,0,1,0,0,1
"HLA-DQA1",0,0,1,0,0,1
"HBB",0,0,1,0,0,1
"RPL10P9",0,0,1,0,0,1
"RPL10P6",0,0,1,0,0,1
"CCR10",0,0,1,0,0,1
"HBA2",0,0,1,0,0,1
"E2F2",0,0,1,0,0,1
"TPX2",0,0,1,0,0,1
"C15orf53",0,0,1,0,0,1
"TYMS",0,0,1,0,0,1
"NOG",0,0,1,0,0,1
"GZMB",0,0,1,0,0,1
"UBE2C",0,0,1,0,0,1
"EPB41L4A",0,0,1,0,0,1
"PCLAF",0,0,1,0,0,1
"MARCH3",0,0,1,0,0,1
"HIST1H1B",0,0,1,0,0,1
"CDK1",0,0,1,0,0,1
"ZNRF1",0,0,1,0,0,1
"BIRC5",0,0,1,0,0,1
"IL17RB",0,0,1,0,0,1
"MSC-AS1",0,0,1,0,0,1
"CCNB2",0,0,1,0,0,1
"PLK1",0,0,1,0,0,1
"HJURP",0,0,1,0,0,1
"AIRE",0,0,1,0,0,1
"GBP1P1",0,0,1,0,0,1
"TNFRSF11A",0,0,1,0,0,1
"HIST1H2AG",0,0,0,1,0,1
"HIST1H2BC",0,0,0,1,0,1
"NECAB1",0,0,0,1,0,1
"HIST1H2AC",0,0,0,1,0,1
"ANKRD22",0,0,0,0,1,1
"CASP1",0,0,0,0,1,1
"BATF2",0,0,0,0,1,1
"FCGR1A",0,0,0,0,1,1
"SEPTIN4",0,0,0,0,1,1
"DUSP3",0,0,0,0,1,1
"PSTPIP2",0,0,0,0,1,1
"GBP5",0,0,0,0,1,1
"ETV7",0,0,0,0,1,1
"CD274",0,0,0,0,1,1
"LHFPL2",0,0,0,0,1,1
"GBP6",0,0,0,0,1,1
"FBXO6",0,0,0,0,1,1
"GBP2",0,0,0,0,1,1
"SMARCD3",0,0,0,0,1,1
"APOL2",0,0,0,0,1,1
"POLB",0,0,0,0,1,1
"CALHM6",0,0,0,0,1,1
"FAM20A",0,0,0,0,1,1
"VAMP5",0,0,0,0,1,1
"NMI",0,0,0,0,1,1
"RTP4",0,0,0,0,1,1
"APOL1",0,0,0,0,1,1
"CIMAP1B",0,0,0,0,1,1
"LOC124904411",0,0,0,0,1,1
"STAT1",0,0,0,0,1,1
"PDCD1LG2",0,0,0,0,1,1
"TIMM10",0,0,0,0,1,1
"CETP",0,0,0,0,1,1
"KYNU",0,0,0,0,1,1
"SCARF1",0,0,0,0,1,1
"APOL4",0,0,0,0,1,1
"UBE2L6",0,0,0,0,1,1
"SMTNL1",0,0,0,0,1,1
"GADD45B",0,0,0,0,1,1
"C1QC",0,0,0,0,1,1
"C1QB",0,0,0,0,1,1
"SERPING1",0,0,0,0,1,1
"TIFA",0,0,0,0,1,1
"GSTO1",0,0,0,0,1,1
"FRMD3",0,0,0,0,1,1
"IL27",0,0,0,0,1,1
"C1QA",0,0,0,0,1,1
"PSMB9",0,0,0,0,1,1
"IFI35",0,0,0,0,1,1
"TAP1",0,0,0,0,1,1
"APOL6",0,0,0,0,1,1
"ZNF438",0,0,0,0,1,1
"HSPA7",0,0,0,0,1,1
"PSME2",0,0,0,0,1,1
"CEACAM1",0,0,0,0,1,1
"NPC2",0,0,0,0,1,1
"SECTM1",0,0,0,0,1,1
"BLVRA",0,0,0,0,1,1
"GBP4",0,0,0,0,1,1
"SMCO4",0,0,0,0,1,1
"TRIM22",0,0,0,0,1,1
"TYMP",0,0,0,0,1,1
"RAB24",0,0,0,0,1,1
"CARD16",0,0,0,0,1,1
"EPSTI1",0,0,0,0,1,1
"VPS9D1",0,0,0,0,1,1
"PLSCR1",0,0,0,0,1,1
"DYNLT1",0,0,0,0,1,1
"CASP5",0,0,0,0,1,1
"CCRL2",0,0,0,0,1,1
"DHRS9",0,0,0,0,1,1
"C2",0,0,0,0,1,1
"GK",0,0,0,0,1,1
"SAT1",0,0,0,0,1,1
"TNFSF10",0,0,0,0,1,1
"EXOC3L1",0,0,0,0,1,1
"S100A9",0,0,0,0,1,1
"SAMD9L",0,0,0,0,1,1
"CACNA1E",0,0,0,0,1,1
"TCN2",0,0,0,0,1,1
"IRF7",0,0,0,0,1,1
"STAT2",0,0,0,0,1,1
"BST2",0,0,0,0,1,1
"TNFAIP6",0,0,0,0,1,1
"ANXA3",0,0,0,0,1,1
"GBP3",0,0,0,0,1,1
"KCNJ15",0,0,0,0,1,1
"FLVCR2",0,0,0,0,1,1
"LMNB1",0,0,0,0,1,1
"TMEM150B",0,0,0,0,1,1
"MSR1",0,0,0,0,1,1
"LAP3",0,0,0,0,1,1
"DRC8",0,0,0,0,1,1
"GRAMD1B",0,0,0,0,1,1
"IFI44",0,0,0,0,1,1
"SLC26A8",0,0,0,0,1,1
"PSMB10",0,0,0,0,1,1
"PARP14",0,0,0,0,1,1
"P2RY14",0,0,0,0,1,1
"ZBP1",0,0,0,0,1,1
"MSRB2",0,0,0,0,1,1
"MILR1",0,0,0,0,1,1
"MS4A4A",0,0,0,0,1,1
"CFAP58-DT",0,0,0,0,1,1
"MARCO",0,0,0,0,1,1
"S100A8",0,0,0,0,1,1
"SOCS3",0,0,0,0,1,1
"TLR5",0,0,0,0,1,1
"KLHDC7B-DT",0,0,0,0,1,1
"XAF1",0,0,0,0,1,1
"GAS6",0,0,0,0,1,1
"CTSL",0,0,0,0,1,1
"SLC6A12",0,0,0,0,1,1
"ITGA7",0,0,0,0,1,1
"GCH1",0,0,0,0,1,1
"IFITM3",0,0,0,0,1,1
"SAMD4A",0,0,0,0,1,1
"H2BC5",0,0,0,0,1,1
"PML",0,0,0,0,1,1
"WARS1",0,0,0,0,1,1
"OSM",0,0,0,0,1,1
"AANAT",0,0,0,0,1,1
"MT2A",0,0,0,0,1,1
"TMEM144",0,0,0,0,1,1
"NELL2",0,0,0,0,1,1
"NOD2",0,0,0,0,1,1
"CDCP1",0,0,0,0,1,1
"FFAR2",0,0,0,0,1,1
"SOCS1",0,0,0,0,1,1
"AIF1",0,0,0,0,1,1
"IFI6",0,0,0,0,1,1
"ISG15",0,0,0,0,1,1
"IFI44L",0,0,0,0,1,1
"OTOF",0,0,0,0,1,1
"ADM",0,0,0,0,1,1
"RMI2",0,0,0,0,1,1
"IFITM1",0,0,0,0,1,1
"CHMP5",0,0,0,0,1,1
"TNFSF13B",0,0,0,0,1,1
"LRMDA",0,0,0,0,1,1
"RAB13",0,0,0,0,1,1
"ASGR1",0,0,0,0,1,1
"HCAR3",0,0,0,0,1,1
"RAB20",0,0,0,0,1,1
"PPBP",0,0,0,0,1,1
"CSTA",0,0,0,0,1,1
"CLEC4D",0,0,0,0,1,1
"KLHDC8B",0,0,0,0,1,1
"LINC01779",0,0,0,0,1,1
"DDX60",0,0,0,0,1,1
"HSD3B7",0,0,0,0,1,1
"BCL2A1",0,0,0,0,1,1
"KIT",0,0,0,0,1,1
"H3C4",0,0,0,0,1,1
"ITGA2B",0,0,0,0,1,1
"MIR3945HG",0,0,0,0,1,1
"SPATS2L",0,0,0,0,1,1
"TSNAX-DT",0,0,0,0,1,1
"LINC00937",0,0,0,0,1,1
"MYL9",0,0,0,0,1,1
"HP",0,0,0,0,1,1
"IFIH1",0,0,0,0,1,1
"ASGR2",0,0,0,0,1,1
"H4C8",0,0,0,0,1,1
"IGF2BP3",0,0,0,0,1,1
"GALM",0,0,0,0,1,1
"RUFY4",0,0,0,0,1,1
"OPLAH",0,0,0,0,1,1
"FCER1G",0,0,0,0,1,1
"GNG11",0,0,0,0,1,1
"CD151",0,0,0,0,1,1
"GPR84",0,0,0,0,1,1
"H2BC18",0,0,0,0,1,1
"CLEC11A",0,0,0,0,1,1
"PRMT5-DT",0,0,0,0,1,1
"PTCRA",0,0,0,0,1,1
"CLU",0,0,0,0,1,1
"RIGI",0,0,0,0,1,1
"RNF213-AS1",0,0,0,0,1,1
"FGF13",0,0,0,0,1,1
"TFEC",0,0,0,0,1,1
"TGM2",0,0,0,0,1,1
"IFIT5",0,0,0,0,1,1
"SHOC1",0,0,0,0,1,1
"MCEMP1",0,0,0,0,1,1
"SIGLEC1",0,0,0,0,1,1
"CMPK2",0,0,0,0,1,1
"MDK",0,0,0,0,1,1
"DHX58",0,0,0,0,1,1
"IFIT2",0,0,0,0,1,1
"AQP10",0,0,0,0,1,1
"FZD5",0,0,0,0,1,1
"CMTM5",0,0,0,0,1,1
"LOC728488",0,0,0,0,1,1
"NEXN",0,0,0,0,1,1
"TMEM40",0,0,0,0,1,1
"GADD45G",0,0,0,0,1,1
"FOLR2",0,0,0,0,1,1
"PCYT1B",0,0,0,0,1,1
"TRIM6",0,0,0,0,1,1
"S100A12",0,0,0,0,1,1
"LGALS3BP",0,0,0,0,1,1
"LAMP3",0,0,0,0,1,1
"SPOCD1",0,0,0,0,1,1
"PF4",0,0,0,0,1,1
"SLAMF8",0,0,0,0,1,1
"HERC5",0,0,0,0,1,1
"OAS1",0,0,0,0,1,1
"G0S2",0,0,0,0,1,1
"TMEM30B",0,0,0,0,1,1
"NFE4",0,0,0,0,1,1
"CYP1B1-AS1",0,0,0,0,1,1
"PCSK6",0,0,0,0,1,1
"IFIT1",0,0,0,0,1,1
"GP9",0,0,0,0,1,1
"HORMAD1",0,0,0,0,1,1
"VIL1",0,0,0,0,1,1
"TMEM158",0,0,0,0,1,1
"LY6E",0,0,0,0,1,1
"SUCNR1",0,0,0,0,1,1
"CAMP",0,0,0,0,1,1
"LOC100422497",0,0,0,0,1,1
"TREML1",0,0,0,0,1,1
"MIR4477B",0,0,0,0,1,1
"CMBL",0,0,0,0,1,1
"C14orf132",0,0,0,0,1,1
"IGHV3-43",0,0,0,0,1,1
"SLC1A3",0,0,0,0,1,1
"ZDHHC19",0,0,0,0,1,1
"TMEM176B",0,0,0,0,1,1
"NRN1",0,0,0,0,1,1
"YPEL4",0,0,0,0,1,1
"ANKRD9",0,0,0,0,1,1
"TRAV26-2",0,0,0,0,1,1
"IDO1",0,0,0,0,1,1
"AGRN",0,0,0,0,1,1
"RETN",0,0,0,0,1,1
"PROS1",0,0,0,0,1,1
"HLA-DRB5",0,0,0,0,1,1
"SERINC2",0,0,0,0,1,1
"MMP8",0,0,0,0,1,1
"COL4A3",0,0,0,0,1,1
"LAIR2",0,0,0,0,1,1
"SAMD14",0,0,0,0,1,1
"OAS3",0,0,0,0,1,1
"IGKV2-30",0,0,0,0,1,1
"GPER1",0,0,0,0,1,1
"ADAM23",0,0,0,0,1,1
"PHF24",0,0,0,0,1,1
"LRRN3",0,0,0,0,1,1
"LCN2",0,0,0,0,1,1
"MX1",0,0,0,0,1,1
"IGHV6-1",0,0,0,0,1,1
"IGLV3-10",0,0,0,0,1,1
"MEG3",0,0,0,0,1,1
"IGHV3-73",0,0,0,0,1,1
"IGFBP2",0,0,0,0,1,1
"TMEM176A",0,0,0,0,1,1
"MTND4P12",0,0,0,0,1,1
"IGKV1-17",0,0,0,0,1,1
"USP18",0,0,0,0,1,1
"HLA-K",0,0,0,0,1,1
"IGHV1-46",0,0,0,0,1,1
"MTCO1P12",0,0,0,0,1,1
"MTND1P23",0,0,0,0,1,1
