"signatureID","ID_geneid","Name_GeneSymbol","Value_LogDiffExp","Significance_pvalue"
"InputSig","868","CBLB",-0.569686070333178,5.38489170226177e-09
"InputSig","4775","NFATC3",-0.574501431772034,3.99589710887688e-13
"InputSig","3815","KIT",-1.10182056627782,7.32369517012183e-10
"InputSig","2625","GATA3",-0.836414893129133,4.10828315570892e-14
"InputSig","27244","SESN1",-0.541046843591091,4.80272277830732e-07
"InputSig","5583","PRKCH",-0.548923406907298,2.04614245584549e-11
"InputSig","596","BCL2",-0.678575309841933,3.38053483311469e-08
"InputSig","10123","ARL4C",-0.563737146506199,8.29015058163157e-12
"InputSig","9053","MAP7",-0.889658434176405,8.48134445869316e-07
"InputSig","8851","CDK5R1",-0.609187908643039,1.24129576902994e-06
"InputSig","55127","HEATR1",-0.529604973444597,2.91880141892915e-08
"InputSig","994","CDC25B",-0.546615403381704,2.38489588686557e-10
"InputSig","2113","ETS1",-0.831128774310799,3.68601766804973e-13
"InputSig","6709","SPTAN1",-0.625525580231185,1.61502425545073e-12
"InputSig","23522","KAT6B",-0.650118100562908,4.23558827824414e-10
"InputSig","8821","INPP4B",-0.804822620131294,4.45044443872206e-06
"InputSig","9221","NOLC1",-0.529398470523891,7.93016192944619e-13
"InputSig","3800","KIF5C",-0.522920934381168,0.0022657816237514
"InputSig","23131","GPATCH8",-0.502096050176773,4.23558827824414e-10
"InputSig","23321","TRIM2",-0.886455825039257,1.01041973039022e-05
"InputSig","3486","IGFBP3",-0.606443072452898,0.000448211051547781
"InputSig","8553","BHLHE40",-0.571837086443355,1.8343234187233e-09
