"ID","NES_A","p.adjust_A","NES_B","p.adjust_B","Status"
"HALLMARK_INTERFERON_GAMMA_RESPONSE",2.72404223250205,9.89731267763533e-38,2.48592163522069,7.09086975005353e-22,"replicated"
"HALLMARK_INTERFERON_ALPHA_RESPONSE",2.68619838062784,1.11409084858409e-24,2.51175866781322,1.65060229500813e-17,"replicated"
"HALLMARK_OXIDATIVE_PHOSPHORYLATION",1.96917372179676,1.39337713057241e-08,1.90478945536134,6.34692498317386e-07,"replicated"
"HALLMARK_IL6_JAK_STAT3_SIGNALING",2.09970399788054,3.21468391833663e-07,1.75336078263513,0.00219873076988806,"replicated"
"HALLMARK_ALLOGRAFT_REJECTION",1.72564285029828,9.28262664431217e-05,1.98992410963341,6.12953437134753e-08,"replicated"
"HALLMARK_MTORC1_SIGNALING",1.42369394402539,0.01427301420458,2.1554097429421,1.30260756104055e-11,"replicated"
"HALLMARK_COMPLEMENT",1.86122935178719,1.55980398014825e-06,1.55129403303526,0.0051413492493757,"replicated"
"HALLMARK_ADIPOGENESIS",1.69948224763167,9.28262664431217e-05,1.66002248631745,0.000739206273408849,"replicated"
"HALLMARK_UV_RESPONSE_DN",-1.94636451272052,5.40346829794806e-06,-1.40324587434163,0.0219257157468999,"replicated"
"HALLMARK_UV_RESPONSE_UP",1.65554120134749,0.0015780620119865,1.66051131809898,0.00154817794312849,"replicated"
"HALLMARK_CHOLESTEROL_HOMEOSTASIS",1.59818613178122,0.0104574121345441,1.67074827560222,0.00340698997955729,"replicated"
"HALLMARK_FATTY_ACID_METABOLISM",1.5132391186468,0.0111360683194393,1.74829455437208,0.000295080583145151,"replicated"
"HALLMARK_APOPTOSIS",1.79649555586879,2.69854403190158e-05,1.46035059726801,0.0183130455756842,"replicated"
"HALLMARK_XENOBIOTIC_METABOLISM",1.64299382794156,0.00122064408936186,1.38601839709749,0.0327507998962939,"replicated"
"HALLMARK_INFLAMMATORY_RESPONSE",2.04558085675907,9.49003273756326e-09,1.27901839654965,0.143081761006289,"only GSE114192_TB"
"HALLMARK_GLYCOLYSIS",1.3008435525326,0.0860188087774295,1.68225736980806,0.00123929652032958,"only GSE161829_ATB"
"HALLMARK_REACTIVE_OXYGEN_SPECIES_PATHWAY",1.633124500214,0.00822403552488545,1.26943263247132,0.211178451178451,"only GSE114192_TB"
"HALLMARK_TNFA_SIGNALING_VIA_NFKB",1.83830186375454,2.79392682304383e-06,1.05735882526846,0.464922369177688,"only GSE114192_TB"
"HALLMARK_EPITHELIAL_MESENCHYMAL_TRANSITION",1.57928823340132,0.00599644957951167,1.29198513510223,0.152965660770031,"only GSE114192_TB"
"HALLMARK_PEROXISOME",1.23568308138934,0.17250357548865,1.6184764607875,0.00698366990797938,"only GSE161829_ATB"
"HALLMARK_DNA_REPAIR",1.22162101315122,0.152403803430196,1.56531494756047,0.0051413492493757,"only GSE161829_ATB"
"HALLMARK_IL2_STAT5_SIGNALING",1.20415954553072,0.158157276995305,1.55130514313618,0.0051413492493757,"only GSE161829_ATB"
"HALLMARK_PI3K_AKT_MTOR_SIGNALING",1.31039021217221,0.12,1.44381090100742,0.0219257157468999,"only GSE161829_ATB"
"HALLMARK_WNT_BETA_CATENIN_SIGNALING",-1.69812862398099,0.00550147643299464,-0.96459056322431,0.619692863595303,"only GSE114192_TB"
"HALLMARK_COAGULATION",1.70472622161901,0.00137166516614267,0.929989891890901,0.688602442333786,"only GSE114192_TB"
"HALLMARK_HYPOXIA",1.43781708542078,0.0173411020006629,1.13593844104946,0.291020910209102,"only GSE114192_TB"
"HALLMARK_PROTEIN_SECRETION",1.21781124411527,0.188959508676712,1.28355796701483,0.152965660770031,"neither"
"HALLMARK_ESTROGEN_RESPONSE_LATE",0.919643876071938,0.658657373440939,1.57257711490881,0.0051413492493757,"only GSE161829_ATB"
"HALLMARK_P53_PATHWAY",1.46722086110387,0.0120424133849254,0.929984502923747,0.70440251572327,"only GSE114192_TB"
"HALLMARK_TGF_BETA_SIGNALING",-1.2508059332445,0.152403803430196,-1.14377088462138,0.327415043909889,"neither"
"HALLMARK_HEDGEHOG_SIGNALING",-1.34870126802086,0.15454975555906,-0.874641503735077,0.70440251572327,"neither"
"HALLMARK_APICAL_SURFACE",-1.38560153808318,0.138358860272097,-0.800320013937368,0.79129684418146,"neither"
"HALLMARK_BILE_ACID_METABOLISM",0.89276000318787,0.668547249647391,1.27940172207429,0.152965660770031,"neither"
"HALLMARK_HEME_METABOLISM",1.10019563169175,0.313103651354535,1.01483588031936,0.547666009204471,"neither"
"HALLMARK_KRAS_SIGNALING_UP",1.17437079436229,0.211942992282798,0.887407183238166,0.759710880600309,"neither"
"HALLMARK_APICAL_JUNCTION",1.01475513303775,0.498281092012133,0.860990725695608,0.785230902495804,"neither"
"HALLMARK_ANDROGEN_RESPONSE",0.895860878068908,0.668547249647391,0.974017508285071,0.619692863595303,"neither"
"HALLMARK_NOTCH_SIGNALING",0.94971939258331,0.576470588235294,0.755026039919436,0.817484662576687,"neither"
"HALLMARK_MYC_TARGETS_V1",-0.942251652614143,0.654964747356052,2.10769982754184,1.88957772571318e-11,"only GSE161829_ATB"
"HALLMARK_E2F_TARGETS",-1.46287376775829,0.00254890059515809,2.23008897393943,2.1462831807668e-14,"opposite"
"HALLMARK_G2M_CHECKPOINT",-1.47671245590758,0.00218402272804061,2.20298417535929,2.10747351592087e-13,"opposite"
"HALLMARK_ESTROGEN_RESPONSE_EARLY",-1.70193136070758,0.000115025217972268,1.01635398531849,0.547666009204471,"only GSE114192_TB"
"HALLMARK_SPERMATOGENESIS",-0.956058022382186,0.576470588235294,1.57093160553496,0.0113141297118712,"only GSE161829_ATB"
"HALLMARK_MYC_TARGETS_V2",-2.08894325331811,1.52897841559942e-05,1.7540375132993,0.00209172868340603,"opposite"
"HALLMARK_KRAS_SIGNALING_DN",-1.20850251896564,0.158157276995305,0.911312481805549,0.70440251572327,"neither"
"HALLMARK_UNFOLDED_PROTEIN_RESPONSE",-1.29970211429804,0.0472911945477613,1.59080930882588,0.00682274776908316,"opposite"
"HALLMARK_MITOTIC_SPINDLE",-1.63376706942749,0.000127427461799182,1.44379069522241,0.018733859900833,"opposite"
"HALLMARK_MYOGENESIS",1.06302718813577,0.40746236359702,-1.17108092127112,0.211178451178451,"neither"
