"Module_A","Module_B","Selected_B","Size_A","Size_B","Overlap","Expected","Jaccard","P_fisher","Same_direction_pct","FDR"
"blue","black",FALSE,1294,169,31,18.1,0.022,0.00192057361192965,6.5,0.0341430084224949
"blue","green",TRUE,1294,606,81,64.9,0.045,0.0202962352148514,88.9,0.104863881943399
"blue","yellow",FALSE,1294,750,97,80.4,0.05,0.0268851651401737,61.9,0.119062874192198
"blue","pink",FALSE,1294,90,10,9.6,0.007,0.502002167844046,80,0.999273597010763
"blue","magenta",TRUE,1294,121,13,13,0.009,0.539958235763556,84.6,0.999273597010763
"blue","brown",FALSE,1294,906,96,97.1,0.046,0.566071657952919,67.7,0.999273597010763
"blue","greenyellow",FALSE,1294,49,5,5.3,0.004,0.614726561787553,80,0.999273597010763
"blue","tan",FALSE,1294,32,3,3.4,0.002,0.681703049438157,66.7,0.999273597010763
"blue","purple",TRUE,1294,81,7,8.7,0.005,0.778776262598227,57.1,0.999273597010763
"blue","red",FALSE,1294,177,14,19,0.01,0.914555998010624,35.7,0.999273597010763
"blue","turquoise",FALSE,1294,2428,220,260.2,0.063,0.998809663531881,71.8,0.999273597010763
"blue","blue",FALSE,1294,915,71,98.1,0.033,0.999273597010763,70.4,0.999273597010763
"green","magenta",TRUE,302,121,9,3,0.022,0.00332362764686552,88.9,0.0341430084224949
"green","yellow",FALSE,302,750,31,18.8,0.03,0.00402630832888748,80.6,0.0341430084224949
"green","green",TRUE,302,606,22,15.2,0.025,0.0509920745123288,100,0.197594288735274
"green","black",FALSE,302,169,8,4.2,0.017,0.0620207705978691,50,0.213627098725993
"green","blue",FALSE,302,915,27,22.9,0.023,0.209836592076994,74.1,0.542077862865568
"green","red",FALSE,302,177,6,4.4,0.013,0.282678722546796,66.7,0.674080030688514
"green","purple",TRUE,302,81,3,2,0.008,0.330437695808381,100,0.731683469289986
"green","greenyellow",FALSE,302,49,1,1.2,0.003,0.711685228964107,0,0.999273597010763
"green","pink",FALSE,302,90,1,2.3,0.003,0.898561432642005,100,0.999273597010763
"green","brown",FALSE,302,906,15,22.7,0.013,0.970524666136132,86.7,0.999273597010763
"green","turquoise",FALSE,302,2428,41,60.7,0.015,0.998924498845306,80.5,0.999273597010763
"purple","blue",FALSE,209,915,27,15.8,0.025,0.00440554947387031,63,0.0341430084224949
"purple","green",TRUE,209,606,19,10.5,0.024,0.0089409772580051,15.8,0.0554340589996316
"purple","yellow",FALSE,209,750,17,13,0.018,0.154318543893274,52.9,0.478387486069148
"purple","pink",FALSE,209,90,3,1.6,0.01,0.20437689722546,33.3,0.542077862865568
"purple","red",FALSE,209,177,3,3.1,0.008,0.594709610312946,0,0.999273597010763
"purple","brown",FALSE,209,906,13,15.7,0.012,0.797582269877425,69.2,0.999273597010763
"purple","magenta",TRUE,209,121,1,2.1,0.003,0.88038818329636,100,0.999273597010763
"purple","turquoise",FALSE,209,2428,34,42,0.013,0.934193043264705,55.9,0.999273597010763
