"ID","Description","setSize","enrichmentScore","NES","pvalue","p.adjust","qvalue","rank","leading_edge","core_enrichment","Collection"
"HALLMARK_MYC_TARGETS_V1","HALLMARK_MYC_TARGETS_V1",200,-0.523824285739565,-2.05294601972979,1.87014513196794e-09,9.16371114664291e-08,7.08686576324693e-08,3826,"tags=48%, list=26%, signal=36%","PSMA7/PSMD1/PABPC1/PWP1/CDK2/NDUFAB1/RPL18/ILF2/MCM7/MRPL23/MCM2/DDX18/NPM1/MAD2L1/PHB1/SF3B3/SMARCC1/SRSF2/RPL14/HNRNPA1/PSMB2/MCM4/POLD2/KARS1/RACK1/PGK1/CCT3/FBL/RPS6/NOLC1/HNRNPU/C1QBP/BUB3/CAD/TCP1/MRPL9/PSMD8/CBX3/POLE3/PRDX4/PPIA/UBA2/AP3S1/YWHAQ/EIF3D/HNRNPD/DUT/RNPS1/UBE2L3/CSTF2/HNRNPC/RPL6/MCM5/RPS2/PA2G4/VDAC1/RPLP0/COX5A/GOT2/IMPDH2/EEF1B2/EIF4G2/SNRPA/LSM7/CNBP/GLO1/XPOT/HNRNPR/ACP1/TFDP1/FAM120A/PABPC4/EIF4H/XRCC6/SET/SF3A1/PSMC4/CCT7/PPM1G/TUFM/NHP2/SRM/HDGF/STARD7/PRPF31/HDDC2/PHB2/RUVBL2/RANBP1/EIF3B/PSMD3/CYC1/PCBP1/TXNL4A/TRIM28","HALLMARK"
"HALLMARK_OXIDATIVE_PHOSPHORYLATION","HALLMARK_OXIDATIVE_PHOSPHORYLATION",198,-0.508153474361183,-1.98645594155768,1.00375864667023e-08,2.45920868434206e-07,1.9018584884278e-07,4132,"tags=48%, list=28%, signal=35%","PRDX3/HTRA2/MRPS11/CPT1A/AFG3L2/NNT/ETFB/ISCA1/NDUFB4/NDUFC2/UQCRC2/UQCRH/CS/COX4I1/COX17/CYB5A/ATP6V1F/ATP6V1G1/COX10/BDH2/COX7A2L/NDUFAB1/COX7C/ATP5F1E/UQCRB/ATP5F1A/MTX2/RHOT2/UQCR10/HSPA9/TIMM8B/ECH1/SLC25A5/TIMM50/GPI/COX6C/ALAS1/ACAA2/OAT/SLC25A12/ATP5MC3/SDHA/NDUFB7/PMPCA/HADHA/SLC25A20/MRPS12/GLUD1/NDUFS3/RHOT1/ATP5F1C/COX5B/MDH1/SDHB/OGDH/VDAC1/ATP6V0E1/COX5A/GOT2/MRPS30/MRPL11/MDH2/SLC25A6/IDH3B/MFN2/ATP5PB/IDH3G/AIFM1/ACO2/COX11/SLC25A11/ATP5F1B/ATP6V0B/TOMM22/MRPS15/BAX/ACADVL/UQCRFS1/POLR2F/CYB5R3/HSD17B10/NDUFS6/ATP5F1D/PHB2/MRPL34/SUCLG1/PHYH/UQCRC1/IDH2/ATP6AP1/ECHS1/POR/CYC1/ACAA1/ISCU/ECI1","HALLMARK"
"HALLMARK_DNA_REPAIR","HALLMARK_DNA_REPAIR",147,-0.514808697863726,-1.93922384373023,5.47672639601641e-07,8.94531978016013e-06,6.91797018444178e-06,2981,"tags=34%, list=20%, signal=27%","MPC2/POLR2H/CLP1/MPG/FEN1/SNAPC4/ERCC2/APRT/RFC2/NME3/POM121/BRF2/LIG1/TMED2/DUT/DDB1/POLR2E/GTF2H3/BCAP31/POLR2C/IMPDH2/SEC61A1/GTF3C5/SSRP1/POLR2J/POLD1/ELOA/VPS28/DGCR8/MRPL40/TARBP2/POLR1D/SF3A3/HCLS1/POLR2F/GUK1/TAF10/GMPR2/POLA2/ALYREF/EDF1/TAF6/ADRM1/NELFB/SUPT5H/SAC3D1/GTF2F1/POLE4/ZNF707/NELFCD","HALLMARK"
"HALLMARK_P53_PATHWAY","HALLMARK_P53_PATHWAY",179,-0.448992123350692,-1.7298375688722,2.39073505135969e-05,0.000292865043791562,0.000226490689076181,3785,"tags=38%, list=26%, signal=29%","PIDD1/STEAP3/FUCA1/NINJ1/HRAS/F2R/LIF/RPL18/TAX1BP3/H2AC25/ST14/TAP1/PPM1D/VWA5A/CCNK/FAS/CTSF/CCND2/RPS12/IER5/SLC3A2/EI24/RACK1/PITPNC1/IP6K2/CCP110/MAPKAPK3/CTSD/ZFP36L1/TGFA/RXRA/DEF6/POM121/ACVR1B/GADD45A/RCHY1/IER3/CDKN2A/SEC61A1/WWP1/EPS8L2/TRIB3/HDAC3/TSC22D1/JAG2/NDRG1/TGFB1/AEN/STOM/CDKN2AIP/GM2A/BLCAP/RALGDS/CYFIP2/PHLDA3/BAX/PMM1/TOB1/DCXR/S100A10/RAP2B/RNF19B/IRAK1/HEXIM1/CD81/ISCU/MXD4/MKNK2","HALLMARK"
"HALLMARK_UV_RESPONSE_UP","HALLMARK_UV_RESPONSE_UP",128,-0.450422472696421,-1.669455071171,0.000418138427500679,0.00409775658950666,0.00316904913474199,4352,"tags=45%, list=29%, signal=32%","E2F5/BTG2/SLC6A8/CCNE1/SLC6A12/GGH/RFC4/GPX3/ATP6V1F/CDK2/BID/RAB27A/EIF5/MRPL23/TAP1/HLA-F/SELENOW/UROD/POLR2H/H2AX/AP2S1/FURIN/BSG/ALAS1/FEN1/RXRB/HNRNPU/RPN1/PPT1/POLE3/CYB5R1/CREG1/PSMC3/GRINA/TMBIM6/NPTXR/SULT1A1/CDC34/CEBPG/DGAT1/ALDOA/MAPK8IP2/ARRB2/SQSTM1/STARD3/STK25/KLHDC3/SIGMAR1/MARK2/TGFBRAP1/DNAJB1/PLCL1/CNP/CLTB/PRKACA/YKT6/PDAP1/ACAA1","HALLMARK"
"HALLMARK_PI3K_AKT_MTOR_SIGNALING","HALLMARK_PI3K_AKT_MTOR_SIGNALING",94,-0.493292164188307,-1.75290901647476,0.000723421686342635,0.00590794377179819,0.0045689790716377,3085,"tags=41%, list=21%, signal=33%","E2F1/RIT1/PFN1/MYD88/HSP90B1/UBE2D3/NCK1/YWHAB/CDKN1B/NFKBIB/PRKCB/ARF1/MAPK9/SLC2A1/PAK4/CFL1/CALR/TSC2/RAC1/TRIB3/TNFRSF1A/AP2M1/TRAF2/ECSIT/CSNK2B/PPP1CA/MAPKAP1/SQSTM1/MAP2K3/PIN1/AKT1S1/LCK/GRK2/GRB2/CAB39/ARHGDIA/AKT1/RPS6KA1/MKNK2","HALLMARK"
"HALLMARK_MTORC1_SIGNALING","HALLMARK_MTORC1_SIGNALING",193,-0.375127018814029,-1.45902837378958,0.00316609915996656,0.0221626941197659,0.0171397849261347,4530,"tags=41%, list=31%, signal=29%","UNG/PHGDH/P4HA1/SQLE/UFM1/GSK3B/RPA1/TMEM97/BTG2/PSMB5/PIK3R3/XBP1/CANX/CCT6A/STARD4/CTSC/ACTR2/DHCR24/SSR1/INSIG1/SRD5A1/PRDX1/HSPA9/QDPR/NMT1/MCM2/EBP/GSR/GPI/DHCR7/RIT1/TXNRD1/ABCF2/HSP90B1/MCM4/UBE2D3/GAPDH/PGK1/VLDLR/ACLY/ENO1/SERP1/NFKBIB/CCNF/FGL2/RPN1/TCEA1/TES/PSMD13/TPI1/SLC6A6/HSPA5/PPIA/TUBG1/SLC2A1/DDX39A/SHMT2/CALR/SKAP2/TRIB3/PFKL/TM7SF2/PSPH/GGA2/G6PD/ALDOA/FKBP2/PSMC4/SQSTM1/PSME3/PGM1/MAP2K3/CORO1A/SDF2L1/TOMM40/NHERF1/YKT6/ARPC5L/ITGB2/PDAP1","HALLMARK"
"HALLMARK_REACTIVE_OXYGEN_SPECIES_PATHWAY","HALLMARK_REACTIVE_OXYGEN_SPECIES_PATHWAY",48,-0.51789454170822,-1.63626777639034,0.00677262099413659,0.0414823035890866,0.0320808362880154,4180,"tags=52%, list=28%, signal=37%","ABCC1/GCLM/NDUFB4/LAMTOR5/GPX3/PRDX1/CAT/GSR/TXN/TXNRD1/ERCC2/SBNO2/MPO/PRDX4/TXNRD2/SOD1/CDKN2D/HMOX2/PRNP/OXSR1/G6PD/STK25/SRXN1/PTPA/LSP1","HALLMARK"
"HALLMARK_UNFOLDED_PROTEIN_RESPONSE","HALLMARK_UNFOLDED_PROTEIN_RESPONSE",109,-0.415168101313762,-1.49915947661153,0.0103905209866457,0.0521263988921829,0.0403125748682832,3492,"tags=33%, list=24%, signal=25%","DNAJB9/EIF4A3/HSPA9/NPM1/EIF4EBP1/HSP90B1/H2AX/SERP1/ATP6V0D1/ALDH18A1/NOLC1/LSM4/NOP14/BAG3/HSPA5/PREB/HERPUD1/PAIP1/CXXC1/EIF4A2/CALR/TATDN2/SHC1/SRPRA/CEBPG/XPOT/SPCS1/EDC4/HYOU1/NHP2/POP4/EEF2/PDIA6/YIF1A/DCTN1/KHSRP","HALLMARK"
"HALLMARK_INTERFERON_ALPHA_RESPONSE","HALLMARK_INTERFERON_ALPHA_RESPONSE",96,0.38494984380937,1.45186690334172,0.0116045915813038,0.0521263988921829,0.0403125748682832,3847,"tags=38%, list=26%, signal=28%","CD47/ISG20/CXCL10/EPSTI1/IL15/GMPR/CCRL2/GBP2/RTP4/EIF2AK2/HERC6/IFIT3/TMEM140/IRF9/PSMA3/SP110/IFI44L/TDRD7/IFITM3/NCOA7/PARP9/IFI44/STAT2/SAMD9/C1S/BATF2/MVB12A/PROCR/MOV10/OAS1/PLSCR1/ISG15/DDX60/LAMP3/LPAR6/IRF1","HALLMARK"
"HALLMARK_ADIPOGENESIS","HALLMARK_ADIPOGENESIS",174,-0.368150872494793,-1.41640773879481,0.0117018446492655,0.0521263988921829,0.0403125748682832,4120,"tags=40%, list=28%, signal=29%","SLC5A6/DHRS7/CS/SLC19A1/BAZ2A/GPX3/MIGA2/PPP1R15B/RAB34/ABCB8/NDUFAB1/PIM3/DNAJB9/DNAJC15/UQCR10/BCL2L13/QDPR/NMT1/CAT/ECH1/DHCR7/PEX14/ITSN1/ACAA2/CMPK1/ESRRA/ACLY/SCARB1/NDUFB7/VEGFB/RTN3/TKT/GHITM/PREB/NDUFS3/GADD45A/ARAF/TALDO1/SOD1/ACADS/PLIN2/SDHB/AGPAT3/SULT1A1/ESYT1/LIPE/MDH2/APOE/PFKL/CDKN2C/IDH3G/AIFM1/STOM/ACO2/DGAT1/ALDOA/PGM1/TOB1/UCK1/UBC/GPAT4/SUCLG1/PHYH/APLP2/SLC25A1/UQCRC1/ECHS1/POR/CYC1","HALLMARK"
"HALLMARK_FATTY_ACID_METABOLISM","HALLMARK_FATTY_ACID_METABOLISM",133,-0.375028431401184,-1.39938625990061,0.0265318343189554,0.108338323469068,0.083784739954596,2749,"tags=26%, list=19%, signal=21%","ACAA2/OSTC/SDHA/ALAD/ENO3/ACOT2/ACSL5/FASN/LGALS1/KMT5A/BCKDHB/ACADS/MDH1/HSDL2/MDH2/IDH3B/GABARAPL1/IDH3G/ALDH9A1/ACO2/ALDH3A2/CBR1/NTHL1/ALDOA/NCAPH2/ERP29/ACADVL/HSD17B10/SUCLG1/S100A10/AOC3/ECHS1/ACAA1/ECI1","HALLMARK"
"HALLMARK_MITOTIC_SPINDLE","HALLMARK_MITOTIC_SPINDLE",194,-0.339024532019266,-1.32128506278229,0.0400572246065808,0.150984923517112,0.116765998853191,1113,"tags=13%, list=8%, signal=13%","TTK/TRIO/FBXO5/ABL1/MAP1S/ACTN4/CAPZB/BIN1/MARK4/MYH9/ARF6/FLNA/DYNLL2/ARHGAP10/MAP3K11/TAOK2/NUMA1/SAC3D1/ARHGDIA/INCENP/SUN2/ABR/SEPTIN9/SORBS2/KATNB1/LLGL1","HALLMARK"
"HALLMARK_MYC_TARGETS_V2","HALLMARK_MYC_TARGETS_V2",58,-0.42323307397464,-1.38104725677316,0.0550161812297735,0.179719525350593,0.138988247317322,3356,"tags=38%, list=23%, signal=29%","DDX18/NPM1/PPRC1/PHB1/NOP2/MCM4/MYBBP1A/TCOF1/NOC4L/IPO4/NOLC1/DCTPP1/NIP7/CBX3/IMP4/MCM5/PA2G4/PES1/TBRG4/LAS1L/SRM/MAP3K6","HALLMARK"
"HALLMARK_GLYCOLYSIS","HALLMARK_GLYCOLYSIS",157,-0.340825144341802,-1.29173696769143,0.0538116591928251,0.179719525350593,0.138988247317322,4086,"tags=40%, list=28%, signal=29%","XYLT2/ALG1/HAX1/NOL3/CLN6/CYB5A/MPI/AKR1A1/HS2ST1/TGFBI/ARPP19/UGP2/CAPN5/PAXIP1/COG2/PRPS1/VCAN/SAP30/GYS1/TXN/PGK1/NANP/VLDLR/ENO1/PKM/TGFA/TPI1/GLCE/HDLBP/HSPA5/GMPPB/GALE/GALK1/PPIA/RBCK1/TALDO1/PLOD1/SOD1/MDH1/IER3/B3GAT3/GOT2/MXI1/PYGB/MED24/MDH2/IGFBP3/GFUS/CHPF2/B3GAT1/ALDH9A1/G6PD/ALDOA/CHPF/CITED2/GUSB/PSMC4/B4GALT2/QSOX1/CHST2/PGAM1/EXT2/B3GALT6","HALLMARK"
"HALLMARK_EPITHELIAL_MESENCHYMAL_TRANSITION","HALLMARK_EPITHELIAL_MESENCHYMAL_TRANSITION",122,0.317950810539179,1.26426553750545,0.0590343710073995,0.180792761210161,0.139818247122788,2363,"tags=21%, list=16%, signal=18%","MYL9/LAMA2/CALD1/PRSS2/FSTL1/ITGB3/COL5A3/SPARC/PVR/ITGB5/DST/IL15/MYLK/LAMC1/THBS1/COL6A3/NID2/FERMT2/ADAM12/TPM1/ECM2/AREG/ITGA2/TIMP1/COL5A2/PFN2","HALLMARK"
"HALLMARK_WNT_BETA_CATENIN_SIGNALING","HALLMARK_WNT_BETA_CATENIN_SIGNALING",37,-0.448422991589693,-1.35183956982712,0.0785597381342062,0.213857064920895,0.165388922387803,1611,"tags=41%, list=11%, signal=36%","HEY2/HDAC5/SKP2/LEF1/CCND2/PSEN2/NCSTN/HDAC11/JAG2/AXIN1/CSNK1E/FZD8/FRAT1/NCOR2/DVL2","HALLMARK"
"HALLMARK_INFLAMMATORY_RESPONSE","HALLMARK_INFLAMMATORY_RESPONSE",152,0.297763410819403,1.22328979013044,0.0780388486965079,0.213857064920895,0.165388922387803,1895,"tags=18%, list=13%, signal=16%","DCBLD2/SCN1B/CALCRL/ITGB3/ATP2B1/CXCL10/ADORA2B/PVR/IL15/KCNJ2/CDKN1A/CD55/BEST1/AXL/CCRL2/PTGIR/GP1BA/TNFSF9/ABI1/PSEN1/CXCR6/SLC11A2/IL1R1/EDN1/RTP4/EIF2AK2/HIF1A/IL18","HALLMARK"
"HALLMARK_APICAL_SURFACE","HALLMARK_APICAL_SURFACE",32,0.433982484811802,1.34849702457956,0.0940594059405941,0.226020892687559,0.174795964269648,1160,"tags=16%, list=8%, signal=14%","DCBLD2/ATP8B1/APP/GHRL/CD160","HALLMARK"
"HALLMARK_COAGULATION","HALLMARK_COAGULATION",85,0.32885261312559,1.2242407004295,0.0906666666666667,0.226020892687559,0.174795964269648,1408,"tags=16%, list=10%, signal=15%","A2M/VWF/CLU/PROS1/ITGB3/F2RL2/SPARC/GP9/CRIP2/PF4/P2RY1/THBS1/KLF7/GP1BA","HALLMARK"
"HALLMARK_E2F_TARGETS","HALLMARK_E2F_TARGETS",196,-0.311833221813577,-1.21710638216268,0.0968660968660969,0.226020892687559,0.174795964269648,4608,"tags=38%, list=31%, signal=27%","GINS4/RAD21/CDC25B/STMN1/USP1/UNG/NOP56/SMC3/RPA1/DCK/H2AZ1/CCNE1/ORC6/ASF1B/TRA2B/TCF19/RAN/UBE2S/PSIP1/RPA2/CDCA3/KIF4A/UBR7/MCM7/MCM2/PRPS1/PPM1D/MAD2L1/RBBP7/KIF22/HUS1/MCM3/SRSF2/ING3/H2AX/MCM4/POLD2/ANP32E/CCP110/CDKN3/DCLRE1B/CTCF/CDKN1B/NOLC1/DCTPP1/RFC2/WEE1/EED/LIG1/PTTG1/SLBP/PRDX4/TUBG1/HNRNPD/DUT/DDX39A/MCM5/PA2G4/CDKN2A/TIMELESS/CDKN2C/SSRP1/POLD1/JPT1/HMGA1/XRCC6/TBRG4/NCAPD2/SNRPB/GINS1/UBE2T/POLA2/POP7/RANBP1/POLE4","HALLMARK"
"HALLMARK_IL6_JAK_STAT3_SIGNALING","HALLMARK_IL6_JAK_STAT3_SIGNALING",70,0.352811715948568,1.27211599416456,0.10997442455243,0.236714975845411,0.183066361556064,2746,"tags=24%, list=19%, signal=20%","A2M/ITGB3/INHBE/CXCL10/PF4/IL6ST/IL3RA/CD38/IL1R1/IRF9/TNF/STAT1/CD9/PTPN2/IFNAR1/STAT2/CBL","HALLMARK"
"HALLMARK_KRAS_SIGNALING_UP","HALLMARK_KRAS_SIGNALING_UP",135,0.297093879420464,1.18766124296588,0.111111111111111,0.236714975845411,0.183066361556064,1077,"tags=13%, list=7%, signal=12%","MMD/DCBLD2/SCN1B/GALNT3/PPBP/CBR4/CROT/TMEM158/CXCL10/F13A1/GNG11/SEMA3B/ETV5/GUCY1A1/SPON1/PTBP2/KCNN4","HALLMARK"
"HALLMARK_PEROXISOME","HALLMARK_PEROXISOME",90,-0.346530800702095,-1.21961074904706,0.123809523809524,0.252777777777778,0.195488721804511,4737,"tags=43%, list=32%, signal=30%","ALDH1A1/SLC23A2/ELOVL5/SCP2/BCL10/PEX11B/PEX6/ABCC5/DHCR24/PEX2/CLN6/PABPC1/HRAS/GSTK1/NUDT19/PRDX1/HSD17B4/CEL/CAT/ECH1/PEX14/SMARCC1/ABCD1/ACSL5/CADM1/ATXN1/PRDX5/SOD1/CNBP/ALDH9A1/ITGB1BP1/TSPO/PEX5/CRABP2/CTBP1/IDH2/SLC35B2/ACAA1/MVP","HALLMARK"
"HALLMARK_TGF_BETA_SIGNALING","HALLMARK_TGF_BETA_SIGNALING",46,-0.386784982460537,-1.21436421453225,0.180762852404643,0.352840324608527,0.272873290782104,2880,"tags=33%, list=19%, signal=26%","UBE2D3/FURIN/LTBP2/BCAR3/RHOA/SMAD7/WWTR1/BMPR1A/TGFB1/ENG/PPP1CA/SKI/KLF10/HDAC1/NCOR2","HALLMARK"
"HALLMARK_APICAL_JUNCTION","HALLMARK_APICAL_JUNCTION",137,-0.304068300827259,-1.14245736096588,0.187221396731055,0.352840324608527,0.272873290782104,2252,"tags=35%, list=15%, signal=30%","ITGB4/INSIG1/TGFBI/CLDN7/HRAS/LAMB3/NLGN2/STX4/VCAN/PTPRC/SIRPA/PCDH1/ARPC2/PFN1/MSN/CAP1/DLG1/MYL12B/SYK/IKBKG/ACTG1/RAC2/TUBG1/ACTB/CTNNA1/MVD/NRXN2/NHERF4/SKAP2/SORBS3/MDK/SHC1/CNN2/AKT2/MAPK13/ITGA3/PKD1/PBX2/ACTN4/INPPL1/MYH9/TAOK2/ADAM15/ZYX/VASP/ATP1A3/GNAI2/GTF2F1","HALLMARK"
"HALLMARK_HYPOXIA","HALLMARK_HYPOXIA",151,-0.297379942357363,-1.12533088044405,0.213855421686747,0.362433586831962,0.280292355015051,3297,"tags=27%, list=22%, signal=21%","ERRFI1/ANXA2/SAP30/GPI/GYS1/ADM/GAPDH/PGK1/VLDLR/ENO1/SCARB1/CDKN1B/ENO3/TES/TPI1/SLC6A6/HDLBP/HSPA5/GALK1/SLC2A1/PRDX5/IER3/PLIN2/KLF6/SIAH2/MXI1/NDRG1/IGFBP3/PFKL/PNRC1/IDS/ALDOA/VHL/CITED2/PGM1/CHST2/MYH9/GAA/TPST2/SLC25A1/B3GALT6","HALLMARK"
"HALLMARK_COMPLEMENT","HALLMARK_COMPLEMENT",163,-0.295656575918865,-1.12327880548329,0.214501510574018,0.362433586831962,0.280292355015051,3049,"tags=23%, list=21%, signal=18%","DUSP5/CALM1/PFN1/F8/LGALS3/S100A9/RHOG/CTSB/CTSD/ITGAM/GNG2/HSPA5/F7/PRCP/KLKB1/MSRB1/BRPF3/S100A12/PRDM4/FYN/LIPA/ERAP2/RABIF/F5/WAS/CCL5/EHD1/DYRK2/RCE1/LCK/GRB2/SIRT6/MMP15/GNB2/GNAI2/PRSS36/PPP4C","HALLMARK"
"HALLMARK_INTERFERON_GAMMA_RESPONSE","HALLMARK_INTERFERON_GAMMA_RESPONSE",188,0.264943082087859,1.10483196488305,0.208469055374593,0.362433586831962,0.280292355015051,3847,"tags=29%, list=26%, signal=22%","SELP/ST3GAL5/BANK1/ISG20/STAT4/CXCL10/EPSTI1/XCL1/IL15/GBP6/CDKN1A/IRF4/CASP3/CD38/MT2A/RTP4/EIF2AK2/HIF1A/NLRC5/HERC6/IFIT3/IRF9/PSMA3/SP110/IFI44L/TDRD7/NCOA3/IFITM3/STAT1/IFI44/PTPN2/STAT2/C1S/BATF2/APOL6/XAF1/GPR18/IFNAR2/NOD1/RIGI/PLSCR1/RNF213/ISG15/SERPING1/HLA-DQA1/DDX60/RAPGEF6/MARCHF1/JAK2/MX2/VAMP5/TNFSF10/PLA2G4A/IRF1","HALLMARK"
"HALLMARK_ANDROGEN_RESPONSE","HALLMARK_ANDROGEN_RESPONSE",88,0.298064134265309,1.11537853004135,0.231182795698925,0.377598566308244,0.292020373514431,1621,"tags=16%, list=11%, signal=14%","SELENOP/FKBP5/ACTN1/ABCC4/MAK/HERC3/TPD52/HOMER2/GUCY1A1/GPD1L/ACSL3/HPGD/FADS1/H1-0","HALLMARK"
"HALLMARK_ANGIOGENESIS","HALLMARK_ANGIOGENESIS",23,0.380986598582818,1.09672056309615,0.32311320754717,0.51072732805843,0.394977095813179,2321,"tags=26%, list=16%, signal=22%","FSTL1/PF4/APP/PTK2/TIMP1/COL5A2","HALLMARK"
"HALLMARK_MYOGENESIS","HALLMARK_MYOGENESIS",127,0.259426193213891,1.02976993281217,0.338235294117647,0.517922794117647,0.400541795665635,1485,"tags=14%, list=10%, signal=13%","MYOM2/LAMA2/MYH11/CLU/CKMT2/SPARC/COX7A1/FHL1/APP/ITGB5/MYLK/CDKN1A/SMTN/TNNT1/AGL/COL6A3/MAPK12/DENND2B","HALLMARK"
"HALLMARK_BILE_ACID_METABOLISM","HALLMARK_BILE_ACID_METABOLISM",79,-0.300607516918947,-1.03010171524423,0.391233766233766,0.580922865013774,0.449263655005282,2588,"tags=32%, list=18%, signal=26%","HSD17B4/SLC67A1/CAT/NEDD4/BCAR3/AQP9/ABCD1/RXRA/ACSL5/ABCA3/ATXN1/PRDX5/SOD1/PXMP2/LIPE/ALDH9A1/OPTN/PEX7/CYP27A1/PEX19/ABCA2/LCK/PHYH/IDH2/SLC35B2","HALLMARK"
"HALLMARK_CHOLESTEROL_HOMEOSTASIS","HALLMARK_CHOLESTEROL_HOMEOSTASIS",67,-0.309672670686289,-1.03287160460208,0.407528641571195,0.587320689323192,0.454211489057678,3459,"tags=37%, list=23%, signal=29%","TMEM97/ALCAM/FBXO6/STARD4/ACAT2/S100A11/ERRFI1/EBP/ECH1/DHCR7/LGALS3/ETHE1/FASN/ACTG1/MVD/SREBF2/MVK/TRIB3/PNRC1/TM7SF2/FDFT1/ABCA2/GUSB/PMVK/PCYT2","HALLMARK"
"HALLMARK_HEME_METABOLISM","HALLMARK_HEME_METABOLISM",167,0.243375176035976,1.00765055377565,0.437888198757764,0.61231556760012,0.473541577521038,1784,"tags=17%, list=12%, signal=15%","ANK1/SPTB/GATA1/SNCA/OSBP2/TRIM58/DMTN/USP15/H4C3/XK/AGPAT4/MPP1/KDM7A/ALAS2/SMOX/EPB42/FN3K/TSPAN5/HBB/MARCHF2/GAPVD1/ERMAP/TNRC6B/H1-0/SLC11A2/ABCG2/RBM5/TAL1","HALLMARK"
"HALLMARK_UV_RESPONSE_DN","HALLMARK_UV_RESPONSE_DN",110,0.255085274831079,0.996867656464359,0.449864498644986,0.61231556760012,0.473541577521038,2120,"tags=19%, list=14%, signal=16%","KCNMA1/MAP1B/ITGB3/MGLL/ATP2B1/MT1E/PRKAR2B/ADORA2B/SCN8A/DMAC2L/LAMC1/SPOP/LTBP1/CELF2/RASA2/KALRN/NIPBL/TOGARAM1/TENT4A/IRS1/AMPH","HALLMARK"
"HALLMARK_TNFA_SIGNALING_VIA_NFKB","HALLMARK_TNFA_SIGNALING_VIA_NFKB",172,-0.257897406070557,-0.990914293144306,0.475841874084919,0.630168968382731,0.487348718835195,2281,"tags=15%, list=15%, signal=12%","EIF1/SPSB1/F2RL1/GADD45A/YRDC/B4GALT5/LITAF/IER3/KLF6/TSC22D1/PNRC1/CCL5/EGR1/SQSTM1/EHD1/KLF2/MAP2K3/TNIP1/RCAN1/RELA/GADD45B/NFKBIE/KLF10/RNF19B/TNIP2","HALLMARK"
"HALLMARK_APOPTOSIS","HALLMARK_APOPTOSIS",139,-0.257122200658391,-0.962839748309469,0.533834586466165,0.688365650969529,0.532355820298669,3783,"tags=34%, list=26%, signal=25%","GPX3/DAP/CDK2/HSPB1/BID/BCL2L1/F2R/BNIP3L/RHOT2/TAP1/EBP/PPP3R1/FAS/GSR/LEF1/MADD/NEFH/CCND2/PSEN2/IGF2R/LGALS3/SPTAN1/MCL1/CDKN1B/CD14/SMAD7/AIFM3/WEE1/PPT1/GADD45A/PDGFRB/TGFBR3/SOD1/IER3/BCAP31/PEA15/PPP2R5B/TSPO/BAX/SQSTM1/RELA/DAP3/ADD1/GADD45B/ERBB2/GSTM1/ANKH","HALLMARK"
"HALLMARK_G2M_CHECKPOINT","HALLMARK_G2M_CHECKPOINT",192,-0.244600138173084,-0.9498798882031,0.578034682080925,0.726248703127316,0.561653132386324,3802,"tags=28%, list=26%, signal=21%","DBF4/UBE2S/RPA2/E2F3/CDC6/KIF4A/CUL4A/MCM2/MAD2L1/HMGN2/SAP30/KIF22/E2F1/HUS1/SMARCC1/HIRA/MCM3/SRSF2/H2AX/UPF1/CDKN3/CTCF/CDKN1B/CCNF/NOLC1/HNRNPU/BUB3/PTTG1/KMT5A/HNRNPD/DDX39A/PML/ODF2/MCM5/NCL/TGFB1/CDKN2C/TFDP1/JPT1/PRMT5/HMGA1/TTK/FBXO5/ABL1/DR1/EWSR1/CBX1/E2F4/CHMP1A/POLA2/TLE3/CHAF1A/NUMA1/INCENP","HALLMARK"
"HALLMARK_ESTROGEN_RESPONSE_EARLY","HALLMARK_ESTROGEN_RESPONSE_EARLY",146,0.228354940472713,0.93096714019397,0.678466076696165,0.77313576181656,0.59791380076039,1962,"tags=13%, list=13%, signal=11%","WWC1/ZNF185/FKBP5/SLC24A3/MUC1/SEMA3B/IL6ST/RHOBTB3/FOXC1/FARP1/OPN3/MAST4/MINDY1/PODXL/CISH/RET/NRIP1/PDZK1/AREG","HALLMARK"
"HALLMARK_KRAS_SIGNALING_DN","HALLMARK_KRAS_SIGNALING_DN",92,0.245300675432285,0.919615909947083,0.668463611859838,0.77313576181656,0.59791380076039,1778,"tags=14%, list=12%, signal=13%","SELENOP/TAS2R4/EGF/ZBTB16/MAGIX/STAG3/UPK3B/SNN/GPR19/GP1BA/CD40LG/EDN1/SYNPO","HALLMARK"
"HALLMARK_ESTROGEN_RESPONSE_LATE","HALLMARK_ESTROGEN_RESPONSE_LATE",137,-0.242278638493287,-0.910298815096456,0.664190193164933,0.77313576181656,0.59791380076039,2200,"tags=32%, list=15%, signal=28%","NAB2/DNAJC1/CD44/XBP1/ETFB/MICB/LLGL2/IMPA2/ABHD2/ATP2B4/CDC6/TMPRSS3/SLC16A1/ST14/DYNLT3/DHCR7/NXT1/COX6C/ANXA9/S100A9/SCARB1/BATF/ABCA3/GALE/PLAAT3/PRSS23/ST6GALNAC2/SIAH2/MDK/GFUS/MAPK13/BAG1/FDFT1/ALDH3A2/AMFR/TOB1/DLG5/DCXR/NHERF1/IDH2/NCOR2/ITPK1/CACNA2D2/SLC2A8","HALLMARK"
"HALLMARK_XENOBIOTIC_METABOLISM","HALLMARK_XENOBIOTIC_METABOLISM",140,-0.242066729691083,-0.907687854998049,0.668665667166417,0.77313576181656,0.59791380076039,2787,"tags=23%, list=19%, signal=19%","KARS1/ALAS1/PSMB10/AQP9/CNDP2/PINK1/SLC6A6/MAN1A1/CYP2S1/DHPS/SHMT2/TMBIM6/TNFRSF1A/SLC35B1/SLC46A3/GABARAPL1/APOE/ABHD6/ACP1/TKFC/ALDH9A1/ACO2/CBR1/CYP27A1/HES6/CYFIP2/SLC12A4/PMM1/DCXR/COMT/AHCY/POR","HALLMARK"
"HALLMARK_ALLOGRAFT_REJECTION","HALLMARK_ALLOGRAFT_REJECTION",167,-0.22136842029335,-0.847386442556435,0.826470588235294,0.920387700534759,0.711792851111737,4260,"tags=32%, list=29%, signal=23%","IL16/B2M/MRPL3/AARS1/NLRP3/STAB1/GZMA/CD7/CTSS/IL12RB1/GALNT1/IL2RG/F2R/HLA-E/RPL9/LIF/HLA-G/CRTAM/TAP1/NPM1/PTPRC/FAS/DEGS1/ZAP70/ELF4/CCND2/FGR/NCK1/HLA-A/PSMB10/PRKCB/TAPBP/RPS9/EIF3D/IL12A/EIF5A/ITGAL/MAP4K1/UBE2D1/CD247/CDKN2A/TGFB1/APBB1/TRAF2/SOCS5/WAS/CCL5/HCLS1/FLNA/LCK/ITGB2/AKT1/CSK","HALLMARK"
"HALLMARK_NOTCH_SIGNALING","HALLMARK_NOTCH_SIGNALING",28,-0.255566896057464,-0.728840129487767,0.883445945945946,0.944419542805917,0.730378164146359,3190,"tags=39%, list=22%, signal=31%","KAT2A/FBXW11/SKP1/DTX4/FZD5/SAP30/PSEN2/NOTCH3/LFNG/APH1A/ARRB1","HALLMARK"
"HALLMARK_HEDGEHOG_SIGNALING","HALLMARK_HEDGEHOG_SIGNALING",24,-0.254770605549607,-0.702430417823378,0.88659793814433,0.944419542805917,0.730378164146359,1905,"tags=21%, list=13%, signal=18%","VLDLR/PML/ADGRG1/MYH9/TLE3","HALLMARK"
"HALLMARK_IL2_STAT5_SIGNALING","HALLMARK_IL2_STAT5_SIGNALING",181,0.19488512426613,0.812963472578824,0.961538461538462,0.972010178117048,0.751715712399866,3997,"tags=33%, list=27%, signal=24%","GATA1/SELP/SH3BGRL2/F2RL2/MUC1/CXCL10/POU2F1/HYCC2/LRRC8C/GUCY1B1/ETFBKMT/IL3RA/TTC39B/IRF4/CASP3/RABGAP1L/CISH/NFKBIZ/CCR4/S100A1/CA2/GPR83/MYO1C/TIAM1/NCOA3/IFITM3/IKZF2/RORA/ENPP1/ADAM19/ECM1/CDCP1/CAPN3/NT5E/ITGA6/GPR65/HIPK2/PHTF2/CYFIP1/GPX4/MAFF/UCK2/PLSCR1/P2RX4/SCN9A/DCPS/PTRH2/GALM/TRAF1/MAP3K8/COL6A1/TNFSF10/PUS1/BATF3/DHRS3/SNX9/IFNGR1/BMP2/TWSG1","HALLMARK"
"HALLMARK_PROTEIN_SECRETION","HALLMARK_PROTEIN_SECRETION",88,-0.207744646440514,-0.727206167120023,0.966666666666667,0.972010178117048,0.751715712399866,4085,"tags=31%, list=28%, signal=22%","CTSC/CLTA/LMAN1/ARFGAP3/RAB14/VAMP7/COG2/RAB2A/NAPA/IGF2R/AP2S1/TMED10/ANP32E/VAMP3/ARF1/ERGIC3/PPT1/TMED2/AP3S1/SOD1/COPE/AP2M1/CD63/AP2B1/SCAMP3/ATP1A1/YKT6","HALLMARK"
"HALLMARK_SPERMATOGENESIS","HALLMARK_SPERMATOGENESIS",71,0.192085306942087,0.697409670411948,0.972010178117048,0.972010178117048,0.751715712399866,2618,"tags=17%, list=18%, signal=14%","ACRBP/IFT88/DPEP3/KIF2C/JAM3/PIAS2/BRAF/CDK1/PCSK4/SIRT1/NEK2/BUB1","HALLMARK"
