"ID","Description","setSize","enrichmentScore","NES","pvalue","p.adjust","qvalue","rank","core_enrichment","Collection"
"AIZARANI_LIVER_C3_NK_NKT_CELLS_2","AIZARANI_LIVER_C3_NK_NKT_CELLS_2",149,-0.573674078044225,-2.28495119653356,1.36866813946019e-11,8.6226092785992e-09,7.73657674621181e-09,1548,"AKNA/ETS1/EMB/RPL10/LTB/GPR171/ARHGDIB/ZC3HAV1/RUNX3/RPS14/ARL4C/GZMK/RPL17/B2M/CD53/ANXA1/RUNX2/PARP8/RPL10A/DUSP2/CD44/DGKA/TNFAIP3/IL7R/PIK3IP1/TNFAIP8/KLRG1/SEMA4D/BCL2/RPS6KA3/SLC38A1/TXNIP/FYN/SPOCK2/CD40LG/SATB1/PIP4K2A/PRDM1/CXCR6/ITK/ZFP36L2/LTK/ERN1/P2RX5/IKZF1/CXCR4/IL18RAP/SLA/SLC4A10/KLRB1","CELLTYPE"
"AIZARANI_LIVER_C28_NK_NKT_CELLS_6","AIZARANI_LIVER_C28_NK_NKT_CELLS_6",90,-0.622597999479577,-2.30977040487247,1.41284250012317e-09,4.45045387538797e-07,3.99313906613758e-07,2131,"PPP1R2/CNOT6L/AKNA/ETS1/EMB/RPL36A/PDE7A/LEPROTL1/GPR171/ARHGDIB/ZC3HAV1/RUNX3/CD53/ANXA1/RASSF5/XCL1/PARP8/CREM/RNF125/CD44/TNFAIP3/IL7R/SRGN/SLC38A1/TXNIP/FYN/CDC42SE2/SPOCK2/CD40LG/SATB1/PRDM1/CXCR6/ITK/ZFP36L2/SMAP2/CXCR4/SLA/KLRB1","CELLTYPE"
"HE_LIM_SUN_FETAL_LUNG_C4_ILC3_CELL","HE_LIM_SUN_FETAL_LUNG_C4_ILC3_CELL",65,-0.615496554342794,-2.17289359910329,4.53129437972639e-07,9.51571819742542e-05,8.53791256811604e-05,1867,"TIAM1/ABHD15/CSF1/MATN2/NR1D1/GPR35/NRIP1/ANKH/RUNX2/IL23R/CA2/MPZL3/LST1/RORC/REEP3/PERP/TSPAN15/DPP4/CXCR6/IL17RE/FSD1/TNFSF13B/AFF3/CCR6/PLXND1/CPNE7/SLC4A10/PHACTR2","CELLTYPE"
"TRAVAGLINI_LUNG_CD4_NAIVE_T_CELL","TRAVAGLINI_LUNG_CD4_NAIVE_T_CELL",119,-0.512882029782079,-1.98092787995643,6.21367363964374e-07,9.7865359824389e-05,8.78090195918076e-05,3388,"SUSD3/RPS27A/RPL18A/RPS3A/PIM2/RPL31/TRAT1/RPS13/RPS7/TC2N/PASK/NPM1/LDLRAP1/RPS5/EEF1A1/RPL5/RPL34/PRKCA/TCF7/CMPK1/RPS6/OXNAD1/RPL4/NDFIP1/RPL3/EPHX2/LDHB/RPL10/ABLIM1/RPL15/RPS14/SELL/TNFRSF25/IL6ST/RPLP0/RPL10A/DGKA/AQP3/RPL6/IL7R/PIK3IP1/CCR7/SERINC5/TXNIP/RPL7/SPOCK2/DPP4/SATB1/ITK/TXK/MYC","CELLTYPE"
"DESCARTES_FETAL_HEART_MYELOID_CELLS","DESCARTES_FETAL_HEART_MYELOID_CELLS",50,0.65429985604703,2.16754394083868,1.05971594443867e-06,0.000133524208999272,0.000119803676244961,2119,"CIITA/HLA-DRB5/HLA-DMB/ITGAX/HLA-DRB1/HLA-DRA/SPI1/HLA-DQA2/SLAMF8/CLEC4A/HLA-DQA1/SLC11A1/HCK/LRRC25/SIRPB1/NOD2/HLA-DPA1/CD74/HLA-DRB6/LILRB3/CLEC7A/CD14","CELLTYPE"
"DESCARTES_FETAL_LUNG_MYELOID_CELLS","DESCARTES_FETAL_LUNG_MYELOID_CELLS",65,0.613977272496407,2.1191565117844,1.63069554104112e-06,0.000171223031809317,0.000153628685182295,2119,"CIITA/HLA-DRB5/TRPM2/ATP8B4/HLA-DMA/ITGAX/HLA-DPB1/HLA-DRB1/HLA-DRA/SPI1/HLA-DQA2/SLAMF8/HLA-DQA1/HCK/HLA-DQB2/LRRC25/CYTH4/SIRPB1/NOD2/HLA-DPA1/CD74/HLA-DRB6/FGL2/LILRB3/RNASE6/CLEC7A/CD14","CELLTYPE"
"MENON_FETAL_KIDNEY_0_CAP_MESENCHYME_CELLS","MENON_FETAL_KIDNEY_0_CAP_MESENCHYME_CELLS",63,0.613041992720044,2.09677486285483,2.59589168533149e-06,0.000233630251679834,0.000209623133086167,2185,"BDP1/CCDC88A/ZC3H13/DNMT1/SYNE2/MKI67/CHD4/NKTR/BAZ1B/TIA1/TPR/BRD3/BPTF/SPEN/RBM25/RPS10/DDX24/LUC7L3/ATRX/RSF1/ANKRD11/TOP2B/SNRNP70/RIF1/EIF3A/GOLGA4/NCAM1/ILF3/NUDT3/KAT6B","CELLTYPE"
"DESCARTES_FETAL_STOMACH_MYELOID_CELLS","DESCARTES_FETAL_STOMACH_MYELOID_CELLS",49,0.62094885409227,2.05060622858737,2.00973270865449e-05,0.00158266450806541,0.00142003482177297,408,"CIITA/HLA-DRB5/HLA-DMB/TRPM2/ATP8B4/HLA-DMA/ITGAX/HLA-DPB1/HLA-DRB1/HLA-DRA/SPI1","CELLTYPE"
"GOBP_SUPRAMOLECULAR_FIBER_ORGANIZATION","GOBP_SUPRAMOLECULAR_FIBER_ORGANIZATION",488,0.369939917716672,1.61355501609222,5.50314725319026e-07,0.00168836557727877,0.00162082168572909,2483,"ARHGEF12/MYOM2/RHOB/GOLGA2/CKAP2/CCDC66/NDEL1/PFDN2/HSPA1A/SPECC1L/PPP2CB/CCDC88A/VASP/ROCK1/CKAP5/DVL1/HOOK3/MYADM/CLIP1/PAK1/S100A10/CDK5RAP2/TPM2/TBCB/PPP1R9B/ARPC5L/CDKN2A/GBA2/AKAP9/HAUS4/LIMA1/SRF/OBSCN/CAPG/PYCARD/CLU/DIAPH1/SH3BP1/MSRB2/VIM/PCM1/MYO6/MID1IP1/TARDBP/CLIP3/DIAPH2/ABL1/RUFY3/PLEC/TAGLN2/RAD51D/TPM4/APC/ARL2/PLK3/EVL/RHOU/PDLIM1/ARFIP1/RHOC/HCK/SLK/HIP1R/ARFGEF1/SWAP70/PDE4DIP/RHOF/INPPL1/CIB1/TMOD1/FMN1/TRIM27/SVIL/PPFIA1/RIPK3/ANKRD23/BRK1/LUZP1/AMOT/GIT1/CDC42EP3/MAP1S/PDGFRB/TMSB10/MAP4/ARHGAP18/EML2/ALMS1/TMOD3/LIMK1/RDX/CST3/HAUS3/MAD2L2/ILK/CLASP1/TTBK2/FHOD1/SPTBN5/FER/MKKS/TLN1/WAS/AKAP13/MICALL2/MICAL3/ABI2/PCNT/WDR73/DAPK3/BAIAP2/FHOD3/KLHL24/KIF18A/ZYX/DYRK1A/BAX/HSPA1B/KPTN/RASA1/CUL3/KANK1/CLASP2/TUBGCP5/PIK3CA/LIMD2/SSH3/BAG4/HSPA8/DLG1/ARAP1/TUBG2/RAC2/RANBP9/SPTAN1/EMP2/ROCK2/SORBS1/GIPC1/ACTG1/TSC1/ELMO3/KCTD13/KIF21A/DYNC1H1/ARFIP2/TMOD4","GOBP"
"HALLMARK_MYC_TARGETS_V2","HALLMARK_MYC_TARGETS_V2",57,-0.57505529460563,-1.97221527580584,4.17356051018612e-05,0.00200330904488934,0.00158155977228106,1097,"PPRC1/SRM/SORD/DUSP2/MRTO4/PRMT3/MYBBP1A/WDR43/MPHOSPH10/DDX18/IPO4/NOLC1/PLK4/GNL3/TFB2M/NIP7/MYC/SUPV3L1","HALLMARK"
"MENON_FETAL_KIDNEY_3_STROMAL_CELLS","MENON_FETAL_KIDNEY_3_STROMAL_CELLS",35,0.68667557384388,2.08013233186018,3.08002835199253e-05,0.00215601984639477,0.0019344739473918,2228,"CCDC88A/TPM2/KCNQ1OT1/NKTR/VIM/LGALS1/MACF1/CD81/TPM4/RRBP1/PALLD/MAGED2/C12orf57/MYL6/TOP2B/CHD3/NCAM1/SERPINH1/GNAS","CELLTYPE"
"DESCARTES_FETAL_INTESTINE_MYELOID_CELLS","DESCARTES_FETAL_INTESTINE_MYELOID_CELLS",100,0.503541881368518,1.85759215901545,5.01276984172447e-05,0.00315804500028641,0.00283353411053267,2119,"CIITA/NUAK2/HLA-DRB5/HLA-DMB/HLA-DMA/ITGAX/HLA-DPB1/TYMP/HLA-DRB1/HLA-DOA/HLA-DRA/NCF4/SPI1/HLA-DQA2/MCOLN2/HLA-DQA1/HCK/FMN1/CFP/CX3CR1/STX11/HLA-DPA1/CD74/CD101/CST3/GPR183/HLA-DRB6/RAB20/FGL2/LILRB3/RNASE6/CLEC7A/CD14","CELLTYPE"
"DESCARTES_FETAL_ADRENAL_MYELOID_CELLS","DESCARTES_FETAL_ADRENAL_MYELOID_CELLS",72,0.552080094943456,1.92170622557977,8.34734719848072e-05,0.00464235096065816,0.0041653174032973,1549,"HLA-DMB/TRPM2/HLA-DMA/ITGAX/HLA-DPB1/TYMP/HLA-DRB1/HLA-DOA/HLA-DRA/SPI1/IER3/SLAMF8/HLA-DQA1/SLC11A1/HCK/LRRC25/RIPK3/CYTH4/SIRPB1/NOD2/HLA-DPA1/CST3","CELLTYPE"
"FAN_OVARY_CL7_ANGEIOGENIC_ENDOTHELIAL_CELL","FAN_OVARY_CL7_ANGEIOGENIC_ENDOTHELIAL_CELL",189,0.421111535152094,1.67102442307934,8.8425732583965e-05,0.00464235096065816,0.0041653174032973,2492,"ITM2A/JUN/RHOB/HLA-DRB5/SH3BP5/HLA-DMA/HLA-DPB1/LPAR6/IER2/HLA-DRB1/ID3/DUSP1/S100A10/HLA-DRA/NKTR/LIMA1/ZFP36L1/CLU/CRIP2/HEXIM1/SAT1/GNG5/TAGLN2/DUSP6/TSC22D1/ARL2/ARRDC3/PDLIM1/EGR1/RHOC/GADD45B/CDKN1A/IGFBP7/S100A6/CD151/EFNA1/SRSF5/RDX/HLA-DPA1/NOP10/CD74/NPDC1/CCDC50/MX1/ISCU/CCDC85B/HLA-B/HSPB1/CHMP5/HSPA1B/EPAS1/SNHG7/FXYD5/IFIT3/CHD9/IFITM2/ANXA2/HSPA2/MT2A/PPP1R15A/GIMAP4/HLA-DQB1/ARGLU1","CELLTYPE"
"FAN_EMBRYONIC_CTX_BRAIN_MYELOID","FAN_EMBRYONIC_CTX_BRAIN_MYELOID",114,0.479631478967699,1.78015329069141,0.000101369751251506,0.00468715884865622,0.00420552097197726,2210,"TSPAN32/HLA-DMA/ITGAX/HLA-DPB1/TYMP/HLA-DRB1/EMP3/APOBR/S100A10/HLA-DRA/ATF3/SPI1/NBPF10/CHCHD10/IER5/S100A11/VIM/LGALS1/TNFRSF14/DOK2/HCK/PLEKHO1/LRRC25/S100A6/CFP/CRIP1/FGR/HLA-DPA1/CD74/HCST/EFHD2/UTRN/AIP/HLA-B/FGL2/LILRB3/SIN3B/CLEC7A/CD48/FXYD5/IFITM2/ANXA2","CELLTYPE"
"FAN_OVARY_CL14_MATURE_SMOOTH_MUSCLE_CELL","FAN_OVARY_CL14_MATURE_SMOOTH_MUSCLE_CELL",216,0.400422214884098,1.60875673028257,0.000104159085525694,0.00468715884865622,0.00420552097197726,2403,"JUN/RHOB/PLP2/PTP4A3/CYSTM1/ROCK1/IER2/MYADM/ID3/DUSP1/TPM2/TBCB/DYNC1I2/ATF3/IER3/CHCHD10/ZFP36L1/S100A11/CD9/CRIP2/NME3/HEXIM1/CHURC1/LGALS1/DYNLL1/TPM4/VKORC1/TSC22D1/TMEM14C/COL18A1/PALLD/PDLIM1/EGR1/RHOC/KLF10/GADD45B/IGFBP7/ISYNA1/MGST3/S100A6/BRK1/CD151/CRIP1/C12orf57/MYL6/PKIG/ILK/TAF7/NDUFA3/ISCU/HSPB1/RAB11B/CHMP5/DYNLRB1/BRD2/HSPA1B/EPAS1/HCFC1R1/IFITM2/RABAC1/GNAS/HSPA2/MT1E/MT2A/PPP1R15A","CELLTYPE"
"REACTOME_TRANSLATION","REACTOME_TRANSLATION",317,-0.371080388654893,-1.63145876865609,5.18236950978147e-06,0.00473150336243049,0.00441319677201391,2494,"EIF3H/GSPT1/RPS4X/RPSA/PSMC6/AIMP1/SPCS2/RPS6/MRPL19/MRPL22/MRPL43/PSMB3/PSMA2/RPL36AL/RPL4/ERAL1/EIF4B/MRPL23/UBE2D2/MRPS23/RCHY1/EIF1AX/RPL3/SRP9/RPL10/RPL36A/MRPS27/RPL15/MRPS22/UBE2D1/EIF3L/AURKAIP1/RPS14/SSR3/EIF3F/EIF4E/SSR1/ABCE1/MRPS16/MRPS9/SEC11C/MTFMT/RPL17/NPLOC4/RARS2/GSPT2/EEF1G/SRP54/MRPL47/GFM1/PSMB7/MRPL13/PSMD14/SEC61G/RPLP0/RPL10A/MRPL45/MRPL42/SRP19/MRPS35/EIF3E/EEF2/SEC61A1/MRPL49/EEF1E1/MRPL50/RPL6/MRPL35/PPA1/MRPS12/MRPL44/SPCS3/EIF3M/MRPL16/MRPL17/MRPS10/MRPL3/RPL26L1/RPL7/MRPL40/PSMA3/RPN1/TRAM1/PSMA1/PSMD6/EIF5/MARS2/PPA2/TSFM/PSMB5/MALSU1/NARS2","REACTOME"
"HALLMARK_MYC_TARGETS_V1","HALLMARK_MYC_TARGETS_V1",191,-0.387194403635977,-1.61561286218377,0.000315689643979478,0.00757655145550747,0.00598148799119011,2963,"NPM1/CDC45/RPS5/CCT3/DHX15/EIF4G2/ILF2/HNRNPC/YWHAQ/CCT7/HNRNPR/EEF1B2/POLE3/PSMD3/USP1/PWP1/RPL34/GSPT1/ERH/NCBP2/PSMC6/HNRNPA1/RPS6/AP3S1/PSMB3/PSMA2/MRPL23/SERBP1/RAN/SF3B3/SLC25A3/EIF1AX/VBP1/G3BP1/SNRPA1/RANBP1/CUL1/SRM/XPO1/DEK/MCM7/EIF4E/PRPS2/ABCE1/XRCC6/PCNA/UBA2/PSMD14/RPLP0/CAD/CCT2/SNRPG/RPL6/ACP1/SNRPB2/DDX18/PRDX4/TFDP1/IMPDH2/STARD7/C1QBP/GLO1/NOLC1/SYNCRIP/PGK1/CANX/TYMS/PSMA1/CNBP/GNL3/RSL1D1/MYC","HALLMARK"
"HAY_BONE_MARROW_DENDRITIC_CELL","HAY_BONE_MARROW_DENDRITIC_CELL",101,0.483745243768514,1.78896509284556,0.000198745266163362,0.00834730117886122,0.00748955845120882,1781,"CIITA/HLA-DRB5/HLA-DMB/CXCR3/SLC15A4/PLP2/HLA-DMA/HLA-DPB1/CCDC88A/HLA-DRB1/DNAJC4/TMEM8B/IRF7/TPM2/HLA-DRA/HLA-DQA2/SMPD3/TRAF4/FUT7/ITM2C/RRBP1/HLA-DQA1/BRK1/HLA-DPA1/CD74/CST3/NEK8/CCDC50/GPR183/OFD1","CELLTYPE"
"AIZARANI_LIVER_C5_NK_NKT_CELLS_3","AIZARANI_LIVER_C5_NK_NKT_CELLS_3",117,-0.431010286877203,-1.6589619768656,0.000240499517034921,0.00946966848325,0.00849659477945739,2110,"CNOT6L/MAPK1/S1PR5/AKNA/ETS1/SPON2/CBLB/PDE7A/GNG2/CCL4/ARHGDIB/RUNX3/CTSW/GZMK/EOMES/CD53/RASSF5/CCND2/XCL1/PARP8/DUSP2/PRKACB/RNF125/IPCEF1/PIK3IP1/SRGN/SLC38A1/FYN/PIP4K2A/PRDM1/CXCR6/ZFP36L2/TXK/IKZF1/CXCR4/SLA/KLRB1","CELLTYPE"
"HALLMARK_ANDROGEN_RESPONSE","HALLMARK_ANDROGEN_RESPONSE",80,-0.472881710627389,-1.72426655300367,0.000603573189106302,0.00965717102570083,0.00762408238871118,2551,"ACSL3/INSIG1/UAP1/CCND3/ARID5B/TPD52/HMGCR/ELOVL5/ELK4/NDRG1/PIAS1/SORD/HERC3/XRCC6/B2M/SLC38A2/ANKH/SMS/GNAI3/SRP19/UBE2J1/TNFAIP8/GSR/RPS6KA3/SPCS3/LMAN1/ADAMTS1/B4GALT1/RAB4A/GPD1L/HPGD/FKBP5","HALLMARK"
"DURANTE_ADULT_OLFACTORY_NEUROEPITHELIUM_VASCULAR_SMOOTH_MUSCLE_CELLS","DURANTE_ADULT_OLFACTORY_NEUROEPITHELIUM_VASCULAR_SMOOTH_MUSCLE_CELLS",40,0.61502507267797,1.9193625371231,0.000295207811125603,0.0109400541770077,0.00981588820894421,1425,"JUN/RHOB/PTP4A3/HSPA1A/TPM2/ATF3/PALLD/EGR1/GADD45B/PPP1R12B/IGFBP7/ISYNA1/PDGFRB/MYL6","CELLTYPE"
"AIZARANI_LIVER_C18_NK_NKT_CELLS_5","AIZARANI_LIVER_C18_NK_NKT_CELLS_5",97,0.475268670318051,1.74626961853883,0.000349314476119086,0.012226006664168,0.0109697002149678,2317,"HLA-DMA/ITGAX/HLA-DPB1/HSPA1A/CCDC88A/PTPN6/HLA-DRA/IER3/HSPH1/IER5/S100A11/VIM/SAT1/PABPC4/SLC11A1/HCK/GADD45B/FGR/HSPA6/HLA-DPA1/CST3/CD37/GPR183/HSPB1/FGL2/LILRB3/HSPA1B/RNASE6/CLEC7A/BAG3/TET2/DNAJA1/P2RX7","CELLTYPE"
"GOBP_RIBOSOME_BIOGENESIS","GOBP_RIBOSOME_BIOGENESIS",285,-0.385351633712939,-1.65626986637401,9.97529790230474e-06,0.0153021069821355,0.0146899387003414,3205,"NOP56/RCL1/POP7/RRP36/RPF2/WDR74/RPS13/RPS7/FRG1/RPP30/NPM1/TSR1/DHX29/NOL10/RPS5/DIMT1/XRCC5/PNO1/PAK1IP1/RPL5/DHX30/GTPBP10/NUDT16/PWP1/NOP14/RPF1/GNL2/EXOSC10/DDX54/FASTKD2/PRMT5/RPS4X/RPSA/NLE1/RPUSD1/RPS6/SART1/NOP58/HEATR3/DKC1/RRS1/TCOF1/ERAL1/EIF2A/RAN/SUV39H1/XRN2/RRP1B/GNL3L/EIF1AX/FDXACB1/NOL9/UTP15/WDR12/NOL6/RRN3/CHD7/DROSHA/METTL15/NSUN3/NAF1/NOB1/DDX49/XPO1/RPS14/RRP15/RRP1/RIOK3/KRR1/WDR55/RPL7L1/DDX3X/RPLP0/LTV1/MRTO4/ISG20L2/MYBBP1A/DDX52/WDR43/MPHOSPH10/WDR75/ABT1/GTF3A/DDX18/DDX28/BRIX1/NOA1/URB2/C1QBP/ZNF622/ZNHIT3/NOLC1/RPL26L1/RIOK2/WDR36/METTL16/RPL7/MAK16/METTL18/ISG20/DCAF13/TRMT2B/EIF5/TFB2M/IMP3/RPP38/EXOSC6/NIP7/DIS3/MALSU1","GOBP"
"HALLMARK_PROTEIN_SECRETION","HALLMARK_PROTEIN_SECRETION",85,-0.455239620207448,-1.67934977688596,0.00128051745310977,0.0153662094373173,0.0121312179768294,2406,"M6PR/AP3S1/TPD52/TSG101/SNAP23/MAPK1/ADAM10/SNX2/AP2B1/ARFGAP3/STAM/RAB22A/COPB1/DNM1L/NAPG/TMED10/ARCN1/CLTC/SEC31A/TMED2/ERGIC3/COG2/RPS6KA3/VAMP3/LMAN1/STX12/SGMS1/RAB5A/ABCA1/GALC/SCRN1","HALLMARK"
"ZHENG_CORD_BLOOD_C5_SIMILAR_TO_HSC_C6_PUTATIVE_ALTERED_METABOLIC_STATE","ZHENG_CORD_BLOOD_C5_SIMILAR_TO_HSC_C6_PUTATIVE_ALTERED_METABOLIC_STATE",47,0.578208271418632,1.88929608981645,0.000501847530000443,0.0160377172994788,0.0143897313113118,1515,"JUN/LPAR6/IER2/HLA-DRB1/SPINK2/DUSP1/MAFF/HLA-DRA/ATF3/TMEM107/EIF4A2/HOPX/SKAP1/GADD45B/RNU4ATAC/C12orf57/CD74","CELLTYPE"
"DESCARTES_FETAL_MUSCLE_MYELOID_CELLS","DESCARTES_FETAL_MUSCLE_MYELOID_CELLS",63,0.535831544688872,1.83269356254584,0.000509133882523136,0.0160377172994788,0.0143897313113118,1549,"CIITA/TRPM2/ATP8B4/HLA-DMA/HLA-DPB1/HLA-DRB1/HLA-DRA/NCF4/SPI1/MCOLN2/HLA-DQA1/HCK/FMN1/CYTH4/CFP/HLA-DPA1/CD74/CST3","CELLTYPE"
"MENON_FETAL_KIDNEY_6_COLLECTING_DUCT_CELLS","MENON_FETAL_KIDNEY_6_COLLECTING_DUCT_CELLS",66,0.517824865813652,1.79399430658744,0.00058636230597602,0.0175908691792806,0.0157832861307831,1417,"KLF6/JUN/IER2/S100A10/AHI1/ZFP36L1/S100A11/CLU/CD9/MYO6/SAT1/TSC22D1/EGR1/MGST3/S100A6/RALBP1/MAP4/EMX2OS","CELLTYPE"
"HE_LIM_SUN_FETAL_LUNG_C4_ILCP_CELL","HE_LIM_SUN_FETAL_LUNG_C4_ILCP_CELL",146,-0.398283274887235,-1.57860567180379,0.000620064187822075,0.0177563835603594,0.0159317927684428,1786,"CTSA/ABHD15/CFH/ALDOC/NDRG1/MATN2/NR1D1/S100A13/TTC7A/ELK3/CENPV/PECAM1/NR4A3/NRIP1/LAPTM4B/RUNX2/SCN1B/IL23R/NR1D2/FLNB/NET1/CA2/LST1/GNPNAT1/RORC/REEP3/NOMO2/SH3TC1/GSN/IGFBP4/CIDEB/BCAS1/NINJ1/IL17RE/FSD1/SPRY1/TNFSF13B/AFF3/CCR6/SCRN1/SLC4A10","CELLTYPE"
"AIZARANI_LIVER_C1_NK_NKT_CELLS_1","AIZARANI_LIVER_C1_NK_NKT_CELLS_1",144,-0.403223331086967,-1.59825021612356,0.000717718516936042,0.0196592463334655,0.0176391232766432,2110,"CNOT6L/MAPK1/AKNA/ETS1/EMB/CBLB/TBX21/PDE7A/ARHGDIB/RUNX3/ARL4C/CTSW/GZMK/EOMES/B2M/CD53/RASSF5/PARP8/DUSP2/PRKACB/CD44/CYFIP2/TNFRSF1B/IPCEF1/PRKCQ/PIK3IP1/KLRG1/SEMA4D/SLC38A1/TXNIP/FYN/HLA-C/ISG20/PIP4K2A/PRDM1/CXCR6/ZFP36L2/IKZF1/CXCR4/SLA","CELLTYPE"
"GOBP_ANTIGEN_PROCESSING_AND_PRESENTATION_OF_EXOGENOUS_PEPTIDE_ANTIGEN_VIA_MHC_CLASS_II","GOBP_ANTIGEN_PROCESSING_AND_PRESENTATION_OF_EXOGENOUS_PEPTIDE_ANTIGEN_VIA_MHC_CLASS_II",26,0.729286600631861,2.03568630303088,3.06154333679933e-05,0.0200684510703227,0.0192656028596592,1515,"HLA-DRB5/HLA-DMB/HLA-DMA/HLA-DPB1/HLA-DOB/HLA-DRB1/HLA-DOA/HLA-DRA/HLA-DQA2/HLA-DQA1/HLA-DQB2/HLA-DPA1/CD74","GOBP"
"GOBP_PROTEIN_POLYMERIZATION","GOBP_PROTEIN_POLYMERIZATION",199,0.429562647547135,1.7186832457929,2.44413479499608e-05,0.0200684510703227,0.0192656028596592,2826,"GOLGA2/CCDC66/NDEL1/HSPA1A/PPP2CB/VASP/CKAP5/MYADM/CLIP1/PAK1/CDK5RAP2/ARPC5L/GBA2/AKAP9/HAUS4/CAPG/PYCARD/DIAPH1/MSRB2/MID1IP1/CLIP3/DIAPH2/ABL1/ARL2/EVL/CHMP3/HCK/HIP1R/ARFGEF1/PDE4DIP/TMOD1/SVIL/CHMP4A/GIT1/CDC42EP3/MAP4/ARHGAP18/EML2/TMOD3/RDX/HAUS3/CLASP1/SPTBN5/FER/MKKS/WAS/MICALL2/PCNT/BAIAP2/DYRK1A/HSPA1B/RASA1/KANK1/CHMP4B/CLASP2/TUBGCP5/SSH3/BAG4/DLG1/TUBG2/RANBP9/SPTAN1/KIF21A/TMOD4/DCTN1/TWF2/MECP2/GPX4/TRIOBP/PRKCD/INF2/UBE2S/PIN1/NIN","GOBP"
"GOBP_REGULATION_OF_SUPRAMOLECULAR_FIBER_ORGANIZATION","GOBP_REGULATION_OF_SUPRAMOLECULAR_FIBER_ORGANIZATION",248,0.401230768090242,1.64664892297533,3.27060806230813e-05,0.0200684510703227,0.0192656028596592,2616,"CKAP2/PFDN2/HSPA1A/SPECC1L/PPP2CB/CCDC88A/VASP/ROCK1/CKAP5/MYADM/CLIP1/PAK1/S100A10/CDK5RAP2/ARPC5L/GBA2/AKAP9/HAUS4/LIMA1/CAPG/PYCARD/CLU/SH3BP1/MID1IP1/CLIP3/ABL1/APC/ARL2/EVL/ARFIP1/RHOC/HCK/HIP1R/ARFGEF1/SWAP70/PDE4DIP/INPPL1/CIB1/TMOD1/TRIM27/SVIL/PPFIA1/ANKRD23/BRK1/AMOT/GIT1/CDC42EP3/MAP1S/ARHGAP18/EML2/ALMS1/TMOD3/LIMK1/RDX/HAUS3/CLASP1/TTBK2/FHOD1/SPTBN5/FER/MKKS/WAS/AKAP13/ABI2/DAPK3/BAIAP2/FHOD3/DYRK1A/HSPA1B/RASA1/KANK1/CLASP2/PIK3CA/SSH3/BAG4/HSPA8/DLG1/ARAP1/SPTAN1/ROCK2/ACTG1/TSC1/KIF21A/ARFIP2/TMOD4/DCTN1/CCDC88C/TWF2/MECP2","GOBP"
"GOBP_ACTIN_FILAMENT_BASED_PROCESS","GOBP_ACTIN_FILAMENT_BASED_PROCESS",459,0.349050506198753,1.51712147813218,3.98385442587429e-05,0.0203707756309705,0.019555832778239,2498,"NUAK2/ARHGEF12/MYOM2/RHOB/TRPM2/SPECC1L/CCDC88A/VASP/ROCK1/MYADM/CAPN10/SYNE2/PAK1/LLGL2/S100A10/TPM2/PPP1R9B/ARPC5L/TGFB1/GBA2/AKAP9/CLN3/LIMA1/SRF/CDK10/OBSCN/CAPG/RAP2A/PYCARD/DIAPH1/CXADR/SH3BP1/MSRB2/SCN8A/EHBP1L1/MYO6/CYTH2/BCAS3/DIAPH2/ABL1/RUFY3/PLEC/TAGLN2/TPM4/DVL2/EVL/RHOU/PALLD/PDLIM1/EPB41L2/ARFIP1/ARHGEF19/RHOC/HCK/HIP1R/ARFGEF1/SWAP70/TRIP10/RHOF/INPPL1/TMOD1/FMN1/TRIM27/SVIL/RNF207/PPFIA1/ANKRD23/BRK1/PTPN1/LUZP1/ARAP2/AMOT/CDC42EP3/PDGFRB/TMSB10/ARHGAP18/SPECC1/MYL6/SHC1/ALMS1/TMOD3/LIMK1/RDX/MAD2L2/ILK/MYO18A/CLASP1/SRGAP2/FHOD1/TNIK/SPTBN5/FER/MKKS/TLN1/WAS/AKAP13/MICALL2/FARP2/MICAL3/ABI2/DAPK3/PDLIM2/FHL3/BAIAP2/FHOD3/ZYX/MYO9B/DTNBP1/KPTN/RASA1/CUL3/KANK1/DIXDC1/CLASP2/PIK3CA/LIMD2/SSH3/BAG4/DLG1/NF1/ARAP1/RAC2/SPTAN1/EMP2/ROCK2/SORBS1/GIPC1/ACTG1/TSC1/ELMO3/KCTD13/ARFIP2/TMOD4/SMTN/ACAP2","GOBP"
"TRAVAGLINI_LUNG_BRONCHIAL_VESSEL_1_CELL","TRAVAGLINI_LUNG_BRONCHIAL_VESSEL_1_CELL",171,-0.380761295220726,-1.54899467770535,0.000896197730325576,0.0235251904210464,0.0211078149642471,2439,"RPS4X/RPSA/HNRNPA1/RPS6/ENO1/ARID5B/RPL4/EIF4B/SERBP1/RPL3/ZFAND5/TMEM70/RPL10/RPL15/NDRG1/BZW2/LITAF/RPS14/EIF3F/LAPTM4B/RPLP0/RPL10A/RCAN1/NET1/EIF3E/EEF2/RPL6/PRDX4/PPP3CA/IMPDH2/MTHFD2/ADAMTS1/RPL7/SNRPE/MAT2A/SPRY1/ZFP36L2/GNL3/PFKP/ARID5A/RSL1D1/MYC","CELLTYPE"
"DESCARTES_FETAL_KIDNEY_MYELOID_CELLS","DESCARTES_FETAL_KIDNEY_MYELOID_CELLS",67,0.506255170402122,1.75287516688364,0.00101776914177652,0.0256477823727682,0.0230122959635364,1549,"CIITA/HLA-DRB5/HLA-DMB/ATP8B4/HLA-DPB1/SPI1/IER3/ADRB1/SLAMF8/HCK/HLA-DQB2/LRRC25/CYTH4/SIRPB1/NOD2/CST3","CELLTYPE"
"GOBP_PEPTIDE_ANTIGEN_ASSEMBLY_WITH_MHC_PROTEIN_COMPLEX","GOBP_PEPTIDE_ANTIGEN_ASSEMBLY_WITH_MHC_PROTEIN_COMPLEX",19,0.76513638440809,2.02553610846579,9.27433889643715e-05,0.0311857372396032,0.0299381365526692,1102,"HLA-DRB5/HLA-DMB/HLA-DMA/HLA-DPB1/HLA-DOB/HLA-DRB1/HLA-DOA/HLA-DRA/HLA-DQA2/HLA-DQA1/HLA-DQB2","GOBP"
"GOBP_ANTIGEN_PROCESSING_AND_PRESENTATION_OF_PEPTIDE_OR_POLYSACCHARIDE_ANTIGEN_VIA_MHC_CLASS_II","GOBP_ANTIGEN_PROCESSING_AND_PRESENTATION_OF_PEPTIDE_OR_POLYSACCHARIDE_ANTIGEN_VIA_MHC_CLASS_II",29,0.688410542835278,1.98140024944966,9.22314274285731e-05,0.0311857372396032,0.0299381365526692,1515,"HLA-DRB5/HLA-DMB/HLA-DMA/HLA-DPB1/HLA-DOB/HLA-DRB1/HLA-DOA/HLA-DRA/HLA-DQA2/PYCARD/HLA-DQA1/HLA-DQB2/HLA-DPA1/CD74","GOBP"
"GOBP_REGULATION_OF_MICROTUBULE_POLYMERIZATION_OR_DEPOLYMERIZATION","GOBP_REGULATION_OF_MICROTUBULE_POLYMERIZATION_OR_DEPOLYMERIZATION",73,0.531611168226859,1.82878993020074,0.00010164842646546,0.0311857372396032,0.0299381365526692,1625,"CKAP2/HSPA1A/SPECC1L/PPP2CB/CKAP5/CLIP1/PAK1/CDK5RAP2/GBA2/AKAP9/HAUS4/MID1IP1/CLIP3/ABL1/APC/ARL2/PDE4DIP/CIB1/GIT1/MAP1S/EML2/HAUS3/CLASP1/TTBK2","GOBP"
"GOBP_REGULATION_OF_CELL_PROJECTION_ASSEMBLY","GOBP_REGULATION_OF_CELL_PROJECTION_ASSEMBLY",156,0.443104877905522,1.71620762919714,7.88270009500428e-05,0.0311857372396032,0.0299381365526692,2222,"TRPM2/NDEL1/CCDC88A/TBC1D2B/FMR1/SYNE2/SYNE1/ZMYND10/TBC1D10B/RAB10/CLN3/LIMA1/SRF/CDK10/RAP2A/MIEN1/ZMYND8/AKT1/MARK4/PPP1R35/SDCCAG8/APC/EVL/MPHOSPH9/RAPGEF2/RABEP2/RABGAP1/BRK1/LUZP1/TCHP/CDC42EP3/MAP4/WRAP73/TTBK2/TNIK/FAM98A/FER/CROCC/WAS/HTT/GSK3B/ABI2/RAB11B/WDPCP/TBC1D7/PLEKHM1/TBC1D22A/KANK1/IFT20/PIK3CA/RCC2/ARAP1/RAC2","GOBP"
"GOBP_MICROTUBULE_POLYMERIZATION","GOBP_MICROTUBULE_POLYMERIZATION",84,0.509933934524089,1.79486446311839,0.000130370872311948,0.0336727115525506,0.0323256182405944,2229,"GOLGA2/CCDC66/NDEL1/HSPA1A/PPP2CB/CKAP5/CLIP1/PAK1/CDK5RAP2/GBA2/AKAP9/HAUS4/CLIP3/ABL1/ARL2/PDE4DIP/GIT1/MAP4/EML2/HAUS3/CLASP1/PCNT/DYRK1A/HSPA1B/CLASP2/TUBGCP5/TUBG2/RANBP9","GOBP"
"GOBP_MICROTUBULE_POLYMERIZATION_OR_DEPOLYMERIZATION","GOBP_MICROTUBULE_POLYMERIZATION_OR_DEPOLYMERIZATION",110,0.47939412590205,1.75372008195125,0.000131705521066039,0.0336727115525506,0.0323256182405944,2229,"GOLGA2/CKAP2/CCDC66/NDEL1/HSPA1A/SPECC1L/PPP2CB/CKAP5/CLIP1/PAK1/CDK5RAP2/GBA2/AKAP9/HAUS4/MID1IP1/CLIP3/ABL1/APC/ARL2/PDE4DIP/CIB1/GIT1/MAP1S/MAP4/EML2/HAUS3/CLASP1/TTBK2/PCNT/KIF18A/DYRK1A/HSPA1B/CLASP2/TUBGCP5/TUBG2/RANBP9","GOBP"
"HALLMARK_MITOTIC_SPINDLE","HALLMARK_MITOTIC_SPINDLE",164,0.3791128631108,1.48438468950071,0.00389686414008067,0.0374098957447744,0.0295341282195588,2288,"ARHGEF12/CCDC88A/ROCK1/CKAP5/KIF20B/HOOK3/CENPE/KIF22/CLIP1/CDK5RAP2/DYNLL2/PCM1/MID1IP1/CYTH2/MARK4/SAC3D1/KIF3B/RHOT2/ABL1/ARL8A/APC/KLC1/PALLD/KIF1B/EPB41L2/ARFGEF1/RHOF/KNTC1/CNTRL/RABGAP1/RALBP1/MAP1S/LMNB1/ALMS1/KIF5B/CLASP1/AKAP13/PCNT/KIFAP3/MYO9B/KPTN/RASA1/TUBGCP5/ARHGAP10/DLG1/NF1/RANBP9/PRC1/SPTAN1","HALLMARK"
"CUI_DEVELOPING_HEART_C5_VALVAR_CELL","CUI_DEVELOPING_HEART_C5_VALVAR_CELL",118,0.429512607277875,1.60848365269997,0.00169158388793126,0.0374589710698917,0.0336098036165946,1355,"ITM2A/TCF12/HSPA1A/IER2/TUBB2A/IFRD1/ID3/SNHG12/S100A10/MAFF/AHR/ATF3/IER3/LIMA1/HSPH1/CLU/CD9/DSEL/LGALS1/TSC22D1/SLFN11/RHOU/PPP1R10/EGR1/GADD45B/CDKN1A/AEBP1/LMNA/CTNNAL1/S100A6/ZC3H12A/TRPS1","CELLTYPE"
"AIZARANI_LIVER_C39_EPCAM_POS_BILE_DUCT_CELLS_4","AIZARANI_LIVER_C39_EPCAM_POS_BILE_DUCT_CELLS_4",113,0.432435407988665,1.60649003191325,0.00177744633058146,0.0374589710698917,0.0336098036165946,2014,"NUAK2/KLF6/HSPA1A/MYADM/SYNE2/SLC12A7/MAFF/CTBP2/ATF3/S100A11/FGFR2/MYO6/SAT1/WEE1/TPM4/AHNAK/RRBP1/PDLIM1/ITPKC/SQSTM1/S100A6/CD151/MAP4/RNF19A/KDM6B/VMP1/HSPB1/ANXA5/ZYX/HSPA1B","CELLTYPE"
"FAN_EMBRYONIC_CTX_BRAIN_ENDOTHELIAL_2","FAN_EMBRYONIC_CTX_BRAIN_ENDOTHELIAL_2",135,0.410825768269683,1.56423984851065,0.0017837605271377,0.0374589710698917,0.0336098036165946,2210,"ARHGEF12/PLAGL1/SYNE2/SLC12A7/PELO/TPM2/LIMA1/AK1/PPFIBP2/CD9/CRIP2/VIM/MYO6/TESC/LGALS1/TAGLN2/TPM4/ITGA1/COL18A1/PDLIM1/PCOLCE/RHOC/MAGED2/AEBP1/LMNA/IGFBP7/ISYNA1/CD151/CRIP1/C12orf57/PDGFRB/MPRIP/SH2D3C/PKIG/TMEM204/ILK/GGT1/GOLIM4/PDLIM2/ZYX/EPAS1/SERPINH1/HCFC1R1/ARHGAP10/ANXA2","CELLTYPE"
"AIZARANI_LIVER_C2_KUPFFER_CELLS_1","AIZARANI_LIVER_C2_KUPFFER_CELLS_1",147,0.396469461838954,1.53132137226815,0.00163899578778832,0.0374589710698917,0.0336098036165946,2054,"CIITA/HLA-DRB5/HLA-DMB/HLA-DMA/ITGAX/HLA-DPB1/CCDC88A/ROCK1/HLA-DRB1/HLA-DOA/HLA-DRA/AHR/IER3/IER5/S100A11/VIM/LGALS1/SAT1/PABPC4/HLA-DQA1/HCK/PLEKHO1/LRRC25/TMSB10/FGR/HSPA6/HLA-DPA1/CST3/CD37/GPR183/SYK/DPYSL2/FGL2/LILRB3/RNASE6/CLEC7A","CELLTYPE"
"HAY_BONE_MARROW_NAIVE_T_CELL","HAY_BONE_MARROW_NAIVE_T_CELL",328,-0.31780360609723,-1.39661945267085,0.00155927244447244,0.0374589710698917,0.0336098036165946,2494,"EIF3H/PBX4/TNFRSF4/RPS4X/TCF7/RPSA/BEX5/BTG1/CMPK1/RPS6/IL16/ARID5B/OXNAD1/KLF2/ANAPC16/KRT1/RPL36AL/RPL4/TCEA3/EIF4B/PPP1R2/CNOT6L/MOAP1/ORMDL3/NDFIP1/RPL3/ETS1/ICAM3/EPHX2/PDE3B/ANKRD44/LDHB/RPL10/RPL36A/ABLIM1/LTB/NBEAL1/LEPROTL1/GPR171/SRSF8/CYLD/ZC3HAV1/RPS14/TNFRSF25/RPL17/MGAT4A/TOB1/PLEKHB1/RPL10A/CREM/WNT7A/RNF125/MDS2/DUSP16/DGKA/EIF3E/MPZL3/TMC6/NIPAL3/AQP3/TNRC6B/RPL6/TNFAIP3/IL7R/PIK3IP1/CCR7/TNFAIP8/BCL2/CD5/SERINC5/SLC38A1/MTFP1/CD28/RPL7/TTC39C/CDC42SE2/SPOCK2/RNF157/DPP4/FOXP1/TTC19/CD40LG/ISG20/SATB1/ZNF101/ITK/IL23A/ZFP36L2/ARID5A/FAM107B/CCR6/MORC2-AS1","CELLTYPE"
"GOBP_REGULATION_OF_CYTOSKELETON_ORGANIZATION","GOBP_REGULATION_OF_CYTOSKELETON_ORGANIZATION",360,0.3552132979618,1.50976360057077,0.000160136488326669,0.0377922112450939,0.0362803153310137,2616,"TRPM2/CKAP2/PFDN2/HSPA1A/SPECC1L/PPP2CB/CCDC88A/VASP/ROCK1/CKAP5/MYADM/CAPN10/CLIP1/PAK1/S100A10/CDK5RAP2/ARPC5L/TGFB1/GBA2/AKAP9/HAUS4/CLN3/LIMA1/CDK10/CAPG/PYCARD/DIAPH1/MYCBP2/SH3BP1/MID1IP1/TPR/BCAS3/CLIP3/ABL1/PPP1R35/DVL2/APC/ARL2/EVL/ARFIP1/ARHGEF19/RHOC/CHMP3/HCK/HIP1R/ARFGEF1/SWAP70/PDE4DIP/RHOF/INPPL1/CIB1/TMOD1/TRIM27/SVIL/CHMP1A/PPFIA1/HNRNPU/ANKRD23/BRK1/CHMP4A/ARAP2/AMOT/GIT1/CDC42EP3/MAP1S/PDGFRB/ARHGAP18/EML2/ALMS1/TMOD3/LIMK1/RDX/HAUS3/CLASP1/TTBK2/FHOD1/SPTBN5/FER/MKKS/MARK2/WAS/AKAP13/GSK3B/ABI2/CHMP5/DAPK3/BAIAP2/FHOD3/KIF18A/DYRK1A/HSPA1B/RASA1/KANK1/DIXDC1/CHMP4B/CLASP2/PIK3CA/SSH3/BAG4/DLG1/ARAP1/RAC2/SPTAN1/P2RX7/ROCK2/ACTG1/TSC1/KIF21A/DYNC1H1/ARFIP2/TMOD4/DCTN1/PLXNA3/CCDC88C/MAP9/CHMP7/TWF2/MECP2","GOBP"
"CUI_DEVELOPING_HEART_C9_B_T_CELL","CUI_DEVELOPING_HEART_C9_B_T_CELL",142,-0.38913256618852,-1.54155960452929,0.00194634135140075,0.0395546790768539,0.0354901631817386,1812,"LTB/GNG2/IRF1/LEPROTL1/ARHGDIB/LITAF/RUNX3/ARL4C/CTSW/SELL/CD53/DUSP2/CD44/TMIGD2/TNFAIP3/IL7R/PIK3IP1/SRGN/TXNIP/CDC42SE2/SPOCK2/HLA-C/ISG20/SATB1/PIP4K2A/ITK/ZFP36L2/TXK/CXCR4/FAM107B/GPR65/KLRB1","CELLTYPE"
"GOBP_INTRACELLULAR_PROTEIN_TRANSMEMBRANE_TRANSPORT","GOBP_INTRACELLULAR_PROTEIN_TRANSMEMBRANE_TRANSPORT",30,-0.65597878376599,-2.01929063668118,0.000180913771799416,0.0396459608486148,0.0380599047740425,1482,"PEX10/SSR3/SSR1/SRP54/SEC61G/PEX5/SEC61A1/PEX14/BCR/TRAM1/PEX2","GOBP"
"AIZARANI_LIVER_C33_STELLATE_CELLS_2","AIZARANI_LIVER_C33_STELLATE_CELLS_2",61,0.515025482282169,1.74693457819134,0.00204926026139349,0.0403448113961844,0.0361991039594837,1225,"PELO/ID3/TPM2/BAZ1B/CAMK2N1/VIM/PCM1/LGALS1/PHLDA1/TPM4/TSC22D1/ITGA1/PALLD/EPB41L2/MXRA7/MEF2D/LUC7L3/PPP1R12B/IGFBP7/ISYNA1","CELLTYPE"
"BUSSLINGER_ESOPHAGEAL_DENDRITIC_CELLS","BUSSLINGER_ESOPHAGEAL_DENDRITIC_CELLS",183,0.381373127547258,1.50906982902533,0.00216312815177772,0.0412960828975746,0.0370526257577236,2284,"HLA-DRB5/HLA-DMB/HLA-DMA/ITGAX/HLA-DPB1/HSPA1A/CCDC88A/VASP/SKIL/MYADM/HLA-DRB1/SLC12A7/PAK1/HLA-DOA/MAFF/HLA-DRA/SPI1/IER5/JUND/EHBP1L1/VIM/LGALS1/PDE4A/TMEM14C/HLA-DQA1/HCK/HLA-DQB2/CNTRL/LMNA/CFP/PTPRC/CRIP1/TMSB10/ADAM8/KDM6B/HLA-DPA1/CD74/CST3/CD37/GPR183/HLA-DRB6/HLA-B/ANXA5/DPYSL2/FGL2/BAIAP2/ZYX/FXYD5/PNRC1/SERPINB9/INPP5D/GNAI2/MOB3A","CELLTYPE"
"GOBP_RIBONUCLEOPROTEIN_COMPLEX_BIOGENESIS","GOBP_RIBONUCLEOPROTEIN_COMPLEX_BIOGENESIS",424,-0.320804709595057,-1.44210957233975,0.000205172015953748,0.0419645163297399,0.040285705307971,2669,"GTPBP10/NUDT16/PWP1/PRPF18/NOP14/RPF1/GNL2/EXOSC10/DDX54/EIF3H/FASTKD2/PRMT5/RPS4X/RPSA/NLE1/RPUSD1/RPS6/SART1/NOP58/PRPF8/HEATR3/DKC1/RRS1/TCOF1/ERAL1/EIF2A/RAN/SUV39H1/SF3B3/XRN2/RRP1B/GNL3L/EIF1AX/FDXACB1/SRSF6/DDX1/NOL9/SNRPA1/UTP15/WDR12/NOL6/RRN3/CHD7/DROSHA/CRNKL1/METTL15/NSUN3/NAF1/PRPF39/NOB1/EIF3L/DDX49/XPO1/RPS14/RRP15/EIF3F/RRP1/USP4/PRPF3/RIOK3/KRR1/WDR55/RPL7L1/DDX3X/RPLP0/LTV1/RUVBL1/SLU7/LSM3/EFTUD2/MRTO4/ISG20L2/XAB2/MYBBP1A/EIF3E/DDX52/WDR43/CLP1/MPHOSPH10/SNRPF/WDR75/SNRPG/TGS1/ABT1/GTF3A/SNRPB2/DDX18/DDX28/BRIX1/NOA1/DHX9/EIF3M/ISY1/URB2/C1QBP/ZNF622/ZNHIT3/NOLC1/SYNCRIP/RPL26L1/RIOK2/WDR36/LSM5/METTL16/RPL7/MAK16/SNRPE/METTL18/ISG20/DCAF13/TRMT2B/EIF5/TFB2M/IMP3/RPP38/EXOSC6/NIP7/DIS3/MALSU1","GOBP"
"GOBP_CELL_PROJECTION_ASSEMBLY","GOBP_CELL_PROJECTION_ASSEMBLY",384,0.346283630947083,1.48380396427957,0.00022479656146356,0.0431047406606376,0.0413803144062527,2321,"TRPM2/CCDC66/NDEL1/CCDC88A/VASP/ROCK1/TBC1D2B/FMR1/RPGR/SYNE2/TMEM80/EMP3/SYNE1/CEP164/ZMYND10/TTC21B/TBC1D10B/RAB10/PPP1R9B/NOTCH1/CLN3/LIMA1/SRF/AHI1/CDK10/CAPG/RAP2A/MIEN1/SH3BP1/ZMYND8/PCM1/TMEM107/AKT1/DYNC2H1/MARK4/SCLT1/CEP290/KIF3B/DYNLL1/ABL1/ATP6V1D/PPP1R35/SDCCAG8/FBF1/APC/EVL/FAM149B1/MPHOSPH9/BBS5/RILPL1/DNAAF2/KIF27/RAPGEF2/INPPL1/ARL13B/RABEP2/CEP78/RABGAP1/BRK1/LUZP1/SPAG16/TCHP/CDC42EP3/MAP4/CEP350/WRAP73/DNHD1/IFT43/SH2B1/RDX/B9D2/CDC14B/SRGAP2/TTBK2/TNIK/FAM98A/FER/KIF3A/MKKS/CROCC/WAS/OFD1/HTT/GSK3B/ABI2/RAB11B/WDPCP/CCDC39/TBC1D7/PCNT/BAIAP2/CCDC159/PLEKHM1/BBS2/DTNBP1/CEP128/ASAP1/FXYD5/TBC1D22A/KANK1/IFT20/RSPH9/PIK3CA/RCC2/BAG4/ARAP1/RAC2/PTPN23/IFT74/EMP2/CCDC28B/TMEM237/P2RX7/CEP89","GOBP"
